scenario,month,business_unit,category,line,value
ly_actual,1,italy,beverages,revenue,3216482.79
ly_actual,1,italy,beverages,cogs_materials,1156647.21
ly_actual,1,italy,beverages,cogs_production,447734.4
ly_actual,1,italy,beverages,cogs_logistics,261178.4
ly_actual,1,italy,beverages,opex_marketing,347540.52
ly_actual,1,italy,beverages,opex_sales,289483.45
ly_actual,1,italy,beverages,opex_gna,189506.97
ly_actual,1,italy,beverages,opex_rnd,56852.09
ly_actual,1,italy,beverages,d_and_a,127552.77
ly_actual,1,italy,snacks,revenue,2486913.46
ly_actual,1,italy,snacks,cogs_materials,848037.49
ly_actual,1,italy,snacks,cogs_production,328272.58
ly_actual,1,italy,snacks,cogs_logistics,191492.34
ly_actual,1,italy,snacks,opex_marketing,274635.91
ly_actual,1,italy,snacks,opex_sales,223822.21
ly_actual,1,italy,snacks,opex_gna,138822.05
ly_actual,1,italy,snacks,opex_rnd,41646.62
ly_actual,1,italy,snacks,d_and_a,93437.92
ly_actual,1,italy,dairy,revenue,2668818.81
ly_actual,1,italy,dairy,cogs_materials,1125174.01
ly_actual,1,italy,dairy,cogs_production,435551.23
ly_actual,1,italy,dairy,cogs_logistics,254071.55
ly_actual,1,italy,dairy,opex_marketing,281136.34
ly_actual,1,italy,dairy,opex_sales,240193.69
ly_actual,1,italy,dairy,opex_gna,132420.25
ly_actual,1,italy,dairy,opex_rnd,39726.08
ly_actual,1,italy,dairy,d_and_a,89129.01
ly_actual,1,italy,home_care,revenue,1535663.57
ly_actual,1,italy,home_care,cogs_materials,571266.85
ly_actual,1,italy,home_care,cogs_production,221135.55
ly_actual,1,italy,home_care,cogs_logistics,128995.74
ly_actual,1,italy,home_care,opex_marketing,169649.62
ly_actual,1,italy,home_care,opex_sales,138209.72
ly_actual,1,italy,home_care,opex_gna,80785.53
ly_actual,1,italy,home_care,opex_rnd,24235.66
ly_actual,1,italy,home_care,d_and_a,54374.88
ly_actual,1,italy,personal_care,revenue,1252602.85
ly_actual,1,italy,personal_care,cogs_materials,372774.61
ly_actual,1,italy,personal_care,cogs_production,144299.85
ly_actual,1,italy,personal_care,cogs_logistics,84174.91
ly_actual,1,italy,personal_care,opex_marketing,135567.46
ly_actual,1,italy,personal_care,opex_sales,112734.26
ly_actual,1,italy,personal_care,opex_gna,69329.43
ly_actual,1,italy,personal_care,opex_rnd,20798.83
ly_actual,1,italy,personal_care,d_and_a,46664.04
ly_actual,1,iberia,beverages,revenue,2181165.61
ly_actual,1,iberia,beverages,cogs_materials,784347.15
ly_actual,1,iberia,beverages,cogs_production,303618.25
ly_actual,1,iberia,beverages,cogs_logistics,177110.65
ly_actual,1,iberia,beverages,opex_marketing,247977.09
ly_actual,1,iberia,beverages,opex_sales,196304.91
ly_actual,1,iberia,beverages,opex_gna,135217.0
ly_actual,1,iberia,beverages,opex_rnd,40565.1
ly_actual,1,iberia,beverages,d_and_a,91011.44
ly_actual,1,iberia,snacks,revenue,1593701.15
ly_actual,1,iberia,snacks,cogs_materials,543452.09
ly_actual,1,iberia,snacks,cogs_production,210368.55
ly_actual,1,iberia,snacks,cogs_logistics,122714.99
ly_actual,1,iberia,snacks,opex_marketing,188882.4
ly_actual,1,iberia,snacks,opex_sales,143433.1
ly_actual,1,iberia,snacks,opex_gna,95475.65
ly_actual,1,iberia,snacks,opex_rnd,28642.69
ly_actual,1,iberia,snacks,d_and_a,64262.46
ly_actual,1,iberia,dairy,revenue,1681326.1
ly_actual,1,iberia,dairy,cogs_materials,708847.09
ly_actual,1,iberia,dairy,cogs_production,274392.42
ly_actual,1,iberia,dairy,cogs_logistics,160062.25
ly_actual,1,iberia,dairy,opex_marketing,170064.73
ly_actual,1,iberia,dairy,opex_sales,151319.35
ly_actual,1,iberia,dairy,opex_gna,80103.53
ly_actual,1,iberia,dairy,opex_rnd,24031.06
ly_actual,1,iberia,dairy,d_and_a,53915.84
ly_actual,1,iberia,home_care,revenue,1227063.06
ly_actual,1,iberia,home_care,cogs_materials,456467.46
ly_actual,1,iberia,home_care,cogs_production,176697.08
ly_actual,1,iberia,home_care,cogs_logistics,103073.3
ly_actual,1,iberia,home_care,opex_marketing,134059.01
ly_actual,1,iberia,home_care,opex_sales,110435.68
ly_actual,1,iberia,home_care,opex_gna,63837.62
ly_actual,1,iberia,home_care,opex_rnd,19151.29
ly_actual,1,iberia,home_care,d_and_a,42967.63
ly_actual,1,iberia,personal_care,revenue,807554.79
ly_actual,1,iberia,personal_care,cogs_materials,240328.3
ly_actual,1,iberia,personal_care,cogs_production,93030.31
ly_actual,1,iberia,personal_care,cogs_logistics,54267.68
ly_actual,1,iberia,personal_care,opex_marketing,81715.89
ly_actual,1,iberia,personal_care,opex_sales,72679.93
ly_actual,1,iberia,personal_care,opex_gna,41789.65
ly_actual,1,iberia,personal_care,opex_rnd,12536.89
ly_actual,1,iberia,personal_care,d_and_a,28127.65
ly_actual,1,dach,beverages,revenue,2359463.76
ly_actual,1,dach,beverages,cogs_materials,848463.17
ly_actual,1,dach,beverages,cogs_production,328437.36
ly_actual,1,dach,beverages,cogs_logistics,191588.46
ly_actual,1,dach,beverages,opex_marketing,264119.73
ly_actual,1,dach,beverages,opex_sales,212351.74
ly_actual,1,dach,beverages,opex_gna,144019.26
ly_actual,1,dach,beverages,opex_rnd,43205.78
ly_actual,1,dach,beverages,d_and_a,96936.04
ly_actual,1,dach,snacks,revenue,2225394.23
ly_actual,1,dach,snacks,cogs_materials,758859.43
ly_actual,1,dach,snacks,cogs_production,293752.04
ly_actual,1,dach,snacks,cogs_logistics,171355.36
ly_actual,1,dach,snacks,opex_marketing,241524.16
ly_actual,1,dach,snacks,opex_sales,200285.48
ly_actual,1,dach,snacks,opex_gna,122084.83
ly_actual,1,dach,snacks,opex_rnd,36625.45
ly_actual,1,dach,snacks,d_and_a,82172.48
ly_actual,1,dach,dairy,revenue,1710515.37
ly_actual,1,dach,dairy,cogs_materials,721153.28
ly_actual,1,dach,dairy,cogs_production,279156.11
ly_actual,1,dach,dairy,cogs_logistics,162841.06
ly_actual,1,dach,dairy,opex_marketing,181395.62
ly_actual,1,dach,dairy,opex_sales,153946.38
ly_actual,1,dach,dairy,opex_gna,85440.58
ly_actual,1,dach,dairy,opex_rnd,25632.17
ly_actual,1,dach,dairy,d_and_a,57508.08
ly_actual,1,dach,home_care,revenue,1951616.48
ly_actual,1,dach,home_care,cogs_materials,726001.33
ly_actual,1,dach,home_care,cogs_production,281032.77
ly_actual,1,dach,home_care,cogs_logistics,163935.78
ly_actual,1,dach,home_care,opex_marketing,212848.29
ly_actual,1,dach,home_care,opex_sales,175645.48
ly_actual,1,dach,home_care,opex_gna,101356.33
ly_actual,1,dach,home_care,opex_rnd,30406.9
ly_actual,1,dach,home_care,d_and_a,68220.61
ly_actual,1,dach,personal_care,revenue,1278943.15
ly_actual,1,dach,personal_care,cogs_materials,380613.48
ly_actual,1,dach,personal_care,cogs_production,147334.25
ly_actual,1,dach,personal_care,cogs_logistics,85944.98
ly_actual,1,dach,personal_care,opex_marketing,136426.1
ly_actual,1,dach,personal_care,opex_sales,115104.88
ly_actual,1,dach,personal_care,opex_gna,69768.55
ly_actual,1,dach,personal_care,opex_rnd,20930.56
ly_actual,1,dach,personal_care,d_and_a,46959.6
ly_actual,1,nordics,beverages,revenue,1151177.17
ly_actual,1,nordics,beverages,cogs_materials,413963.31
ly_actual,1,nordics,beverages,cogs_production,160243.86
ly_actual,1,nordics,beverages,cogs_logistics,93475.59
ly_actual,1,nordics,beverages,opex_marketing,133897.78
ly_actual,1,nordics,beverages,opex_sales,103605.95
ly_actual,1,nordics,beverages,opex_gna,73011.81
ly_actual,1,nordics,beverages,opex_rnd,21903.54
ly_actual,1,nordics,beverages,d_and_a,49142.56
ly_actual,1,nordics,snacks,revenue,1621272.58
ly_actual,1,nordics,snacks,cogs_materials,552853.95
ly_actual,1,nordics,snacks,cogs_production,214007.98
ly_actual,1,nordics,snacks,cogs_logistics,124837.99
ly_actual,1,nordics,snacks,opex_marketing,182132.72
ly_actual,1,nordics,snacks,opex_sales,145914.53
ly_actual,1,nordics,snacks,opex_gna,92063.84
ly_actual,1,nordics,snacks,opex_rnd,27619.15
ly_actual,1,nordics,snacks,d_and_a,61966.05
ly_actual,1,nordics,dairy,revenue,1409639.88
ly_actual,1,nordics,dairy,cogs_materials,594304.17
ly_actual,1,nordics,dairy,cogs_production,230053.23
ly_actual,1,nordics,dairy,cogs_logistics,134197.72
ly_actual,1,nordics,dairy,opex_marketing,150121.96
ly_actual,1,nordics,dairy,opex_sales,126867.59
ly_actual,1,nordics,dairy,opex_gna,70710.13
ly_actual,1,nordics,dairy,opex_rnd,21213.04
ly_actual,1,nordics,dairy,d_and_a,47593.36
ly_actual,1,nordics,home_care,revenue,985362.37
ly_actual,1,nordics,home_care,cogs_materials,366554.8
ly_actual,1,nordics,home_care,cogs_production,141892.18
ly_actual,1,nordics,home_care,cogs_logistics,82770.44
ly_actual,1,nordics,home_care,opex_marketing,110520.66
ly_actual,1,nordics,home_care,opex_sales,88682.61
ly_actual,1,nordics,home_care,opex_gna,52628.89
ly_actual,1,nordics,home_care,opex_rnd,15788.67
ly_actual,1,nordics,home_care,d_and_a,35423.29
ly_actual,1,nordics,personal_care,revenue,709189.46
ly_actual,1,nordics,personal_care,cogs_materials,211054.78
ly_actual,1,nordics,personal_care,cogs_production,81698.63
ly_actual,1,nordics,personal_care,cogs_logistics,47657.53
ly_actual,1,nordics,personal_care,opex_marketing,77432.32
ly_actual,1,nordics,personal_care,opex_sales,63827.05
ly_actual,1,nordics,personal_care,opex_gna,39599.02
ly_actual,1,nordics,personal_care,opex_rnd,11879.71
ly_actual,1,nordics,personal_care,d_and_a,26653.19
ly_actual,2,italy,beverages,revenue,3081749.34
ly_actual,2,italy,beverages,cogs_materials,1108197.06
ly_actual,2,italy,beverages,cogs_production,428979.51
ly_actual,2,italy,beverages,cogs_logistics,250238.05
ly_actual,2,italy,beverages,opex_marketing,371084.86
ly_actual,2,italy,beverages,opex_sales,277357.44
ly_actual,2,italy,beverages,opex_gna,189506.97
ly_actual,2,italy,beverages,opex_rnd,56852.09
ly_actual,2,italy,beverages,d_and_a,127552.77
ly_actual,2,italy,snacks,revenue,2492752.13
ly_actual,2,italy,snacks,cogs_materials,850028.48
ly_actual,2,italy,snacks,cogs_production,329043.28
ly_actual,2,italy,snacks,cogs_logistics,191941.91
ly_actual,2,italy,snacks,opex_marketing,281506.58
ly_actual,2,italy,snacks,opex_sales,224347.69
ly_actual,2,italy,snacks,opex_gna,138822.05
ly_actual,2,italy,snacks,opex_rnd,41646.62
ly_actual,2,italy,snacks,d_and_a,93437.92
ly_actual,2,italy,dairy,revenue,2680371.82
ly_actual,2,italy,dairy,cogs_materials,1130044.76
ly_actual,2,italy,dairy,cogs_production,437436.68
ly_actual,2,italy,dairy,cogs_logistics,255171.4
ly_actual,2,italy,dairy,opex_marketing,277804.91
ly_actual,2,italy,dairy,opex_sales,241233.46
ly_actual,2,italy,dairy,opex_gna,132420.25
ly_actual,2,italy,dairy,opex_rnd,39726.08
ly_actual,2,italy,dairy,d_and_a,89129.01
ly_actual,2,italy,home_care,revenue,1618528.76
ly_actual,2,italy,home_care,cogs_materials,602092.7
ly_actual,2,italy,home_care,cogs_production,233068.14
ly_actual,2,italy,home_care,cogs_logistics,135956.42
ly_actual,2,italy,home_care,opex_marketing,177792.8
ly_actual,2,italy,home_care,opex_sales,145667.59
ly_actual,2,italy,home_care,opex_gna,80785.53
ly_actual,2,italy,home_care,opex_rnd,24235.66
ly_actual,2,italy,home_care,d_and_a,54374.88
ly_actual,2,italy,personal_care,revenue,1248336.78
ly_actual,2,italy,personal_care,cogs_materials,371505.03
ly_actual,2,italy,personal_care,cogs_production,143808.4
ly_actual,2,italy,personal_care,cogs_logistics,83888.23
ly_actual,2,italy,personal_care,opex_marketing,140722.84
ly_actual,2,italy,personal_care,opex_sales,112350.31
ly_actual,2,italy,personal_care,opex_gna,69329.43
ly_actual,2,italy,personal_care,opex_rnd,20798.83
ly_actual,2,italy,personal_care,d_and_a,46664.04
ly_actual,2,iberia,beverages,revenue,2129178.91
ly_actual,2,iberia,beverages,cogs_materials,765652.74
ly_actual,2,iberia,beverages,cogs_production,296381.7
ly_actual,2,iberia,beverages,cogs_logistics,172889.33
ly_actual,2,iberia,beverages,opex_marketing,264776.44
ly_actual,2,iberia,beverages,opex_sales,191626.1
ly_actual,2,iberia,beverages,opex_gna,135217.0
ly_actual,2,iberia,beverages,opex_rnd,40565.1
ly_actual,2,iberia,beverages,d_and_a,91011.44
ly_actual,2,iberia,snacks,revenue,1812191.61
ly_actual,2,iberia,snacks,cogs_materials,617957.34
ly_actual,2,iberia,snacks,cogs_production,239209.29
ly_actual,2,iberia,snacks,cogs_logistics,139538.75
ly_actual,2,iberia,snacks,opex_marketing,193607.74
ly_actual,2,iberia,snacks,opex_sales,163097.24
ly_actual,2,iberia,snacks,opex_gna,95475.65
ly_actual,2,iberia,snacks,opex_rnd,28642.69
ly_actual,2,iberia,snacks,d_and_a,64262.46
ly_actual,2,iberia,dairy,revenue,1610011.49
ly_actual,2,iberia,dairy,cogs_materials,678780.84
ly_actual,2,iberia,dairy,cogs_production,262753.87
ly_actual,2,iberia,dairy,cogs_logistics,153273.09
ly_actual,2,iberia,dairy,opex_marketing,168049.48
ly_actual,2,iberia,dairy,opex_sales,144901.03
ly_actual,2,iberia,dairy,opex_gna,80103.53
ly_actual,2,iberia,dairy,opex_rnd,24031.06
ly_actual,2,iberia,dairy,d_and_a,53915.84
ly_actual,2,iberia,home_care,revenue,1251475.52
ly_actual,2,iberia,home_care,cogs_materials,465548.89
ly_actual,2,iberia,home_care,cogs_production,180212.48
ly_actual,2,iberia,home_care,cogs_logistics,105123.94
ly_actual,2,iberia,home_care,opex_marketing,140493.84
ly_actual,2,iberia,home_care,opex_sales,112632.8
ly_actual,2,iberia,home_care,opex_gna,63837.62
ly_actual,2,iberia,home_care,opex_rnd,19151.29
ly_actual,2,iberia,home_care,d_and_a,42967.63
ly_actual,2,iberia,personal_care,revenue,683358.84
ly_actual,2,iberia,personal_care,cogs_materials,203367.59
ly_actual,2,iberia,personal_care,cogs_production,78722.94
ly_actual,2,iberia,personal_care,cogs_logistics,45921.71
ly_actual,2,iberia,personal_care,opex_marketing,84823.39
ly_actual,2,iberia,personal_care,opex_sales,61502.3
ly_actual,2,iberia,personal_care,opex_gna,41789.65
ly_actual,2,iberia,personal_care,opex_rnd,12536.89
ly_actual,2,iberia,personal_care,d_and_a,28127.65
ly_actual,2,dach,beverages,revenue,2344737.18
ly_actual,2,dach,beverages,cogs_materials,843167.49
ly_actual,2,dach,beverages,cogs_production,326387.42
ly_actual,2,dach,beverages,cogs_logistics,190392.66
ly_actual,2,dach,beverages,opex_marketing,282012.67
ly_actual,2,dach,beverages,opex_sales,211026.35
ly_actual,2,dach,beverages,opex_gna,144019.26
ly_actual,2,dach,beverages,opex_rnd,43205.78
ly_actual,2,dach,beverages,d_and_a,96936.04
ly_actual,2,dach,snacks,revenue,2167546.53
ly_actual,2,dach,snacks,cogs_materials,739133.37
ly_actual,2,dach,snacks,cogs_production,286116.14
ly_actual,2,dach,snacks,cogs_logistics,166901.08
ly_actual,2,dach,snacks,opex_marketing,247566.46
ly_actual,2,dach,snacks,opex_sales,195079.19
ly_actual,2,dach,snacks,opex_gna,122084.83
ly_actual,2,dach,snacks,opex_rnd,36625.45
ly_actual,2,dach,snacks,d_and_a,82172.48
ly_actual,2,dach,dairy,revenue,1804802.91
ly_actual,2,dach,dairy,cogs_materials,760904.91
ly_actual,2,dach,dairy,cogs_production,294543.83
ly_actual,2,dach,dairy,cogs_logistics,171817.24
ly_actual,2,dach,dairy,opex_marketing,179246.1
ly_actual,2,dach,dairy,opex_sales,162432.26
ly_actual,2,dach,dairy,opex_gna,85440.58
ly_actual,2,dach,dairy,opex_rnd,25632.17
ly_actual,2,dach,dairy,d_and_a,57508.08
ly_actual,2,dach,home_care,revenue,1973648.31
ly_actual,2,dach,home_care,cogs_materials,734197.17
ly_actual,2,dach,home_care,cogs_production,284205.36
ly_actual,2,dach,home_care,cogs_logistics,165786.46
ly_actual,2,dach,home_care,opex_marketing,223065.01
ly_actual,2,dach,home_care,opex_sales,177628.35
ly_actual,2,dach,home_care,opex_gna,101356.33
ly_actual,2,dach,home_care,opex_rnd,30406.9
ly_actual,2,dach,home_care,d_and_a,68220.61
ly_actual,2,dach,personal_care,revenue,1303640.91
ly_actual,2,dach,personal_care,cogs_materials,387963.54
ly_actual,2,dach,personal_care,cogs_production,150179.43
ly_actual,2,dach,personal_care,cogs_logistics,87604.67
ly_actual,2,dach,personal_care,opex_marketing,141614.14
ly_actual,2,dach,personal_care,opex_sales,117327.68
ly_actual,2,dach,personal_care,opex_gna,69768.55
ly_actual,2,dach,personal_care,opex_rnd,20930.56
ly_actual,2,dach,personal_care,d_and_a,46959.6
ly_actual,2,nordics,beverages,revenue,1120898.77
ly_actual,2,nordics,beverages,cogs_materials,403075.2
ly_actual,2,nordics,beverages,cogs_production,156029.11
ly_actual,2,nordics,beverages,cogs_logistics,91016.98
ly_actual,2,nordics,beverages,opex_marketing,142968.76
ly_actual,2,nordics,beverages,opex_sales,100880.89
ly_actual,2,nordics,beverages,opex_gna,73011.81
ly_actual,2,nordics,beverages,opex_rnd,21903.54
ly_actual,2,nordics,beverages,d_and_a,49142.56
ly_actual,2,nordics,snacks,revenue,1626381.25
ly_actual,2,nordics,snacks,cogs_materials,554596.01
ly_actual,2,nordics,snacks,cogs_production,214682.33
ly_actual,2,nordics,snacks,cogs_logistics,125231.36
ly_actual,2,nordics,snacks,opex_marketing,186689.2
ly_actual,2,nordics,snacks,opex_sales,146374.31
ly_actual,2,nordics,snacks,opex_gna,92063.84
ly_actual,2,nordics,snacks,opex_rnd,27619.15
ly_actual,2,nordics,snacks,d_and_a,61966.05
ly_actual,2,nordics,dairy,revenue,1420425.6
ly_actual,2,nordics,dairy,cogs_materials,598851.43
ly_actual,2,nordics,dairy,cogs_production,231813.46
ly_actual,2,nordics,dairy,cogs_logistics,135224.52
ly_actual,2,nordics,dairy,opex_marketing,148343.03
ly_actual,2,nordics,dairy,opex_sales,127838.3
ly_actual,2,nordics,dairy,opex_gna,70710.13
ly_actual,2,nordics,dairy,opex_rnd,21213.04
ly_actual,2,nordics,dairy,d_and_a,47593.36
ly_actual,2,nordics,home_care,revenue,1067859.01
ly_actual,2,nordics,home_care,cogs_materials,397243.55
ly_actual,2,nordics,home_care,cogs_production,153771.7
ly_actual,2,nordics,home_care,cogs_logistics,89700.16
ly_actual,2,nordics,home_care,opex_marketing,115825.66
ly_actual,2,nordics,home_care,opex_sales,96107.31
ly_actual,2,nordics,home_care,opex_gna,52628.89
ly_actual,2,nordics,home_care,opex_rnd,15788.67
ly_actual,2,nordics,home_care,d_and_a,35423.29
ly_actual,2,nordics,personal_care,revenue,696766.39
ly_actual,2,nordics,personal_care,cogs_materials,207357.68
ly_actual,2,nordics,personal_care,cogs_production,80267.49
ly_actual,2,nordics,personal_care,cogs_logistics,46822.7
ly_actual,2,nordics,personal_care,opex_marketing,80376.93
ly_actual,2,nordics,personal_care,opex_sales,62708.97
ly_actual,2,nordics,personal_care,opex_gna,39599.02
ly_actual,2,nordics,personal_care,opex_rnd,11879.71
ly_actual,2,nordics,personal_care,d_and_a,26653.19
ly_actual,3,italy,beverages,revenue,3534334.79
ly_actual,3,italy,beverages,cogs_materials,1270946.79
ly_actual,3,italy,beverages,cogs_production,491979.4
ly_actual,3,italy,beverages,cogs_logistics,286987.99
ly_actual,3,italy,beverages,opex_marketing,389920.32
ly_actual,3,italy,beverages,opex_sales,318090.13
ly_actual,3,italy,beverages,opex_gna,189506.97
ly_actual,3,italy,beverages,opex_rnd,56852.09
ly_actual,3,italy,beverages,d_and_a,127552.77
ly_actual,3,italy,snacks,revenue,2624292.47
ly_actual,3,italy,snacks,cogs_materials,894883.73
ly_actual,3,italy,snacks,cogs_production,346406.61
ly_actual,3,italy,snacks,cogs_logistics,202070.52
ly_actual,3,italy,snacks,opex_marketing,284941.92
ly_actual,3,italy,snacks,opex_sales,236186.32
ly_actual,3,italy,snacks,opex_gna,138822.05
ly_actual,3,italy,snacks,opex_rnd,41646.62
ly_actual,3,italy,snacks,d_and_a,93437.92
ly_actual,3,italy,dairy,revenue,2638030.97
ly_actual,3,italy,dairy,cogs_materials,1112193.86
ly_actual,3,italy,dairy,cogs_production,430526.65
ly_actual,3,italy,dairy,cogs_logistics,251140.55
ly_actual,3,italy,dairy,opex_marketing,276139.19
ly_actual,3,italy,dairy,opex_sales,237422.79
ly_actual,3,italy,dairy,opex_gna,132420.25
ly_actual,3,italy,dairy,opex_rnd,39726.08
ly_actual,3,italy,dairy,d_and_a,89129.01
ly_actual,3,italy,home_care,revenue,1781316.46
ly_actual,3,italy,home_care,cogs_materials,662649.72
ly_actual,3,italy,home_care,cogs_production,256509.57
ly_actual,3,italy,home_care,cogs_logistics,149630.58
ly_actual,3,italy,home_care,opex_marketing,181864.39
ly_actual,3,italy,home_care,opex_sales,160318.48
ly_actual,3,italy,home_care,opex_gna,80785.53
ly_actual,3,italy,home_care,opex_rnd,24235.66
ly_actual,3,italy,home_care,d_and_a,54374.88
ly_actual,3,italy,personal_care,revenue,1337163.61
ly_actual,3,italy,personal_care,cogs_materials,397939.89
ly_actual,3,italy,personal_care,cogs_production,154041.25
ly_actual,3,italy,personal_care,cogs_logistics,89857.39
ly_actual,3,italy,personal_care,opex_marketing,142441.3
ly_actual,3,italy,personal_care,opex_sales,120344.73
ly_actual,3,italy,personal_care,opex_gna,69329.43
ly_actual,3,italy,personal_care,opex_rnd,20798.83
ly_actual,3,italy,personal_care,d_and_a,46664.04
ly_actual,3,iberia,beverages,revenue,2373648.34
ly_actual,3,iberia,beverages,cogs_materials,853563.94
ly_actual,3,iberia,beverages,cogs_production,330411.85
ly_actual,3,iberia,beverages,cogs_logistics,192740.25
ly_actual,3,iberia,beverages,opex_marketing,278215.92
ly_actual,3,iberia,beverages,opex_sales,213628.35
ly_actual,3,iberia,beverages,opex_gna,135217.0
ly_actual,3,iberia,beverages,opex_rnd,40565.1
ly_actual,3,iberia,beverages,d_and_a,91011.44
ly_actual,3,iberia,snacks,revenue,1774977.69
ly_actual,3,iberia,snacks,cogs_materials,605267.39
ly_actual,3,iberia,snacks,cogs_production,234297.06
ly_actual,3,iberia,snacks,cogs_logistics,136673.28
ly_actual,3,iberia,snacks,opex_marketing,195970.41
ly_actual,3,iberia,snacks,opex_sales,159747.99
ly_actual,3,iberia,snacks,opex_gna,95475.65
ly_actual,3,iberia,snacks,opex_rnd,28642.69
ly_actual,3,iberia,snacks,d_and_a,64262.46
ly_actual,3,iberia,dairy,revenue,1630639.9
ly_actual,3,iberia,dairy,cogs_materials,687477.78
ly_actual,3,iberia,dairy,cogs_production,266120.43
ly_actual,3,iberia,dairy,cogs_logistics,155236.92
ly_actual,3,iberia,dairy,opex_marketing,167041.85
ly_actual,3,iberia,dairy,opex_sales,146757.59
ly_actual,3,iberia,dairy,opex_gna,80103.53
ly_actual,3,iberia,dairy,opex_rnd,24031.06
ly_actual,3,iberia,dairy,d_and_a,53915.84
ly_actual,3,iberia,home_care,revenue,1392602.1
ly_actual,3,iberia,home_care,cogs_materials,518047.98
ly_actual,3,iberia,home_care,cogs_production,200534.7
ly_actual,3,iberia,home_care,cogs_logistics,116978.58
ly_actual,3,iberia,home_care,opex_marketing,143711.26
ly_actual,3,iberia,home_care,opex_sales,125334.19
ly_actual,3,iberia,home_care,opex_gna,63837.62
ly_actual,3,iberia,home_care,opex_rnd,19151.29
ly_actual,3,iberia,home_care,d_and_a,42967.63
ly_actual,3,iberia,personal_care,revenue,773863.9
ly_actual,3,iberia,personal_care,cogs_materials,230301.9
ly_actual,3,iberia,personal_care,cogs_production,89149.12
ly_actual,3,iberia,personal_care,cogs_logistics,52003.65
ly_actual,3,iberia,personal_care,opex_marketing,85859.23
ly_actual,3,iberia,personal_care,opex_sales,69647.75
ly_actual,3,iberia,personal_care,opex_gna,41789.65
ly_actual,3,iberia,personal_care,opex_rnd,12536.89
ly_actual,3,iberia,personal_care,d_and_a,28127.65
ly_actual,3,dach,beverages,revenue,2528643.99
ly_actual,3,dach,beverages,cogs_materials,909300.38
ly_actual,3,dach,beverages,cogs_production,351987.24
ly_actual,3,dach,beverages,cogs_logistics,205325.89
ly_actual,3,dach,beverages,opex_marketing,296327.03
ly_actual,3,dach,beverages,opex_sales,227577.96
ly_actual,3,dach,beverages,opex_gna,144019.26
ly_actual,3,dach,beverages,opex_rnd,43205.78
ly_actual,3,dach,beverages,d_and_a,96936.04
ly_actual,3,dach,snacks,revenue,2275853.63
ly_actual,3,dach,snacks,cogs_materials,776066.09
ly_actual,3,dach,snacks,cogs_production,300412.68
ly_actual,3,dach,snacks,cogs_logistics,175240.73
ly_actual,3,dach,snacks,opex_marketing,250587.61
ly_actual,3,dach,snacks,opex_sales,204826.83
ly_actual,3,dach,snacks,opex_gna,122084.83
ly_actual,3,dach,snacks,opex_rnd,36625.45
ly_actual,3,dach,snacks,d_and_a,82172.48
ly_actual,3,dach,dairy,revenue,1677311.25
ly_actual,3,dach,dairy,cogs_materials,707154.42
ly_actual,3,dach,dairy,cogs_production,273737.2
ly_actual,3,dach,dairy,cogs_logistics,159680.03
ly_actual,3,dach,dairy,opex_marketing,178171.34
ly_actual,3,dach,dairy,opex_sales,150958.01
ly_actual,3,dach,dairy,opex_gna,85440.58
ly_actual,3,dach,dairy,opex_rnd,25632.17
ly_actual,3,dach,dairy,d_and_a,57508.08
ly_actual,3,dach,home_care,revenue,2243388.66
ly_actual,3,dach,home_care,cogs_materials,834540.58
ly_actual,3,dach,home_care,cogs_production,323047.97
ly_actual,3,dach,home_care,cogs_logistics,188444.65
ly_actual,3,dach,home_care,opex_marketing,228173.37
ly_actual,3,dach,home_care,opex_sales,201904.98
ly_actual,3,dach,home_care,opex_gna,101356.33
ly_actual,3,dach,home_care,opex_rnd,30406.9
ly_actual,3,dach,home_care,d_and_a,68220.61
ly_actual,3,dach,personal_care,revenue,1265153.65
ly_actual,3,dach,personal_care,cogs_materials,376509.73
ly_actual,3,dach,personal_care,cogs_production,145745.7
ly_actual,3,dach,personal_care,cogs_logistics,85018.33
ly_actual,3,dach,personal_care,opex_marketing,143343.48
ly_actual,3,dach,personal_care,opex_sales,113863.83
ly_actual,3,dach,personal_care,opex_gna,69768.55
ly_actual,3,dach,personal_care,opex_rnd,20930.56
ly_actual,3,dach,personal_care,d_and_a,46959.6
ly_actual,3,nordics,beverages,revenue,1267470.66
ly_actual,3,nordics,beverages,cogs_materials,455782.45
ly_actual,3,nordics,beverages,cogs_production,176431.92
ly_actual,3,nordics,beverages,cogs_logistics,102918.62
ly_actual,3,nordics,beverages,opex_marketing,150225.55
ly_actual,3,nordics,beverages,opex_sales,114072.36
ly_actual,3,nordics,beverages,opex_gna,73011.81
ly_actual,3,nordics,beverages,opex_rnd,21903.54
ly_actual,3,nordics,beverages,d_and_a,49142.56
ly_actual,3,nordics,snacks,revenue,1845870.83
ly_actual,3,nordics,snacks,cogs_materials,629441.95
ly_actual,3,nordics,snacks,cogs_production,243654.95
ly_actual,3,nordics,snacks,cogs_logistics,142132.05
ly_actual,3,nordics,snacks,opex_marketing,188967.44
ly_actual,3,nordics,snacks,opex_sales,166128.37
ly_actual,3,nordics,snacks,opex_gna,92063.84
ly_actual,3,nordics,snacks,opex_rnd,27619.15
ly_actual,3,nordics,snacks,d_and_a,61966.05
ly_actual,3,nordics,dairy,revenue,1368803.09
ly_actual,3,nordics,dairy,cogs_materials,577087.38
ly_actual,3,nordics,dairy,cogs_production,223388.66
ly_actual,3,nordics,dairy,cogs_logistics,130310.05
ly_actual,3,nordics,dairy,opex_marketing,147453.57
ly_actual,3,nordics,dairy,opex_sales,123192.28
ly_actual,3,nordics,dairy,opex_gna,70710.13
ly_actual,3,nordics,dairy,opex_rnd,21213.04
ly_actual,3,nordics,dairy,d_and_a,47593.36
ly_actual,3,nordics,home_care,revenue,1124464.3
ly_actual,3,nordics,home_care,cogs_materials,418300.72
ly_actual,3,nordics,home_care,cogs_production,161922.86
ly_actual,3,nordics,home_care,cogs_logistics,94455.0
ly_actual,3,nordics,home_care,opex_marketing,118478.15
ly_actual,3,nordics,home_care,opex_sales,101201.79
ly_actual,3,nordics,home_care,opex_gna,52628.89
ly_actual,3,nordics,home_care,opex_rnd,15788.67
ly_actual,3,nordics,home_care,d_and_a,35423.29
ly_actual,3,nordics,personal_care,revenue,748929.72
ly_actual,3,nordics,personal_care,cogs_materials,222881.48
ly_actual,3,nordics,personal_care,cogs_production,86276.7
ly_actual,3,nordics,personal_care,cogs_logistics,50328.08
ly_actual,3,nordics,personal_care,opex_marketing,81358.46
ly_actual,3,nordics,personal_care,opex_sales,67403.67
ly_actual,3,nordics,personal_care,opex_gna,39599.02
ly_actual,3,nordics,personal_care,opex_rnd,11879.71
ly_actual,3,nordics,personal_care,d_and_a,26653.19
ly_actual,4,italy,beverages,revenue,3840324.03
ly_actual,4,italy,beverages,cogs_materials,1380980.52
ly_actual,4,italy,beverages,cogs_production,534573.11
ly_actual,4,italy,beverages,cogs_logistics,311834.31
ly_actual,4,italy,beverages,opex_marketing,418173.52
ly_actual,4,italy,beverages,opex_sales,345629.16
ly_actual,4,italy,beverages,opex_gna,189506.97
ly_actual,4,italy,beverages,opex_rnd,56852.09
ly_actual,4,italy,beverages,d_and_a,127552.77
ly_actual,4,italy,snacks,revenue,2669799.1
ly_actual,4,italy,snacks,cogs_materials,910401.49
ly_actual,4,italy,snacks,cogs_production,352413.48
ly_actual,4,italy,snacks,cogs_logistics,205574.53
ly_actual,4,italy,snacks,opex_marketing,288377.25
ly_actual,4,italy,snacks,opex_sales,240281.92
ly_actual,4,italy,snacks,opex_gna,138822.05
ly_actual,4,italy,snacks,opex_rnd,41646.62
ly_actual,4,italy,snacks,d_and_a,93437.92
ly_actual,4,italy,dairy,revenue,2612480.51
ly_actual,4,italy,dairy,cogs_materials,1101421.78
ly_actual,4,italy,dairy,cogs_production,426356.82
ly_actual,4,italy,dairy,cogs_logistics,248708.14
ly_actual,4,italy,dairy,opex_marketing,274473.47
ly_actual,4,italy,dairy,opex_sales,235123.25
ly_actual,4,italy,dairy,opex_gna,132420.25
ly_actual,4,italy,dairy,opex_rnd,39726.08
ly_actual,4,italy,dairy,d_and_a,89129.01
ly_actual,4,italy,home_care,revenue,1815867.12
ly_actual,4,italy,home_care,cogs_materials,675502.57
ly_actual,4,italy,home_care,cogs_production,261484.86
ly_actual,4,italy,home_care,cogs_logistics,152532.84
ly_actual,4,italy,home_care,opex_marketing,175757.0
ly_actual,4,italy,home_care,opex_sales,163428.04
ly_actual,4,italy,home_care,opex_gna,80785.53
ly_actual,4,italy,home_care,opex_rnd,24235.66
ly_actual,4,italy,home_care,d_and_a,54374.88
ly_actual,4,italy,personal_care,revenue,1388452.76
ly_actual,4,italy,personal_care,cogs_materials,413203.54
ly_actual,4,italy,personal_care,cogs_production,159949.76
ly_actual,4,italy,personal_care,cogs_logistics,93304.03
ly_actual,4,italy,personal_care,opex_marketing,144159.76
ly_actual,4,italy,personal_care,opex_sales,124960.75
ly_actual,4,italy,personal_care,opex_gna,69329.43
ly_actual,4,italy,personal_care,opex_rnd,20798.83
ly_actual,4,italy,personal_care,d_and_a,46664.04
ly_actual,4,iberia,beverages,revenue,2648123.81
ly_actual,4,iberia,beverages,cogs_materials,952265.32
ly_actual,4,iberia,beverages,cogs_production,368618.83
ly_actual,4,iberia,beverages,cogs_logistics,215027.65
ly_actual,4,iberia,beverages,opex_marketing,298375.15
ly_actual,4,iberia,beverages,opex_sales,238331.14
ly_actual,4,iberia,beverages,opex_gna,135217.0
ly_actual,4,iberia,beverages,opex_rnd,40565.1
ly_actual,4,iberia,beverages,d_and_a,91011.44
ly_actual,4,iberia,snacks,revenue,1787043.19
ly_actual,4,iberia,snacks,cogs_materials,609381.73
ly_actual,4,iberia,snacks,cogs_production,235889.7
ly_actual,4,iberia,snacks,cogs_logistics,137602.33
ly_actual,4,iberia,snacks,opex_marketing,198333.08
ly_actual,4,iberia,snacks,opex_sales,160833.89
ly_actual,4,iberia,snacks,opex_gna,95475.65
ly_actual,4,iberia,snacks,opex_rnd,28642.69
ly_actual,4,iberia,snacks,d_and_a,64262.46
ly_actual,4,iberia,dairy,revenue,1551642.95
ly_actual,4,iberia,dairy,cogs_materials,654172.67
ly_actual,4,iberia,dairy,cogs_production,253228.13
ly_actual,4,iberia,dairy,cogs_logistics,147716.41
ly_actual,4,iberia,dairy,opex_marketing,166034.23
ly_actual,4,iberia,dairy,opex_sales,139647.87
ly_actual,4,iberia,dairy,opex_gna,80103.53
ly_actual,4,iberia,dairy,opex_rnd,24031.06
ly_actual,4,iberia,dairy,d_and_a,53915.84
ly_actual,4,iberia,home_care,revenue,1464563.3
ly_actual,4,iberia,home_care,cogs_materials,544817.55
ly_actual,4,iberia,home_care,cogs_production,210897.12
ly_actual,4,iberia,home_care,cogs_logistics,123023.32
ly_actual,4,iberia,home_care,opex_marketing,138885.13
ly_actual,4,iberia,home_care,opex_sales,131810.7
ly_actual,4,iberia,home_care,opex_gna,63837.62
ly_actual,4,iberia,home_care,opex_rnd,19151.29
ly_actual,4,iberia,home_care,d_and_a,42967.63
ly_actual,4,iberia,personal_care,revenue,844832.42
ly_actual,4,iberia,personal_care,cogs_materials,251422.13
ly_actual,4,iberia,personal_care,cogs_production,97324.7
ly_actual,4,iberia,personal_care,cogs_logistics,56772.74
ly_actual,4,iberia,personal_care,opex_marketing,86895.06
ly_actual,4,iberia,personal_care,opex_sales,76034.92
ly_actual,4,iberia,personal_care,opex_gna,41789.65
ly_actual,4,iberia,personal_care,opex_rnd,12536.89
ly_actual,4,iberia,personal_care,d_and_a,28127.65
ly_actual,4,dach,beverages,revenue,2813329.68
ly_actual,4,dach,beverages,cogs_materials,1011673.35
ly_actual,4,dach,beverages,cogs_production,391615.49
ly_actual,4,dach,beverages,cogs_logistics,228442.37
ly_actual,4,dach,beverages,opex_marketing,317798.56
ly_actual,4,dach,beverages,opex_sales,253199.67
ly_actual,4,dach,beverages,opex_gna,144019.26
ly_actual,4,dach,beverages,opex_rnd,43205.78
ly_actual,4,dach,beverages,d_and_a,96936.04
ly_actual,4,dach,snacks,revenue,2236379.18
ly_actual,4,dach,snacks,cogs_materials,762605.3
ly_actual,4,dach,snacks,cogs_production,295202.05
ly_actual,4,dach,snacks,cogs_logistics,172201.2
ly_actual,4,dach,snacks,opex_marketing,253608.76
ly_actual,4,dach,snacks,opex_sales,201274.13
ly_actual,4,dach,snacks,opex_gna,122084.83
ly_actual,4,dach,snacks,opex_rnd,36625.45
ly_actual,4,dach,snacks,d_and_a,82172.48
ly_actual,4,dach,dairy,revenue,1709296.0
ly_actual,4,dach,dairy,cogs_materials,720639.19
ly_actual,4,dach,dairy,cogs_production,278957.11
ly_actual,4,dach,dairy,cogs_logistics,162724.98
ly_actual,4,dach,dairy,opex_marketing,177096.58
ly_actual,4,dach,dairy,opex_sales,153836.64
ly_actual,4,dach,dairy,opex_gna,85440.58
ly_actual,4,dach,dairy,opex_rnd,25632.17
ly_actual,4,dach,dairy,d_and_a,57508.08
ly_actual,4,dach,home_care,revenue,2260604.35
ly_actual,4,dach,home_care,cogs_materials,840944.82
ly_actual,4,dach,home_care,cogs_production,325527.03
ly_actual,4,dach,home_care,cogs_logistics,189890.77
ly_actual,4,dach,home_care,opex_marketing,220510.83
ly_actual,4,dach,home_care,opex_sales,203454.39
ly_actual,4,dach,home_care,opex_gna,101356.33
ly_actual,4,dach,home_care,opex_rnd,30406.9
ly_actual,4,dach,home_care,d_and_a,68220.61
ly_actual,4,dach,personal_care,revenue,1407762.09
ly_actual,4,dach,personal_care,cogs_materials,418950.0
ly_actual,4,dach,personal_care,cogs_production,162174.19
ly_actual,4,dach,personal_care,cogs_logistics,94601.61
ly_actual,4,dach,personal_care,opex_marketing,145072.83
ly_actual,4,dach,personal_care,opex_sales,126698.59
ly_actual,4,dach,personal_care,opex_gna,69768.55
ly_actual,4,dach,personal_care,opex_rnd,20930.56
ly_actual,4,dach,personal_care,d_and_a,46959.6
ly_actual,4,nordics,beverages,revenue,1270896.9
ly_actual,4,nordics,beverages,cogs_materials,457014.53
ly_actual,4,nordics,beverages,cogs_production,176908.85
ly_actual,4,nordics,beverages,cogs_logistics,103196.83
ly_actual,4,nordics,beverages,opex_marketing,161110.73
ly_actual,4,nordics,beverages,opex_sales,114380.72
ly_actual,4,nordics,beverages,opex_gna,73011.81
ly_actual,4,nordics,beverages,opex_rnd,21903.54
ly_actual,4,nordics,beverages,d_and_a,49142.56
ly_actual,4,nordics,snacks,revenue,1684864.83
ly_actual,4,nordics,snacks,cogs_materials,574538.91
ly_actual,4,nordics,snacks,cogs_production,222402.16
ly_actual,4,nordics,snacks,cogs_logistics,129734.59
ly_actual,4,nordics,snacks,opex_marketing,191245.68
ly_actual,4,nordics,snacks,opex_sales,151637.83
ly_actual,4,nordics,snacks,opex_gna,92063.84
ly_actual,4,nordics,snacks,opex_rnd,27619.15
ly_actual,4,nordics,snacks,d_and_a,61966.05
ly_actual,4,nordics,dairy,revenue,1394722.81
ly_actual,4,nordics,dairy,cogs_materials,588015.13
ly_actual,4,nordics,dairy,cogs_production,227618.76
ly_actual,4,nordics,dairy,cogs_logistics,132777.61
ly_actual,4,nordics,dairy,opex_marketing,146564.1
ly_actual,4,nordics,dairy,opex_sales,125525.05
ly_actual,4,nordics,dairy,opex_gna,70710.13
ly_actual,4,nordics,dairy,opex_rnd,21213.04
ly_actual,4,nordics,dairy,d_and_a,47593.36
ly_actual,4,nordics,home_care,revenue,1203237.51
ly_actual,4,nordics,home_care,cogs_materials,447604.35
ly_actual,4,nordics,home_care,cogs_production,173266.2
ly_actual,4,nordics,home_care,cogs_logistics,101071.95
ly_actual,4,nordics,home_care,opex_marketing,114499.41
ly_actual,4,nordics,home_care,opex_sales,108291.38
ly_actual,4,nordics,home_care,opex_gna,52628.89
ly_actual,4,nordics,home_care,opex_rnd,15788.67
ly_actual,4,nordics,home_care,d_and_a,35423.29
ly_actual,4,nordics,personal_care,revenue,776961.75
ly_actual,4,nordics,personal_care,cogs_materials,231223.82
ly_actual,4,nordics,personal_care,cogs_production,89505.99
ly_actual,4,nordics,personal_care,cogs_logistics,52211.83
ly_actual,4,nordics,personal_care,opex_marketing,82340.0
ly_actual,4,nordics,personal_care,opex_sales,69926.56
ly_actual,4,nordics,personal_care,opex_gna,39599.02
ly_actual,4,nordics,personal_care,opex_rnd,11879.71
ly_actual,4,nordics,personal_care,d_and_a,26653.19
ly_actual,5,italy,beverages,revenue,4052506.41
ly_actual,5,italy,beverages,cogs_materials,1457281.31
ly_actual,5,italy,beverages,cogs_production,564108.89
ly_actual,5,italy,beverages,cogs_logistics,329063.52
ly_actual,5,italy,beverages,opex_marketing,446426.72
ly_actual,5,italy,beverages,opex_sales,364725.58
ly_actual,5,italy,beverages,opex_gna,189506.97
ly_actual,5,italy,beverages,opex_rnd,56852.09
ly_actual,5,italy,beverages,d_and_a,127552.77
ly_actual,5,italy,snacks,revenue,2848483.8
ly_actual,5,italy,snacks,cogs_materials,971332.98
ly_actual,5,italy,snacks,cogs_production,375999.86
ly_actual,5,italy,snacks,cogs_logistics,219333.25
ly_actual,5,italy,snacks,opex_marketing,291812.59
ly_actual,5,italy,snacks,opex_sales,256363.54
ly_actual,5,italy,snacks,opex_gna,138822.05
ly_actual,5,italy,snacks,opex_rnd,41646.62
ly_actual,5,italy,snacks,d_and_a,93437.92
ly_actual,5,italy,dairy,revenue,2558976.86
ly_actual,5,italy,dairy,cogs_materials,1078864.64
ly_actual,5,italy,dairy,cogs_production,417625.02
ly_actual,5,italy,dairy,cogs_logistics,243614.6
ly_actual,5,italy,dairy,opex_marketing,271142.03
ly_actual,5,italy,dairy,opex_sales,230307.92
ly_actual,5,italy,dairy,opex_gna,132420.25
ly_actual,5,italy,dairy,opex_rnd,39726.08
ly_actual,5,italy,dairy,d_and_a,89129.01
ly_actual,5,italy,home_care,revenue,1688045.26
ly_actual,5,italy,home_care,cogs_materials,627952.84
ly_actual,5,italy,home_care,cogs_production,243078.52
ly_actual,5,italy,home_care,cogs_logistics,141795.8
ly_actual,5,italy,home_care,opex_marketing,167613.82
ly_actual,5,italy,home_care,opex_sales,151924.07
ly_actual,5,italy,home_care,opex_gna,80785.53
ly_actual,5,italy,home_care,opex_rnd,24235.66
ly_actual,5,italy,home_care,d_and_a,54374.88
ly_actual,5,italy,personal_care,revenue,1403325.15
ly_actual,5,italy,personal_care,cogs_materials,417629.57
ly_actual,5,italy,personal_care,cogs_production,161663.06
ly_actual,5,italy,personal_care,cogs_logistics,94303.45
ly_actual,5,italy,personal_care,opex_marketing,145878.22
ly_actual,5,italy,personal_care,opex_sales,126299.26
ly_actual,5,italy,personal_care,opex_gna,69329.43
ly_actual,5,italy,personal_care,opex_rnd,20798.83
ly_actual,5,italy,personal_care,d_and_a,46664.04
ly_actual,5,iberia,beverages,revenue,2997860.45
ly_actual,5,iberia,beverages,cogs_materials,1078030.62
ly_actual,5,iberia,beverages,cogs_production,417302.17
ly_actual,5,iberia,beverages,cogs_logistics,243426.27
ly_actual,5,iberia,beverages,opex_marketing,318534.37
ly_actual,5,iberia,beverages,opex_sales,269807.44
ly_actual,5,iberia,beverages,opex_gna,135217.0
ly_actual,5,iberia,beverages,opex_rnd,40565.1
ly_actual,5,iberia,beverages,d_and_a,91011.44
ly_actual,5,iberia,snacks,revenue,1905637.78
ly_actual,5,iberia,snacks,cogs_materials,649822.48
ly_actual,5,iberia,snacks,cogs_production,251544.19
ly_actual,5,iberia,snacks,cogs_logistics,146734.11
ly_actual,5,iberia,snacks,opex_marketing,200695.75
ly_actual,5,iberia,snacks,opex_sales,171507.4
ly_actual,5,iberia,snacks,opex_gna,95475.65
ly_actual,5,iberia,snacks,opex_rnd,28642.69
ly_actual,5,iberia,snacks,d_and_a,64262.46
ly_actual,5,iberia,dairy,revenue,1460148.15
ly_actual,5,iberia,dairy,cogs_materials,615598.46
ly_actual,5,iberia,dairy,cogs_production,238296.18
ly_actual,5,iberia,dairy,cogs_logistics,139006.1
ly_actual,5,iberia,dairy,opex_marketing,164018.98
ly_actual,5,iberia,dairy,opex_sales,131413.33
ly_actual,5,iberia,dairy,opex_gna,80103.53
ly_actual,5,iberia,dairy,opex_rnd,24031.06
ly_actual,5,iberia,dairy,d_and_a,53915.84
ly_actual,5,iberia,home_care,revenue,1433656.49
ly_actual,5,iberia,home_care,cogs_materials,533320.21
ly_actual,5,iberia,home_care,cogs_production,206446.53
ly_actual,5,iberia,home_care,cogs_logistics,120427.14
ly_actual,5,iberia,home_care,opex_marketing,132450.3
ly_actual,5,iberia,home_care,opex_sales,129029.08
ly_actual,5,iberia,home_care,opex_gna,63837.62
ly_actual,5,iberia,home_care,opex_rnd,19151.29
ly_actual,5,iberia,home_care,d_and_a,42967.63
ly_actual,5,iberia,personal_care,revenue,836985.83
ly_actual,5,iberia,personal_care,cogs_materials,249086.98
ly_actual,5,iberia,personal_care,cogs_production,96420.77
ly_actual,5,iberia,personal_care,cogs_logistics,56245.45
ly_actual,5,iberia,personal_care,opex_marketing,87930.9
ly_actual,5,iberia,personal_care,opex_sales,75328.72
ly_actual,5,iberia,personal_care,opex_gna,41789.65
ly_actual,5,iberia,personal_care,opex_rnd,12536.89
ly_actual,5,iberia,personal_care,d_and_a,28127.65
ly_actual,5,dach,beverages,revenue,2990070.89
ly_actual,5,dach,beverages,cogs_materials,1075229.49
ly_actual,5,dach,beverages,cogs_production,416217.87
ly_actual,5,dach,beverages,cogs_logistics,242793.76
ly_actual,5,dach,beverages,opex_marketing,339270.09
ly_actual,5,dach,beverages,opex_sales,269106.38
ly_actual,5,dach,beverages,opex_gna,144019.26
ly_actual,5,dach,beverages,opex_rnd,43205.78
ly_actual,5,dach,beverages,d_and_a,96936.04
ly_actual,5,dach,snacks,revenue,2408173.76
ly_actual,5,dach,snacks,cogs_materials,821187.25
ly_actual,5,dach,snacks,cogs_production,317878.94
ly_actual,5,dach,snacks,cogs_logistics,185429.38
ly_actual,5,dach,snacks,opex_marketing,256629.91
ly_actual,5,dach,snacks,opex_sales,216735.64
ly_actual,5,dach,snacks,opex_gna,122084.83
ly_actual,5,dach,snacks,opex_rnd,36625.45
ly_actual,5,dach,snacks,d_and_a,82172.48
ly_actual,5,dach,dairy,revenue,1633395.15
ly_actual,5,dach,dairy,cogs_materials,688639.39
ly_actual,5,dach,dairy,cogs_production,266570.09
ly_actual,5,dach,dairy,cogs_logistics,155499.22
ly_actual,5,dach,dairy,opex_marketing,174947.06
ly_actual,5,dach,dairy,opex_sales,147005.56
ly_actual,5,dach,dairy,opex_gna,85440.58
ly_actual,5,dach,dairy,opex_rnd,25632.17
ly_actual,5,dach,dairy,d_and_a,57508.08
ly_actual,5,dach,home_care,revenue,2112349.33
ly_actual,5,dach,home_care,cogs_materials,785793.95
ly_actual,5,dach,home_care,cogs_production,304178.3
ly_actual,5,dach,home_care,cogs_logistics,177437.34
ly_actual,5,dach,home_care,opex_marketing,210294.11
ly_actual,5,dach,home_care,opex_sales,190111.44
ly_actual,5,dach,home_care,opex_gna,101356.33
ly_actual,5,dach,home_care,opex_rnd,30406.9
ly_actual,5,dach,home_care,d_and_a,68220.61
ly_actual,5,dach,personal_care,revenue,1385192.59
ly_actual,5,dach,personal_care,cogs_materials,412233.31
ly_actual,5,dach,personal_care,cogs_production,159574.19
ly_actual,5,dach,personal_care,cogs_logistics,93084.94
ly_actual,5,dach,personal_care,opex_marketing,146802.17
ly_actual,5,dach,personal_care,opex_sales,124667.33
ly_actual,5,dach,personal_care,opex_gna,69768.55
ly_actual,5,dach,personal_care,opex_rnd,20930.56
ly_actual,5,dach,personal_care,d_and_a,46959.6
ly_actual,5,nordics,beverages,revenue,1548903.96
ly_actual,5,nordics,beverages,cogs_materials,556985.86
ly_actual,5,nordics,beverages,cogs_production,215607.43
ly_actual,5,nordics,beverages,cogs_logistics,125771.0
ly_actual,5,nordics,beverages,opex_marketing,171995.9
ly_actual,5,nordics,beverages,opex_sales,139401.36
ly_actual,5,nordics,beverages,opex_gna,73011.81
ly_actual,5,nordics,beverages,opex_rnd,21903.54
ly_actual,5,nordics,beverages,d_and_a,49142.56
ly_actual,5,nordics,snacks,revenue,1917057.66
ly_actual,5,nordics,snacks,cogs_materials,653716.66
ly_actual,5,nordics,snacks,cogs_production,253051.61
ly_actual,5,nordics,snacks,cogs_logistics,147613.44
ly_actual,5,nordics,snacks,opex_marketing,193523.92
ly_actual,5,nordics,snacks,opex_sales,172535.19
ly_actual,5,nordics,snacks,opex_gna,92063.84
ly_actual,5,nordics,snacks,opex_rnd,27619.15
ly_actual,5,nordics,snacks,d_and_a,61966.05
ly_actual,5,nordics,dairy,revenue,1395474.66
ly_actual,5,nordics,dairy,cogs_materials,588332.12
ly_actual,5,nordics,dairy,cogs_production,227741.46
ly_actual,5,nordics,dairy,cogs_logistics,132849.19
ly_actual,5,nordics,dairy,opex_marketing,144785.17
ly_actual,5,nordics,dairy,opex_sales,125592.72
ly_actual,5,nordics,dairy,opex_gna,70710.13
ly_actual,5,nordics,dairy,opex_rnd,21213.04
ly_actual,5,nordics,dairy,d_and_a,47593.36
ly_actual,5,nordics,home_care,revenue,1152001.59
ly_actual,5,nordics,home_care,cogs_materials,428544.59
ly_actual,5,nordics,home_care,cogs_production,165888.23
ly_actual,5,nordics,home_care,cogs_logistics,96768.13
ly_actual,5,nordics,home_care,opex_marketing,109194.42
ly_actual,5,nordics,home_care,opex_sales,103680.14
ly_actual,5,nordics,home_care,opex_gna,52628.89
ly_actual,5,nordics,home_care,opex_rnd,15788.67
ly_actual,5,nordics,home_care,d_and_a,35423.29
ly_actual,5,nordics,personal_care,revenue,756749.11
ly_actual,5,nordics,personal_care,cogs_materials,225208.54
ly_actual,5,nordics,personal_care,cogs_production,87177.5
ly_actual,5,nordics,personal_care,cogs_logistics,50853.54
ly_actual,5,nordics,personal_care,opex_marketing,83321.54
ly_actual,5,nordics,personal_care,opex_sales,68107.42
ly_actual,5,nordics,personal_care,opex_gna,39599.02
ly_actual,5,nordics,personal_care,opex_rnd,11879.71
ly_actual,5,nordics,personal_care,d_and_a,26653.19
ly_actual,6,italy,beverages,revenue,4186534.52
ly_actual,6,italy,beverages,cogs_materials,1505477.81
ly_actual,6,italy,beverages,cogs_production,582765.61
ly_actual,6,italy,beverages,cogs_logistics,339946.6
ly_actual,6,italy,beverages,opex_marketing,477034.36
ly_actual,6,italy,beverages,opex_sales,376788.11
ly_actual,6,italy,beverages,opex_gna,189506.97
ly_actual,6,italy,beverages,opex_rnd,56852.09
ly_actual,6,italy,beverages,d_and_a,127552.77
ly_actual,6,italy,snacks,revenue,2553094.01
ly_actual,6,italy,snacks,cogs_materials,870605.06
ly_actual,6,italy,snacks,cogs_production,337008.41
ly_actual,6,italy,snacks,cogs_logistics,196588.24
ly_actual,6,italy,snacks,opex_marketing,295247.92
ly_actual,6,italy,snacks,opex_sales,229778.46
ly_actual,6,italy,snacks,opex_gna,138822.05
ly_actual,6,italy,snacks,opex_rnd,41646.62
ly_actual,6,italy,snacks,d_and_a,93437.92
ly_actual,6,italy,dairy,revenue,2553673.15
ly_actual,6,italy,dairy,cogs_materials,1076628.6
ly_actual,6,italy,dairy,cogs_production,416759.46
ly_actual,6,italy,dairy,cogs_logistics,243109.68
ly_actual,6,italy,dairy,opex_marketing,267810.59
ly_actual,6,italy,dairy,opex_sales,229830.58
ly_actual,6,italy,dairy,opex_gna,132420.25
ly_actual,6,italy,dairy,opex_rnd,39726.08
ly_actual,6,italy,dairy,d_and_a,89129.01
ly_actual,6,italy,home_care,revenue,1539980.38
ly_actual,6,italy,home_care,cogs_materials,572872.7
ly_actual,6,italy,home_care,cogs_production,221757.17
ly_actual,6,italy,home_care,cogs_logistics,129358.35
ly_actual,6,italy,home_care,opex_marketing,161506.43
ly_actual,6,italy,home_care,opex_sales,138598.23
ly_actual,6,italy,home_care,opex_gna,80785.53
ly_actual,6,italy,home_care,opex_rnd,24235.66
ly_actual,6,italy,home_care,d_and_a,54374.88
ly_actual,6,italy,personal_care,revenue,1422004.04
ly_actual,6,italy,personal_care,cogs_materials,423188.4
ly_actual,6,italy,personal_care,cogs_production,163814.87
ly_actual,6,italy,personal_care,cogs_logistics,95558.67
ly_actual,6,italy,personal_care,opex_marketing,144159.76
ly_actual,6,italy,personal_care,opex_sales,127980.36
ly_actual,6,italy,personal_care,opex_gna,69329.43
ly_actual,6,italy,personal_care,opex_rnd,20798.83
ly_actual,6,italy,personal_care,d_and_a,46664.04
ly_actual,6,iberia,beverages,revenue,3140827.97
ly_actual,6,iberia,beverages,cogs_materials,1129441.74
ly_actual,6,iberia,beverages,cogs_production,437203.25
ly_actual,6,iberia,beverages,cogs_logistics,255035.23
ly_actual,6,iberia,beverages,opex_marketing,340373.53
ly_actual,6,iberia,beverages,opex_sales,282674.52
ly_actual,6,iberia,beverages,opex_gna,135217.0
ly_actual,6,iberia,beverages,opex_rnd,40565.1
ly_actual,6,iberia,beverages,d_and_a,91011.44
ly_actual,6,iberia,snacks,revenue,1946832.13
ly_actual,6,iberia,snacks,cogs_materials,663869.76
ly_actual,6,iberia,snacks,cogs_production,256981.84
ly_actual,6,iberia,snacks,cogs_logistics,149906.07
ly_actual,6,iberia,snacks,opex_marketing,203058.42
ly_actual,6,iberia,snacks,opex_sales,175214.89
ly_actual,6,iberia,snacks,opex_gna,95475.65
ly_actual,6,iberia,snacks,opex_rnd,28642.69
ly_actual,6,iberia,snacks,d_and_a,64262.46
ly_actual,6,iberia,dairy,revenue,1552877.08
ly_actual,6,iberia,dairy,cogs_materials,654692.98
ly_actual,6,iberia,dairy,cogs_production,253429.54
ly_actual,6,iberia,dairy,cogs_logistics,147833.9
ly_actual,6,iberia,dairy,opex_marketing,162003.73
ly_actual,6,iberia,dairy,opex_sales,139758.94
ly_actual,6,iberia,dairy,opex_gna,80103.53
ly_actual,6,iberia,dairy,opex_rnd,24031.06
ly_actual,6,iberia,dairy,d_and_a,53915.84
ly_actual,6,iberia,home_care,revenue,1295608.69
ly_actual,6,iberia,home_care,cogs_materials,481966.43
ly_actual,6,iberia,home_care,cogs_production,186567.65
ly_actual,6,iberia,home_care,cogs_logistics,108831.13
ly_actual,6,iberia,home_care,opex_marketing,127624.18
ly_actual,6,iberia,home_care,opex_sales,116604.78
ly_actual,6,iberia,home_care,opex_gna,63837.62
ly_actual,6,iberia,home_care,opex_rnd,19151.29
ly_actual,6,iberia,home_care,d_and_a,42967.63
ly_actual,6,iberia,personal_care,revenue,875498.14
ly_actual,6,iberia,personal_care,cogs_materials,260548.25
ly_actual,6,iberia,personal_care,cogs_production,100857.39
ly_actual,6,iberia,personal_care,cogs_logistics,58833.47
ly_actual,6,iberia,personal_care,opex_marketing,86895.06
ly_actual,6,iberia,personal_care,opex_sales,78794.83
ly_actual,6,iberia,personal_care,opex_gna,41789.65
ly_actual,6,iberia,personal_care,opex_rnd,12536.89
ly_actual,6,iberia,personal_care,d_and_a,28127.65
ly_actual,6,dach,beverages,revenue,3517206.2
ly_actual,6,dach,beverages,cogs_materials,1264787.35
ly_actual,6,dach,beverages,cogs_production,489595.1
ly_actual,6,dach,beverages,cogs_logistics,285597.14
ly_actual,6,dach,beverages,opex_marketing,362530.92
ly_actual,6,dach,beverages,opex_sales,316548.56
ly_actual,6,dach,beverages,opex_gna,144019.26
ly_actual,6,dach,beverages,opex_rnd,43205.78
ly_actual,6,dach,beverages,d_and_a,96936.04
ly_actual,6,dach,snacks,revenue,2435951.44
ly_actual,6,dach,snacks,cogs_materials,830659.44
ly_actual,6,dach,snacks,cogs_production,321545.59
ly_actual,6,dach,snacks,cogs_logistics,187568.26
ly_actual,6,dach,snacks,opex_marketing,259651.06
ly_actual,6,dach,snacks,opex_sales,219235.63
ly_actual,6,dach,snacks,opex_gna,122084.83
ly_actual,6,dach,snacks,opex_rnd,36625.45
ly_actual,6,dach,snacks,d_and_a,82172.48
ly_actual,6,dach,dairy,revenue,1634891.63
ly_actual,6,dach,dairy,cogs_materials,689270.31
ly_actual,6,dach,dairy,cogs_production,266814.31
ly_actual,6,dach,dairy,cogs_logistics,155641.68
ly_actual,6,dach,dairy,opex_marketing,172797.54
ly_actual,6,dach,dairy,opex_sales,147140.25
ly_actual,6,dach,dairy,opex_gna,85440.58
ly_actual,6,dach,dairy,opex_rnd,25632.17
ly_actual,6,dach,dairy,d_and_a,57508.08
ly_actual,6,dach,home_care,revenue,2078020.76
ly_actual,6,dach,home_care,cogs_materials,773023.72
ly_actual,6,dach,home_care,cogs_production,299234.99
ly_actual,6,dach,home_care,cogs_logistics,174553.74
ly_actual,6,dach,home_care,opex_marketing,202631.58
ly_actual,6,dach,home_care,opex_sales,187021.87
ly_actual,6,dach,home_care,opex_gna,101356.33
ly_actual,6,dach,home_care,opex_rnd,30406.9
ly_actual,6,dach,home_care,d_and_a,68220.61
ly_actual,6,dach,personal_care,revenue,1368887.72
ly_actual,6,dach,personal_care,cogs_materials,407380.99
ly_actual,6,dach,personal_care,cogs_production,157695.87
ly_actual,6,dach,personal_care,cogs_logistics,91989.26
ly_actual,6,dach,personal_care,opex_marketing,145072.83
ly_actual,6,dach,personal_care,opex_sales,123199.9
ly_actual,6,dach,personal_care,opex_gna,69768.55
ly_actual,6,dach,personal_care,opex_rnd,20930.56
ly_actual,6,dach,personal_care,d_and_a,46959.6
ly_actual,6,nordics,beverages,revenue,1778944.44
ly_actual,6,nordics,beverages,cogs_materials,639708.42
ly_actual,6,nordics,beverages,cogs_production,247629.07
ly_actual,6,nordics,beverages,cogs_logistics,144450.29
ly_actual,6,nordics,beverages,opex_marketing,183788.18
ly_actual,6,nordics,beverages,opex_sales,160105.0
ly_actual,6,nordics,beverages,opex_gna,73011.81
ly_actual,6,nordics,beverages,opex_rnd,21903.54
ly_actual,6,nordics,beverages,d_and_a,49142.56
ly_actual,6,nordics,snacks,revenue,1863114.32
ly_actual,6,nordics,snacks,cogs_materials,635321.98
ly_actual,6,nordics,snacks,cogs_production,245931.09
ly_actual,6,nordics,snacks,cogs_logistics,143459.8
ly_actual,6,nordics,snacks,opex_marketing,195802.16
ly_actual,6,nordics,snacks,opex_sales,167680.29
ly_actual,6,nordics,snacks,opex_gna,92063.84
ly_actual,6,nordics,snacks,opex_rnd,27619.15
ly_actual,6,nordics,snacks,d_and_a,61966.05
ly_actual,6,nordics,dairy,revenue,1362694.99
ly_actual,6,nordics,dairy,cogs_materials,574512.21
ly_actual,6,nordics,dairy,cogs_production,222391.82
ly_actual,6,nordics,dairy,cogs_logistics,129728.56
ly_actual,6,nordics,dairy,opex_marketing,143006.24
ly_actual,6,nordics,dairy,opex_sales,122642.55
ly_actual,6,nordics,dairy,opex_gna,70710.13
ly_actual,6,nordics,dairy,opex_rnd,21213.04
ly_actual,6,nordics,dairy,d_and_a,47593.36
ly_actual,6,nordics,home_care,revenue,975335.77
ly_actual,6,nordics,home_care,cogs_materials,362824.91
ly_actual,6,nordics,home_care,cogs_production,140448.35
ly_actual,6,nordics,home_care,cogs_logistics,81928.2
ly_actual,6,nordics,home_care,opex_marketing,105215.67
ly_actual,6,nordics,home_care,opex_sales,87780.22
ly_actual,6,nordics,home_care,opex_gna,52628.89
ly_actual,6,nordics,home_care,opex_rnd,15788.67
ly_actual,6,nordics,home_care,d_and_a,35423.29
ly_actual,6,nordics,personal_care,revenue,774031.72
ly_actual,6,nordics,personal_care,cogs_materials,230351.84
ly_actual,6,nordics,personal_care,cogs_production,89168.45
ly_actual,6,nordics,personal_care,cogs_logistics,52014.93
ly_actual,6,nordics,personal_care,opex_marketing,82340.0
ly_actual,6,nordics,personal_care,opex_sales,69662.85
ly_actual,6,nordics,personal_care,opex_gna,39599.02
ly_actual,6,nordics,personal_care,opex_rnd,11879.71
ly_actual,6,nordics,personal_care,d_and_a,26653.19
ly_actual,7,italy,beverages,revenue,4881679.09
ly_actual,7,italy,beverages,cogs_materials,1755451.8
ly_actual,7,italy,beverages,cogs_production,679529.73
ly_actual,7,italy,beverages,cogs_logistics,396392.34
ly_actual,7,italy,beverages,opex_marketing,465262.19
ly_actual,7,italy,beverages,opex_sales,439351.12
ly_actual,7,italy,beverages,opex_gna,189506.97
ly_actual,7,italy,beverages,opex_rnd,56852.09
ly_actual,7,italy,beverages,d_and_a,137756.99
ly_actual,7,italy,snacks,revenue,2833499.66
ly_actual,7,italy,snacks,cogs_materials,966223.38
ly_actual,7,italy,snacks,cogs_production,374021.96
ly_actual,7,italy,snacks,cogs_logistics,218179.47
ly_actual,7,italy,snacks,opex_marketing,284941.92
ly_actual,7,italy,snacks,opex_sales,255014.97
ly_actual,7,italy,snacks,opex_gna,138822.05
ly_actual,7,italy,snacks,opex_rnd,41646.62
ly_actual,7,italy,snacks,d_and_a,100912.95
ly_actual,7,italy,dairy,revenue,2436186.56
ly_actual,7,italy,dairy,cogs_materials,1027096.25
ly_actual,7,italy,dairy,cogs_production,397585.65
ly_actual,7,italy,dairy,cogs_logistics,231924.96
ly_actual,7,italy,dairy,opex_marketing,264479.15
ly_actual,7,italy,dairy,opex_sales,219256.79
ly_actual,7,italy,dairy,opex_gna,132420.25
ly_actual,7,italy,dairy,opex_rnd,39726.08
ly_actual,7,italy,dairy,d_and_a,96259.34
ly_actual,7,italy,home_care,revenue,1451501.36
ly_actual,7,italy,home_care,cogs_materials,539958.51
ly_actual,7,italy,home_care,cogs_production,209016.2
ly_actual,7,italy,home_care,cogs_logistics,121926.11
ly_actual,7,italy,home_care,opex_marketing,157434.84
ly_actual,7,italy,home_care,opex_sales,130635.12
ly_actual,7,italy,home_care,opex_gna,80785.53
ly_actual,7,italy,home_care,opex_rnd,24235.66
ly_actual,7,italy,home_care,d_and_a,58724.87
ly_actual,7,italy,personal_care,revenue,1366304.91
ly_actual,7,italy,personal_care,cogs_materials,406612.34
ly_actual,7,italy,personal_care,cogs_production,157398.33
ly_actual,7,italy,personal_care,cogs_logistics,91815.69
ly_actual,7,italy,personal_care,opex_marketing,139004.38
ly_actual,7,italy,personal_care,opex_sales,122967.44
ly_actual,7,italy,personal_care,opex_gna,69329.43
ly_actual,7,italy,personal_care,opex_rnd,20798.83
ly_actual,7,italy,personal_care,d_and_a,50397.17
ly_actual,7,iberia,beverages,revenue,3535531.05
ly_actual,7,iberia,beverages,cogs_materials,1271376.97
ly_actual,7,iberia,beverages,cogs_production,492145.92
ly_actual,7,iberia,beverages,cogs_logistics,287085.12
ly_actual,7,iberia,beverages,opex_marketing,331973.85
ly_actual,7,iberia,beverages,opex_sales,318197.79
ly_actual,7,iberia,beverages,opex_gna,135217.0
ly_actual,7,iberia,beverages,opex_rnd,40565.1
ly_actual,7,iberia,beverages,d_and_a,98292.36
ly_actual,7,iberia,snacks,revenue,1972796.65
ly_actual,7,iberia,snacks,cogs_materials,672723.66
ly_actual,7,iberia,snacks,cogs_production,260409.16
ly_actual,7,iberia,snacks,cogs_logistics,151905.34
ly_actual,7,iberia,snacks,opex_marketing,195970.41
ly_actual,7,iberia,snacks,opex_sales,177551.7
ly_actual,7,iberia,snacks,opex_gna,95475.65
ly_actual,7,iberia,snacks,opex_rnd,28642.69
ly_actual,7,iberia,snacks,d_and_a,69403.45
ly_actual,7,iberia,dairy,revenue,1522868.47
ly_actual,7,iberia,dairy,cogs_materials,642041.35
ly_actual,7,iberia,dairy,cogs_production,248532.13
ly_actual,7,iberia,dairy,cogs_logistics,144977.08
ly_actual,7,iberia,dairy,opex_marketing,159988.48
ly_actual,7,iberia,dairy,opex_sales,137058.16
ly_actual,7,iberia,dairy,opex_gna,80103.53
ly_actual,7,iberia,dairy,opex_rnd,24031.06
ly_actual,7,iberia,dairy,d_and_a,58229.1
ly_actual,7,iberia,home_care,revenue,1177941.91
ly_actual,7,iberia,home_care,cogs_materials,438194.39
ly_actual,7,iberia,home_care,cogs_production,169623.63
ly_actual,7,iberia,home_care,cogs_logistics,98947.12
ly_actual,7,iberia,home_care,opex_marketing,124406.76
ly_actual,7,iberia,home_care,opex_sales,106014.77
ly_actual,7,iberia,home_care,opex_gna,63837.62
ly_actual,7,iberia,home_care,opex_rnd,19151.29
ly_actual,7,iberia,home_care,d_and_a,46405.04
ly_actual,7,iberia,personal_care,revenue,795464.34
ly_actual,7,iberia,personal_care,cogs_materials,236730.19
ly_actual,7,iberia,personal_care,cogs_production,91637.49
ly_actual,7,iberia,personal_care,cogs_logistics,53455.2
ly_actual,7,iberia,personal_care,opex_marketing,83787.56
ly_actual,7,iberia,personal_care,opex_sales,71591.79
ly_actual,7,iberia,personal_care,opex_gna,41789.65
ly_actual,7,iberia,personal_care,opex_rnd,12536.89
ly_actual,7,iberia,personal_care,d_and_a,30377.86
ly_actual,7,dach,beverages,revenue,3802337.68
ly_actual,7,dach,beverages,cogs_materials,1367320.63
ly_actual,7,dach,beverages,cogs_production,529285.4
ly_actual,7,dach,beverages,cogs_logistics,308749.82
ly_actual,7,dach,beverages,opex_marketing,353584.44
ly_actual,7,dach,beverages,opex_sales,342210.39
ly_actual,7,dach,beverages,opex_gna,144019.26
ly_actual,7,dach,beverages,opex_rnd,43205.78
ly_actual,7,dach,beverages,d_and_a,104690.92
ly_actual,7,dach,snacks,revenue,2480843.74
ly_actual,7,dach,snacks,cogs_materials,845967.71
ly_actual,7,dach,snacks,cogs_production,327471.37
ly_actual,7,dach,snacks,cogs_logistics,191024.97
ly_actual,7,dach,snacks,opex_marketing,250587.61
ly_actual,7,dach,snacks,opex_sales,223275.94
ly_actual,7,dach,snacks,opex_gna,122084.83
ly_actual,7,dach,snacks,opex_rnd,36625.45
ly_actual,7,dach,snacks,d_and_a,88746.28
ly_actual,7,dach,dairy,revenue,1572323.05
ly_actual,7,dach,dairy,cogs_materials,662891.4
ly_actual,7,dach,dairy,cogs_production,256603.12
ly_actual,7,dach,dairy,cogs_logistics,149685.15
ly_actual,7,dach,dairy,opex_marketing,170648.02
ly_actual,7,dach,dairy,opex_sales,141509.07
ly_actual,7,dach,dairy,opex_gna,85440.58
ly_actual,7,dach,dairy,opex_rnd,25632.17
ly_actual,7,dach,dairy,d_and_a,62108.73
ly_actual,7,dach,home_care,revenue,1940546.82
ly_actual,7,dach,home_care,cogs_materials,721883.42
ly_actual,7,dach,home_care,cogs_production,279438.74
ly_actual,7,dach,home_care,cogs_logistics,163005.93
ly_actual,7,dach,home_care,opex_marketing,197523.22
ly_actual,7,dach,home_care,opex_sales,174649.21
ly_actual,7,dach,home_care,opex_gna,101356.33
ly_actual,7,dach,home_care,opex_rnd,30406.9
ly_actual,7,dach,home_care,d_and_a,73678.26
ly_actual,7,dach,personal_care,revenue,1417529.16
ly_actual,7,dach,personal_care,cogs_materials,421856.68
ly_actual,7,dach,personal_care,cogs_production,163299.36
ly_actual,7,dach,personal_care,cogs_logistics,95257.96
ly_actual,7,dach,personal_care,opex_marketing,139884.79
ly_actual,7,dach,personal_care,opex_sales,127577.62
ly_actual,7,dach,personal_care,opex_gna,69768.55
ly_actual,7,dach,personal_care,opex_rnd,20930.56
ly_actual,7,dach,personal_care,d_and_a,50716.37
ly_actual,7,nordics,beverages,revenue,1946718.36
ly_actual,7,nordics,beverages,cogs_materials,700039.92
ly_actual,7,nordics,beverages,cogs_production,270983.2
ly_actual,7,nordics,beverages,cogs_logistics,158073.53
ly_actual,7,nordics,beverages,opex_marketing,179252.69
ly_actual,7,nordics,beverages,opex_sales,175204.65
ly_actual,7,nordics,beverages,opex_gna,73011.81
ly_actual,7,nordics,beverages,opex_rnd,21903.54
ly_actual,7,nordics,beverages,d_and_a,53073.97
ly_actual,7,nordics,snacks,revenue,1959401.04
ly_actual,7,nordics,snacks,cogs_materials,668155.75
ly_actual,7,nordics,snacks,cogs_production,258640.94
ly_actual,7,nordics,snacks,cogs_logistics,150873.88
ly_actual,7,nordics,snacks,opex_marketing,188967.44
ly_actual,7,nordics,snacks,opex_sales,176346.09
ly_actual,7,nordics,snacks,opex_gna,92063.84
ly_actual,7,nordics,snacks,opex_rnd,27619.15
ly_actual,7,nordics,snacks,d_and_a,66923.33
ly_actual,7,nordics,dairy,revenue,1295740.0
ly_actual,7,nordics,dairy,cogs_materials,546283.98
ly_actual,7,nordics,dairy,cogs_production,211464.77
ly_actual,7,nordics,dairy,cogs_logistics,123354.45
ly_actual,7,nordics,dairy,opex_marketing,141227.31
ly_actual,7,nordics,dairy,opex_sales,116616.6
ly_actual,7,nordics,dairy,opex_gna,70710.13
ly_actual,7,nordics,dairy,opex_rnd,21213.04
ly_actual,7,nordics,dairy,d_and_a,51400.83
ly_actual,7,nordics,home_care,revenue,1015235.45
ly_actual,7,nordics,home_care,cogs_materials,377667.59
ly_actual,7,nordics,home_care,cogs_production,146193.9
ly_actual,7,nordics,home_care,cogs_logistics,85279.78
ly_actual,7,nordics,home_care,opex_marketing,102563.18
ly_actual,7,nordics,home_care,opex_sales,91371.19
ly_actual,7,nordics,home_care,opex_gna,52628.89
ly_actual,7,nordics,home_care,opex_rnd,15788.67
ly_actual,7,nordics,home_care,d_and_a,38257.15
ly_actual,7,nordics,personal_care,revenue,804255.03
ly_actual,7,nordics,personal_care,cogs_materials,239346.3
ly_actual,7,nordics,personal_care,cogs_production,92650.18
ly_actual,7,nordics,personal_care,cogs_logistics,54045.94
ly_actual,7,nordics,personal_care,opex_marketing,79395.39
ly_actual,7,nordics,personal_care,opex_sales,72382.95
ly_actual,7,nordics,personal_care,opex_gna,39599.02
ly_actual,7,nordics,personal_care,opex_rnd,11879.71
ly_actual,7,nordics,personal_care,d_and_a,28785.44
ly_actual,8,italy,beverages,revenue,4769864.83
ly_actual,8,italy,beverages,cogs_materials,1715243.39
ly_actual,8,italy,beverages,cogs_production,663965.18
ly_actual,8,italy,beverages,cogs_logistics,387313.02
ly_actual,8,italy,beverages,opex_marketing,406401.36
ly_actual,8,italy,beverages,opex_sales,429287.83
ly_actual,8,italy,beverages,opex_gna,189506.97
ly_actual,8,italy,beverages,opex_rnd,56852.09
ly_actual,8,italy,beverages,d_and_a,137756.99
ly_actual,8,italy,snacks,revenue,2696516.6
ly_actual,8,italy,snacks,cogs_materials,919512.16
ly_actual,8,italy,snacks,cogs_production,355940.19
ly_actual,8,italy,snacks,cogs_logistics,207631.78
ly_actual,8,italy,snacks,opex_marketing,288377.25
ly_actual,8,italy,snacks,opex_sales,242686.49
ly_actual,8,italy,snacks,opex_gna,138822.05
ly_actual,8,italy,snacks,opex_rnd,41646.62
ly_actual,8,italy,snacks,d_and_a,100912.95
ly_actual,8,italy,dairy,revenue,2439115.74
ly_actual,8,italy,dairy,cogs_materials,1028331.2
ly_actual,8,italy,dairy,cogs_production,398063.69
ly_actual,8,italy,dairy,cogs_logistics,232203.82
ly_actual,8,italy,dairy,opex_marketing,277804.91
ly_actual,8,italy,dairy,opex_sales,219520.42
ly_actual,8,italy,dairy,opex_gna,132420.25
ly_actual,8,italy,dairy,opex_rnd,39726.08
ly_actual,8,italy,dairy,d_and_a,96259.34
ly_actual,8,italy,home_care,revenue,1419598.21
ly_actual,8,italy,home_care,cogs_materials,528090.53
ly_actual,8,italy,home_care,cogs_production,204422.14
ly_actual,8,italy,home_care,cogs_logistics,119246.25
ly_actual,8,italy,home_care,opex_marketing,167613.82
ly_actual,8,italy,home_care,opex_sales,127763.84
ly_actual,8,italy,home_care,opex_gna,80785.53
ly_actual,8,italy,home_care,opex_rnd,24235.66
ly_actual,8,italy,home_care,d_and_a,58724.87
ly_actual,8,italy,personal_care,revenue,1301100.4
ly_actual,8,italy,personal_care,cogs_materials,387207.48
ly_actual,8,italy,personal_care,cogs_production,149886.77
ly_actual,8,italy,personal_care,cogs_logistics,87433.95
ly_actual,8,italy,personal_care,opex_marketing,144159.76
ly_actual,8,italy,personal_care,opex_sales,117099.04
ly_actual,8,italy,personal_care,opex_gna,69329.43
ly_actual,8,italy,personal_care,opex_rnd,20798.83
ly_actual,8,italy,personal_care,d_and_a,50397.17
ly_actual,8,iberia,beverages,revenue,3634867.3
ly_actual,8,iberia,beverages,cogs_materials,1307098.28
ly_actual,8,iberia,beverages,cogs_production,505973.53
ly_actual,8,iberia,beverages,cogs_logistics,295151.22
ly_actual,8,iberia,beverages,opex_marketing,289975.47
ly_actual,8,iberia,beverages,opex_sales,327138.06
ly_actual,8,iberia,beverages,opex_gna,135217.0
ly_actual,8,iberia,beverages,opex_rnd,40565.1
ly_actual,8,iberia,beverages,d_and_a,98292.36
ly_actual,8,iberia,snacks,revenue,1992250.99
ly_actual,8,iberia,snacks,cogs_materials,679357.59
ly_actual,8,iberia,snacks,cogs_production,262977.13
ly_actual,8,iberia,snacks,cogs_logistics,153403.33
ly_actual,8,iberia,snacks,opex_marketing,198333.08
ly_actual,8,iberia,snacks,opex_sales,179302.59
ly_actual,8,iberia,snacks,opex_gna,95475.65
ly_actual,8,iberia,snacks,opex_rnd,28642.69
ly_actual,8,iberia,snacks,d_and_a,69403.45
ly_actual,8,iberia,dairy,revenue,1461404.7
ly_actual,8,iberia,dairy,cogs_materials,616128.22
ly_actual,8,iberia,dairy,cogs_production,238501.25
ly_actual,8,iberia,dairy,cogs_logistics,139125.73
ly_actual,8,iberia,dairy,opex_marketing,168049.48
ly_actual,8,iberia,dairy,opex_sales,131526.42
ly_actual,8,iberia,dairy,opex_gna,80103.53
ly_actual,8,iberia,dairy,opex_rnd,24031.06
ly_actual,8,iberia,dairy,d_and_a,58229.1
ly_actual,8,iberia,home_care,revenue,1118790.37
ly_actual,8,iberia,home_care,cogs_materials,416190.02
ly_actual,8,iberia,home_care,cogs_production,161105.81
ly_actual,8,iberia,home_care,cogs_logistics,93978.39
ly_actual,8,iberia,home_care,opex_marketing,132450.3
ly_actual,8,iberia,home_care,opex_sales,100691.13
ly_actual,8,iberia,home_care,opex_gna,63837.62
ly_actual,8,iberia,home_care,opex_rnd,19151.29
ly_actual,8,iberia,home_care,d_and_a,46405.04
ly_actual,8,iberia,personal_care,revenue,790561.15
ly_actual,8,iberia,personal_care,cogs_materials,235271.0
ly_actual,8,iberia,personal_care,cogs_production,91072.64
ly_actual,8,iberia,personal_care,cogs_logistics,53125.71
ly_actual,8,iberia,personal_care,opex_marketing,86895.06
ly_actual,8,iberia,personal_care,opex_sales,71150.5
ly_actual,8,iberia,personal_care,opex_gna,41789.65
ly_actual,8,iberia,personal_care,opex_rnd,12536.89
ly_actual,8,iberia,personal_care,d_and_a,30377.86
ly_actual,8,dach,beverages,revenue,3581906.29
ly_actual,8,dach,beverages,cogs_materials,1288053.5
ly_actual,8,dach,beverages,cogs_production,498601.36
ly_actual,8,dach,beverages,cogs_logistics,290850.79
ly_actual,8,dach,beverages,opex_marketing,308852.09
ly_actual,8,dach,beverages,opex_sales,322371.57
ly_actual,8,dach,beverages,opex_gna,144019.26
ly_actual,8,dach,beverages,opex_rnd,43205.78
ly_actual,8,dach,beverages,d_and_a,104690.92
ly_actual,8,dach,snacks,revenue,2496854.87
ly_actual,8,dach,snacks,cogs_materials,851427.51
ly_actual,8,dach,snacks,cogs_production,329584.84
ly_actual,8,dach,snacks,cogs_logistics,192257.83
ly_actual,8,dach,snacks,opex_marketing,253608.76
ly_actual,8,dach,snacks,opex_sales,224716.94
ly_actual,8,dach,snacks,opex_gna,122084.83
ly_actual,8,dach,snacks,opex_rnd,36625.45
ly_actual,8,dach,snacks,d_and_a,88746.28
ly_actual,8,dach,dairy,revenue,1595081.17
ly_actual,8,dach,dairy,cogs_materials,672486.22
ly_actual,8,dach,dairy,cogs_production,260317.25
ly_actual,8,dach,dairy,cogs_logistics,151851.73
ly_actual,8,dach,dairy,opex_marketing,179246.1
ly_actual,8,dach,dairy,opex_sales,143557.31
ly_actual,8,dach,dairy,opex_gna,85440.58
ly_actual,8,dach,dairy,opex_rnd,25632.17
ly_actual,8,dach,dairy,d_and_a,62108.73
ly_actual,8,dach,home_care,revenue,1689107.23
ly_actual,8,dach,home_care,cogs_materials,628347.89
ly_actual,8,dach,home_care,cogs_production,243231.44
ly_actual,8,dach,home_care,cogs_logistics,141885.01
ly_actual,8,dach,home_care,opex_marketing,210294.11
ly_actual,8,dach,home_care,opex_sales,152019.65
ly_actual,8,dach,home_care,opex_gna,101356.33
ly_actual,8,dach,home_care,opex_rnd,30406.9
ly_actual,8,dach,home_care,d_and_a,73678.26
ly_actual,8,dach,personal_care,revenue,1272833.69
ly_actual,8,dach,personal_care,cogs_materials,378795.3
ly_actual,8,dach,personal_care,cogs_production,146630.44
ly_actual,8,dach,personal_care,cogs_logistics,85534.42
ly_actual,8,dach,personal_care,opex_marketing,145072.83
ly_actual,8,dach,personal_care,opex_sales,114555.03
ly_actual,8,dach,personal_care,opex_gna,69768.55
ly_actual,8,dach,personal_care,opex_rnd,20930.56
ly_actual,8,dach,personal_care,d_and_a,50716.37
ly_actual,8,nordics,beverages,revenue,2045338.64
ly_actual,8,nordics,beverages,cogs_materials,735503.77
ly_actual,8,nordics,beverages,cogs_production,284711.14
ly_actual,8,nordics,beverages,cogs_logistics,166081.5
ly_actual,8,nordics,beverages,opex_marketing,156575.23
ly_actual,8,nordics,beverages,opex_sales,184080.48
ly_actual,8,nordics,beverages,opex_gna,73011.81
ly_actual,8,nordics,beverages,opex_rnd,21903.54
ly_actual,8,nordics,beverages,d_and_a,53073.97
ly_actual,8,nordics,snacks,revenue,1815365.75
ly_actual,8,nordics,snacks,cogs_materials,619039.72
ly_actual,8,nordics,snacks,cogs_production,239628.28
ly_actual,8,nordics,snacks,cogs_logistics,139783.16
ly_actual,8,nordics,snacks,opex_marketing,191245.68
ly_actual,8,nordics,snacks,opex_sales,163382.92
ly_actual,8,nordics,snacks,opex_gna,92063.84
ly_actual,8,nordics,snacks,opex_rnd,27619.15
ly_actual,8,nordics,snacks,d_and_a,66923.33
ly_actual,8,nordics,dairy,revenue,1441075.73
ly_actual,8,nordics,dairy,cogs_materials,607557.53
ly_actual,8,nordics,dairy,cogs_production,235183.56
ly_actual,8,nordics,dairy,cogs_logistics,137190.41
ly_actual,8,nordics,dairy,opex_marketing,148343.03
ly_actual,8,nordics,dairy,opex_sales,129696.82
ly_actual,8,nordics,dairy,opex_gna,70710.13
ly_actual,8,nordics,dairy,opex_rnd,21213.04
ly_actual,8,nordics,dairy,d_and_a,51400.83
ly_actual,8,nordics,home_care,revenue,906712.78
ly_actual,8,nordics,home_care,cogs_materials,337297.16
ly_actual,8,nordics,home_care,cogs_production,130566.64
ly_actual,8,nordics,home_care,cogs_logistics,76163.87
ly_actual,8,nordics,home_care,opex_marketing,109194.42
ly_actual,8,nordics,home_care,opex_sales,81604.15
ly_actual,8,nordics,home_care,opex_gna,52628.89
ly_actual,8,nordics,home_care,opex_rnd,15788.67
ly_actual,8,nordics,home_care,d_and_a,38257.15
ly_actual,8,nordics,personal_care,revenue,666780.04
ly_actual,8,nordics,personal_care,cogs_materials,198433.74
ly_actual,8,nordics,personal_care,cogs_production,76813.06
ly_actual,8,nordics,personal_care,cogs_logistics,44807.62
ly_actual,8,nordics,personal_care,opex_marketing,82340.0
ly_actual,8,nordics,personal_care,opex_sales,60010.2
ly_actual,8,nordics,personal_care,opex_gna,39599.02
ly_actual,8,nordics,personal_care,opex_rnd,11879.71
ly_actual,8,nordics,personal_care,d_and_a,28785.44
ly_actual,9,italy,beverages,revenue,4031067.41
ly_actual,9,italy,beverages,cogs_materials,1449571.84
ly_actual,9,italy,beverages,cogs_production,561124.58
ly_actual,9,italy,beverages,cogs_logistics,327322.67
ly_actual,9,italy,beverages,opex_marketing,375793.72
ly_actual,9,italy,beverages,opex_sales,362796.07
ly_actual,9,italy,beverages,opex_gna,189506.97
ly_actual,9,italy,beverages,opex_rnd,56852.09
ly_actual,9,italy,beverages,d_and_a,137756.99
ly_actual,9,italy,snacks,revenue,2944744.17
ly_actual,9,italy,snacks,cogs_materials,1004157.76
ly_actual,9,italy,snacks,cogs_production,388706.23
ly_actual,9,italy,snacks,cogs_logistics,226745.3
ly_actual,9,italy,snacks,opex_marketing,298683.26
ly_actual,9,italy,snacks,opex_sales,265026.98
ly_actual,9,italy,snacks,opex_gna,138822.05
ly_actual,9,italy,snacks,opex_rnd,41646.62
ly_actual,9,italy,snacks,d_and_a,100912.95
ly_actual,9,italy,dairy,revenue,2649997.95
ly_actual,9,italy,dairy,cogs_materials,1117239.14
ly_actual,9,italy,dairy,cogs_production,432479.67
ly_actual,9,italy,dairy,cogs_logistics,252279.8
ly_actual,9,italy,dairy,opex_marketing,282802.06
ly_actual,9,italy,dairy,opex_sales,238499.82
ly_actual,9,italy,dairy,opex_gna,132420.25
ly_actual,9,italy,dairy,opex_rnd,39726.08
ly_actual,9,italy,dairy,d_and_a,96259.34
ly_actual,9,italy,home_care,revenue,1653132.33
ly_actual,9,italy,home_care,cogs_materials,614965.23
ly_actual,9,italy,home_care,cogs_production,238051.05
ly_actual,9,italy,home_care,cogs_logistics,138863.12
ly_actual,9,italy,home_care,opex_marketing,171685.41
ly_actual,9,italy,home_care,opex_sales,148781.91
ly_actual,9,italy,home_care,opex_gna,80785.53
ly_actual,9,italy,home_care,opex_rnd,24235.66
ly_actual,9,italy,home_care,d_and_a,58724.87
ly_actual,9,italy,personal_care,revenue,1375664.66
ly_actual,9,italy,personal_care,cogs_materials,409397.8
ly_actual,9,italy,personal_care,cogs_production,158476.57
ly_actual,9,italy,personal_care,cogs_logistics,92444.66
ly_actual,9,italy,personal_care,opex_marketing,149315.14
ly_actual,9,italy,personal_care,opex_sales,123809.82
ly_actual,9,italy,personal_care,opex_gna,69329.43
ly_actual,9,italy,personal_care,opex_rnd,20798.83
ly_actual,9,italy,personal_care,d_and_a,50397.17
ly_actual,9,iberia,beverages,revenue,2667060.21
ly_actual,9,iberia,beverages,cogs_materials,959074.85
ly_actual,9,iberia,beverages,cogs_production,371254.78
ly_actual,9,iberia,beverages,cogs_logistics,216565.29
ly_actual,9,iberia,beverages,opex_marketing,268136.31
ly_actual,9,iberia,beverages,opex_sales,240035.42
ly_actual,9,iberia,beverages,opex_gna,135217.0
ly_actual,9,iberia,beverages,opex_rnd,40565.1
ly_actual,9,iberia,beverages,d_and_a,98292.36
ly_actual,9,iberia,snacks,revenue,1825565.91
ly_actual,9,iberia,snacks,cogs_materials,622517.98
ly_actual,9,iberia,snacks,cogs_production,240974.7
ly_actual,9,iberia,snacks,cogs_logistics,140568.58
ly_actual,9,iberia,snacks,opex_marketing,205421.1
ly_actual,9,iberia,snacks,opex_sales,164300.93
ly_actual,9,iberia,snacks,opex_gna,95475.65
ly_actual,9,iberia,snacks,opex_rnd,28642.69
ly_actual,9,iberia,snacks,d_and_a,69403.45
ly_actual,9,iberia,dairy,revenue,1641099.62
ly_actual,9,iberia,dairy,cogs_materials,691887.6
ly_actual,9,iberia,dairy,cogs_production,267827.46
ly_actual,9,iberia,dairy,cogs_logistics,156232.68
ly_actual,9,iberia,dairy,opex_marketing,171072.35
ly_actual,9,iberia,dairy,opex_sales,147698.97
ly_actual,9,iberia,dairy,opex_gna,80103.53
ly_actual,9,iberia,dairy,opex_rnd,24031.06
ly_actual,9,iberia,dairy,d_and_a,58229.1
ly_actual,9,iberia,home_care,revenue,1229098.82
ly_actual,9,iberia,home_care,cogs_materials,457224.76
ly_actual,9,iberia,home_care,cogs_production,176990.23
ly_actual,9,iberia,home_care,cogs_logistics,103244.3
ly_actual,9,iberia,home_care,opex_marketing,135667.72
ly_actual,9,iberia,home_care,opex_sales,110618.89
ly_actual,9,iberia,home_care,opex_gna,63837.62
ly_actual,9,iberia,home_care,opex_rnd,19151.29
ly_actual,9,iberia,home_care,d_and_a,46405.04
ly_actual,9,iberia,personal_care,revenue,808665.87
ly_actual,9,iberia,personal_care,cogs_materials,240658.96
ly_actual,9,iberia,personal_care,cogs_production,93158.31
ly_actual,9,iberia,personal_care,cogs_logistics,54342.35
ly_actual,9,iberia,personal_care,opex_marketing,90002.57
ly_actual,9,iberia,personal_care,opex_sales,72779.93
ly_actual,9,iberia,personal_care,opex_gna,41789.65
ly_actual,9,iberia,personal_care,opex_rnd,12536.89
ly_actual,9,iberia,personal_care,d_and_a,30377.86
ly_actual,9,dach,beverages,revenue,3055320.29
ly_actual,9,dach,beverages,cogs_materials,1098693.18
ly_actual,9,dach,beverages,cogs_production,425300.58
ly_actual,9,dach,beverages,cogs_logistics,248092.01
ly_actual,9,dach,beverages,opex_marketing,285591.26
ly_actual,9,dach,beverages,opex_sales,274978.83
ly_actual,9,dach,beverages,opex_gna,144019.26
ly_actual,9,dach,beverages,opex_rnd,43205.78
ly_actual,9,dach,beverages,d_and_a,104690.92
ly_actual,9,dach,snacks,revenue,2330384.84
ly_actual,9,dach,snacks,cogs_materials,794661.23
ly_actual,9,dach,snacks,cogs_production,307610.8
ly_actual,9,dach,snacks,cogs_logistics,179439.63
ly_actual,9,dach,snacks,opex_marketing,262672.21
ly_actual,9,dach,snacks,opex_sales,209734.64
ly_actual,9,dach,snacks,opex_gna,122084.83
ly_actual,9,dach,snacks,opex_rnd,36625.45
ly_actual,9,dach,snacks,d_and_a,88746.28
ly_actual,9,dach,dairy,revenue,1766092.53
ly_actual,9,dach,dairy,cogs_materials,744584.61
ly_actual,9,dach,dairy,cogs_production,288226.3
ly_actual,9,dach,dairy,cogs_logistics,168132.01
ly_actual,9,dach,dairy,opex_marketing,182470.38
ly_actual,9,dach,dairy,opex_sales,158948.33
ly_actual,9,dach,dairy,opex_gna,85440.58
ly_actual,9,dach,dairy,opex_rnd,25632.17
ly_actual,9,dach,dairy,d_and_a,62108.73
ly_actual,9,dach,home_care,revenue,2001206.79
ly_actual,9,dach,home_care,cogs_materials,744448.92
ly_actual,9,dach,home_care,cogs_production,288173.78
ly_actual,9,dach,home_care,cogs_logistics,168101.37
ly_actual,9,dach,home_care,opex_marketing,215402.47
ly_actual,9,dach,home_care,opex_sales,180108.61
ly_actual,9,dach,home_care,opex_gna,101356.33
ly_actual,9,dach,home_care,opex_rnd,30406.9
ly_actual,9,dach,home_care,d_and_a,73678.26
ly_actual,9,dach,personal_care,revenue,1343335.31
ly_actual,9,dach,personal_care,cogs_materials,399776.59
ly_actual,9,dach,personal_care,cogs_production,154752.23
ly_actual,9,dach,personal_care,cogs_logistics,90272.13
ly_actual,9,dach,personal_care,opex_marketing,150260.86
ly_actual,9,dach,personal_care,opex_sales,120900.18
ly_actual,9,dach,personal_care,opex_gna,69768.55
ly_actual,9,dach,personal_care,opex_rnd,20930.56
ly_actual,9,dach,personal_care,d_and_a,50716.37
ly_actual,9,nordics,beverages,revenue,1511876.09
ly_actual,9,nordics,beverages,cogs_materials,543670.64
ly_actual,9,nordics,beverages,cogs_production,210453.15
ly_actual,9,nordics,beverages,cogs_logistics,122764.34
ly_actual,9,nordics,beverages,opex_marketing,144782.96
ly_actual,9,nordics,beverages,opex_sales,136068.85
ly_actual,9,nordics,beverages,opex_gna,73011.81
ly_actual,9,nordics,beverages,opex_rnd,21903.54
ly_actual,9,nordics,beverages,d_and_a,53073.97
ly_actual,9,nordics,snacks,revenue,1740098.52
ly_actual,9,nordics,snacks,cogs_materials,593373.6
ly_actual,9,nordics,snacks,cogs_production,229693.0
ly_actual,9,nordics,snacks,cogs_logistics,133987.59
ly_actual,9,nordics,snacks,opex_marketing,198080.4
ly_actual,9,nordics,snacks,opex_sales,156608.87
ly_actual,9,nordics,snacks,opex_gna,92063.84
ly_actual,9,nordics,snacks,opex_rnd,27619.15
ly_actual,9,nordics,snacks,d_and_a,66923.33
ly_actual,9,nordics,dairy,revenue,1450787.06
ly_actual,9,nordics,dairy,cogs_materials,611651.82
ly_actual,9,nordics,dairy,cogs_production,236768.45
ly_actual,9,nordics,dairy,cogs_logistics,138114.93
ly_actual,9,nordics,dairy,opex_marketing,151011.43
ly_actual,9,nordics,dairy,opex_sales,130570.84
ly_actual,9,nordics,dairy,opex_gna,70710.13
ly_actual,9,nordics,dairy,opex_rnd,21213.04
ly_actual,9,nordics,dairy,d_and_a,51400.83
ly_actual,9,nordics,home_care,revenue,1038346.0
ly_actual,9,nordics,home_care,cogs_materials,386264.71
ly_actual,9,nordics,home_care,cogs_production,149521.82
ly_actual,9,nordics,home_care,cogs_logistics,87221.06
ly_actual,9,nordics,home_care,opex_marketing,111846.91
ly_actual,9,nordics,home_care,opex_sales,93451.14
ly_actual,9,nordics,home_care,opex_gna,52628.89
ly_actual,9,nordics,home_care,opex_rnd,15788.67
ly_actual,9,nordics,home_care,d_and_a,38257.15
ly_actual,9,nordics,personal_care,revenue,791287.62
ly_actual,9,nordics,personal_care,cogs_materials,235487.19
ly_actual,9,nordics,personal_care,cogs_production,91156.33
ly_actual,9,nordics,personal_care,cogs_logistics,53174.53
ly_actual,9,nordics,personal_care,opex_marketing,85284.61
ly_actual,9,nordics,personal_care,opex_sales,71215.89
ly_actual,9,nordics,personal_care,opex_gna,39599.02
ly_actual,9,nordics,personal_care,opex_rnd,11879.71
ly_actual,9,nordics,personal_care,d_and_a,28785.44
ly_actual,10,italy,beverages,revenue,3466648.34
ly_actual,10,italy,beverages,cogs_materials,1246606.74
ly_actual,10,italy,beverages,cogs_production,482557.45
ly_actual,10,italy,beverages,cogs_logistics,281491.85
ly_actual,10,italy,beverages,opex_marketing,354603.82
ly_actual,10,italy,beverages,opex_sales,311998.35
ly_actual,10,italy,beverages,opex_gna,189506.97
ly_actual,10,italy,beverages,opex_rnd,56852.09
ly_actual,10,italy,beverages,d_and_a,137756.99
ly_actual,10,italy,snacks,revenue,2903482.4
ly_actual,10,italy,snacks,cogs_materials,990087.5
ly_actual,10,italy,snacks,cogs_production,383259.68
ly_actual,10,italy,snacks,cogs_logistics,223568.14
ly_actual,10,italy,snacks,opex_marketing,308989.26
ly_actual,10,italy,snacks,opex_sales,261313.42
ly_actual,10,italy,snacks,opex_gna,138822.05
ly_actual,10,italy,snacks,opex_rnd,41646.62
ly_actual,10,italy,snacks,d_and_a,100912.95
ly_actual,10,italy,dairy,revenue,2720849.49
ly_actual,10,italy,dairy,cogs_materials,1147110.14
ly_actual,10,italy,dairy,cogs_production,444042.64
ly_actual,10,italy,dairy,cogs_logistics,259024.87
ly_actual,10,italy,dairy,opex_marketing,286133.5
ly_actual,10,italy,dairy,opex_sales,244876.45
ly_actual,10,italy,dairy,opex_gna,132420.25
ly_actual,10,italy,dairy,opex_rnd,39726.08
ly_actual,10,italy,dairy,d_and_a,96259.34
ly_actual,10,italy,home_care,revenue,1601461.54
ly_actual,10,italy,home_care,cogs_materials,595743.69
ly_actual,10,italy,home_care,cogs_production,230610.46
ly_actual,10,italy,home_care,cogs_logistics,134522.77
ly_actual,10,italy,home_care,opex_marketing,169649.62
ly_actual,10,italy,home_care,opex_sales,144131.54
ly_actual,10,italy,home_care,opex_gna,80785.53
ly_actual,10,italy,home_care,opex_rnd,24235.66
ly_actual,10,italy,home_care,d_and_a,58724.87
ly_actual,10,italy,personal_care,revenue,1328840.36
ly_actual,10,italy,personal_care,cogs_materials,395462.89
ly_actual,10,italy,personal_care,cogs_production,153082.41
ly_actual,10,italy,personal_care,cogs_logistics,89298.07
ly_actual,10,italy,personal_care,opex_marketing,156188.99
ly_actual,10,italy,personal_care,opex_sales,119595.63
ly_actual,10,italy,personal_care,opex_gna,69329.43
ly_actual,10,italy,personal_care,opex_rnd,20798.83
ly_actual,10,italy,personal_care,d_and_a,50397.17
ly_actual,10,iberia,beverages,revenue,2458052.26
ly_actual,10,iberia,beverages,cogs_materials,883915.59
ly_actual,10,iberia,beverages,cogs_production,342160.87
ly_actual,10,iberia,beverages,cogs_logistics,199593.84
ly_actual,10,iberia,beverages,opex_marketing,253016.9
ly_actual,10,iberia,beverages,opex_sales,221224.7
ly_actual,10,iberia,beverages,opex_gna,135217.0
ly_actual,10,iberia,beverages,opex_rnd,40565.1
ly_actual,10,iberia,beverages,d_and_a,98292.36
ly_actual,10,iberia,snacks,revenue,2011105.76
ly_actual,10,iberia,snacks,cogs_materials,685787.06
ly_actual,10,iberia,snacks,cogs_production,265465.96
ly_actual,10,iberia,snacks,cogs_logistics,154855.14
ly_actual,10,iberia,snacks,opex_marketing,212509.11
ly_actual,10,iberia,snacks,opex_sales,180999.52
ly_actual,10,iberia,snacks,opex_gna,95475.65
ly_actual,10,iberia,snacks,opex_rnd,28642.69
ly_actual,10,iberia,snacks,d_and_a,69403.45
ly_actual,10,iberia,dairy,revenue,1734403.26
ly_actual,10,iberia,dairy,cogs_materials,731224.41
ly_actual,10,iberia,dairy,cogs_production,283054.61
ly_actual,10,iberia,dairy,cogs_logistics,165115.19
ly_actual,10,iberia,dairy,opex_marketing,173087.6
ly_actual,10,iberia,dairy,opex_sales,156096.29
ly_actual,10,iberia,dairy,opex_gna,80103.53
ly_actual,10,iberia,dairy,opex_rnd,24031.06
ly_actual,10,iberia,dairy,d_and_a,58229.1
ly_actual,10,iberia,home_care,revenue,1309530.5
ly_actual,10,iberia,home_care,cogs_materials,487145.35
ly_actual,10,iberia,home_care,cogs_production,188572.39
ly_actual,10,iberia,home_care,cogs_logistics,110000.56
ly_actual,10,iberia,home_care,opex_marketing,134059.01
ly_actual,10,iberia,home_care,opex_sales,117857.75
ly_actual,10,iberia,home_care,opex_gna,63837.62
ly_actual,10,iberia,home_care,opex_rnd,19151.29
ly_actual,10,iberia,home_care,d_and_a,46405.04
ly_actual,10,iberia,personal_care,revenue,833772.76
ly_actual,10,iberia,personal_care,cogs_materials,248130.77
ly_actual,10,iberia,personal_care,cogs_production,96050.62
ly_actual,10,iberia,personal_care,cogs_logistics,56029.53
ly_actual,10,iberia,personal_care,opex_marketing,94145.91
ly_actual,10,iberia,personal_care,opex_sales,75039.55
ly_actual,10,iberia,personal_care,opex_gna,41789.65
ly_actual,10,iberia,personal_care,opex_rnd,12536.89
ly_actual,10,iberia,personal_care,d_and_a,30377.86
ly_actual,10,dach,beverages,revenue,2520716.26
ly_actual,10,dach,beverages,cogs_materials,906449.57
ly_actual,10,dach,beverages,cogs_production,350883.7
ly_actual,10,dach,beverages,cogs_logistics,204682.16
ly_actual,10,dach,beverages,opex_marketing,269487.61
ly_actual,10,dach,beverages,opex_sales,226864.46
ly_actual,10,dach,beverages,opex_gna,144019.26
ly_actual,10,dach,beverages,opex_rnd,43205.78
ly_actual,10,dach,beverages,d_and_a,104690.92
ly_actual,10,dach,snacks,revenue,2637239.95
ly_actual,10,dach,snacks,cogs_materials,899298.82
ly_actual,10,dach,snacks,cogs_production,348115.67
ly_actual,10,dach,snacks,cogs_logistics,203067.48
ly_actual,10,dach,snacks,opex_marketing,271735.66
ly_actual,10,dach,snacks,opex_sales,237351.6
ly_actual,10,dach,snacks,opex_gna,122084.83
ly_actual,10,dach,snacks,opex_rnd,36625.45
ly_actual,10,dach,snacks,d_and_a,88746.28
ly_actual,10,dach,dairy,revenue,1774077.57
ly_actual,10,dach,dairy,cogs_materials,747951.1
ly_actual,10,dach,dairy,cogs_production,289529.46
ly_actual,10,dach,dairy,cogs_logistics,168892.18
ly_actual,10,dach,dairy,opex_marketing,184619.9
ly_actual,10,dach,dairy,opex_sales,159666.98
ly_actual,10,dach,dairy,opex_gna,85440.58
ly_actual,10,dach,dairy,opex_rnd,25632.17
ly_actual,10,dach,dairy,d_and_a,62108.73
ly_actual,10,dach,home_care,revenue,2062743.37
ly_actual,10,dach,home_care,cogs_materials,767340.53
ly_actual,10,dach,home_care,cogs_production,297035.05
ly_actual,10,dach,home_care,cogs_logistics,173270.44
ly_actual,10,dach,home_care,opex_marketing,212848.29
ly_actual,10,dach,home_care,opex_sales,185646.9
ly_actual,10,dach,home_care,opex_gna,101356.33
ly_actual,10,dach,home_care,opex_rnd,30406.9
ly_actual,10,dach,home_care,d_and_a,73678.26
ly_actual,10,dach,personal_care,revenue,1505343.01
ly_actual,10,dach,personal_care,cogs_materials,447990.08
ly_actual,10,dach,personal_care,cogs_production,173415.52
ly_actual,10,dach,personal_care,cogs_logistics,101159.05
ly_actual,10,dach,personal_care,opex_marketing,157178.24
ly_actual,10,dach,personal_care,opex_sales,135480.87
ly_actual,10,dach,personal_care,opex_gna,69768.55
ly_actual,10,dach,personal_care,opex_rnd,20930.56
ly_actual,10,dach,personal_care,d_and_a,50716.37
ly_actual,10,nordics,beverages,revenue,1356077.74
ly_actual,10,nordics,beverages,cogs_materials,487645.55
ly_actual,10,nordics,beverages,cogs_production,188766.02
ly_actual,10,nordics,beverages,cogs_logistics,110113.51
ly_actual,10,nordics,beverages,opex_marketing,136619.07
ly_actual,10,nordics,beverages,opex_sales,122047.0
ly_actual,10,nordics,beverages,opex_gna,73011.81
ly_actual,10,nordics,beverages,opex_rnd,21903.54
ly_actual,10,nordics,beverages,d_and_a,53073.97
ly_actual,10,nordics,snacks,revenue,1904377.22
ly_actual,10,nordics,snacks,cogs_materials,649392.63
ly_actual,10,nordics,snacks,cogs_production,251377.79
ly_actual,10,nordics,snacks,cogs_logistics,146637.05
ly_actual,10,nordics,snacks,opex_marketing,204915.13
ly_actual,10,nordics,snacks,opex_sales,171393.95
ly_actual,10,nordics,snacks,opex_gna,92063.84
ly_actual,10,nordics,snacks,opex_rnd,27619.15
ly_actual,10,nordics,snacks,d_and_a,66923.33
ly_actual,10,nordics,dairy,revenue,1388160.34
ly_actual,10,nordics,dairy,cogs_materials,585248.4
ly_actual,10,nordics,dairy,cogs_production,226547.77
ly_actual,10,nordics,dairy,cogs_logistics,132152.86
ly_actual,10,nordics,dairy,opex_marketing,152790.36
ly_actual,10,nordics,dairy,opex_sales,124934.43
ly_actual,10,nordics,dairy,opex_gna,70710.13
ly_actual,10,nordics,dairy,opex_rnd,21213.04
ly_actual,10,nordics,dairy,d_and_a,51400.83
ly_actual,10,nordics,home_care,revenue,1113207.58
ly_actual,10,nordics,home_care,cogs_materials,414113.22
ly_actual,10,nordics,home_care,cogs_production,160301.89
ly_actual,10,nordics,home_care,cogs_logistics,93509.44
ly_actual,10,nordics,home_care,opex_marketing,110520.66
ly_actual,10,nordics,home_care,opex_sales,100188.68
ly_actual,10,nordics,home_care,opex_gna,52628.89
ly_actual,10,nordics,home_care,opex_rnd,15788.67
ly_actual,10,nordics,home_care,d_and_a,38257.15
ly_actual,10,nordics,personal_care,revenue,834339.33
ly_actual,10,nordics,personal_care,cogs_materials,248299.38
ly_actual,10,nordics,personal_care,cogs_production,96115.89
ly_actual,10,nordics,personal_care,cogs_logistics,56067.6
ly_actual,10,nordics,personal_care,opex_marketing,89210.76
ly_actual,10,nordics,personal_care,opex_sales,75090.54
ly_actual,10,nordics,personal_care,opex_gna,39599.02
ly_actual,10,nordics,personal_care,opex_rnd,11879.71
ly_actual,10,nordics,personal_care,d_and_a,28785.44
ly_actual,11,italy,beverages,revenue,3116884.3
ly_actual,11,italy,beverages,cogs_materials,1120831.59
ly_actual,11,italy,beverages,cogs_production,433870.29
ly_actual,11,italy,beverages,cogs_logistics,253091.01
ly_actual,11,italy,beverages,opex_marketing,371084.86
ly_actual,11,italy,beverages,opex_sales,280519.59
ly_actual,11,italy,beverages,opex_gna,189506.97
ly_actual,11,italy,beverages,opex_rnd,56852.09
ly_actual,11,italy,beverages,d_and_a,137756.99
ly_actual,11,italy,snacks,revenue,2969668.61
ly_actual,11,italy,snacks,cogs_materials,1012657.0
ly_actual,11,italy,snacks,cogs_production,391996.26
ly_actual,11,italy,snacks,cogs_logistics,228664.48
ly_actual,11,italy,snacks,opex_marketing,322730.6
ly_actual,11,italy,snacks,opex_sales,267270.17
ly_actual,11,italy,snacks,opex_gna,138822.05
ly_actual,11,italy,snacks,opex_rnd,41646.62
ly_actual,11,italy,snacks,d_and_a,100912.95
ly_actual,11,italy,dairy,revenue,2773251.56
ly_actual,11,italy,dairy,cogs_materials,1169202.86
ly_actual,11,italy,dairy,cogs_production,452594.65
ly_actual,11,italy,dairy,cogs_logistics,264013.55
ly_actual,11,italy,dairy,opex_marketing,292796.38
ly_actual,11,italy,dairy,opex_sales,249592.64
ly_actual,11,italy,dairy,opex_gna,132420.25
ly_actual,11,italy,dairy,opex_rnd,39726.08
ly_actual,11,italy,dairy,d_and_a,96259.34
ly_actual,11,italy,home_care,revenue,1674782.53
ly_actual,11,italy,home_care,cogs_materials,623019.1
ly_actual,11,italy,home_care,cogs_production,241168.68
ly_actual,11,italy,home_care,cogs_logistics,140681.73
ly_actual,11,italy,home_care,opex_marketing,167613.82
ly_actual,11,italy,home_care,opex_sales,150730.43
ly_actual,11,italy,home_care,opex_gna,80785.53
ly_actual,11,italy,home_care,opex_rnd,24235.66
ly_actual,11,italy,home_care,d_and_a,58724.87
ly_actual,11,italy,personal_care,revenue,1490035.27
ly_actual,11,italy,personal_care,cogs_materials,443434.5
ly_actual,11,italy,personal_care,cogs_production,171652.06
ly_actual,11,italy,personal_care,cogs_logistics,100130.37
ly_actual,11,italy,personal_care,opex_marketing,168218.21
ly_actual,11,italy,personal_care,opex_sales,134103.17
ly_actual,11,italy,personal_care,opex_gna,69329.43
ly_actual,11,italy,personal_care,opex_rnd,20798.83
ly_actual,11,italy,personal_care,d_and_a,50397.17
ly_actual,11,iberia,beverages,revenue,2143627.27
ly_actual,11,iberia,beverages,cogs_materials,770848.37
ly_actual,11,iberia,beverages,cogs_production,298392.92
ly_actual,11,iberia,beverages,cogs_logistics,174062.53
ly_actual,11,iberia,beverages,opex_marketing,264776.44
ly_actual,11,iberia,beverages,opex_sales,192926.45
ly_actual,11,iberia,beverages,opex_gna,135217.0
ly_actual,11,iberia,beverages,opex_rnd,40565.1
ly_actual,11,iberia,beverages,d_and_a,98292.36
ly_actual,11,iberia,snacks,revenue,2063834.55
ly_actual,11,iberia,snacks,cogs_materials,703767.58
ly_actual,11,iberia,snacks,cogs_production,272426.16
ly_actual,11,iberia,snacks,cogs_logistics,158915.26
ly_actual,11,iberia,snacks,opex_marketing,221959.79
ly_actual,11,iberia,snacks,opex_sales,185745.11
ly_actual,11,iberia,snacks,opex_gna,95475.65
ly_actual,11,iberia,snacks,opex_rnd,28642.69
ly_actual,11,iberia,snacks,d_and_a,69403.45
ly_actual,11,iberia,dairy,revenue,1661404.69
ly_actual,11,iberia,dairy,cogs_materials,700448.22
ly_actual,11,iberia,dairy,cogs_production,271141.25
ly_actual,11,iberia,dairy,cogs_logistics,158165.73
ly_actual,11,iberia,dairy,opex_marketing,177118.1
ly_actual,11,iberia,dairy,opex_sales,149526.42
ly_actual,11,iberia,dairy,opex_gna,80103.53
ly_actual,11,iberia,dairy,opex_rnd,24031.06
ly_actual,11,iberia,dairy,d_and_a,58229.1
ly_actual,11,iberia,home_care,revenue,1262535.61
ly_actual,11,iberia,home_care,cogs_materials,469663.25
ly_actual,11,iberia,home_care,cogs_production,181805.13
ly_actual,11,iberia,home_care,cogs_logistics,106052.99
ly_actual,11,iberia,home_care,opex_marketing,132450.3
ly_actual,11,iberia,home_care,opex_sales,113628.2
ly_actual,11,iberia,home_care,opex_gna,63837.62
ly_actual,11,iberia,home_care,opex_rnd,19151.29
ly_actual,11,iberia,home_care,d_and_a,46405.04
ly_actual,11,iberia,personal_care,revenue,932587.0
ly_actual,11,iberia,personal_care,cogs_materials,277537.89
ly_actual,11,iberia,personal_care,cogs_production,107434.02
ly_actual,11,iberia,personal_care,cogs_logistics,62669.85
ly_actual,11,iberia,personal_care,opex_marketing,101396.75
ly_actual,11,iberia,personal_care,opex_sales,83932.83
ly_actual,11,iberia,personal_care,opex_gna,41789.65
ly_actual,11,iberia,personal_care,opex_rnd,12536.89
ly_actual,11,iberia,personal_care,d_and_a,30377.86
ly_actual,11,dach,beverages,revenue,2446969.21
ly_actual,11,dach,beverages,cogs_materials,879930.13
ly_actual,11,dach,beverages,cogs_production,340618.11
ly_actual,11,dach,beverages,cogs_logistics,198693.9
ly_actual,11,dach,beverages,opex_marketing,282012.67
ly_actual,11,dach,beverages,opex_sales,220227.23
ly_actual,11,dach,beverages,opex_gna,144019.26
ly_actual,11,dach,beverages,opex_rnd,43205.78
ly_actual,11,dach,beverages,d_and_a,104690.92
ly_actual,11,dach,snacks,revenue,2684269.37
ly_actual,11,dach,snacks,cogs_materials,915335.86
ly_actual,11,dach,snacks,cogs_production,354323.56
ly_actual,11,dach,snacks,cogs_logistics,206688.74
ly_actual,11,dach,snacks,opex_marketing,283820.26
ly_actual,11,dach,snacks,opex_sales,241584.24
ly_actual,11,dach,snacks,opex_gna,122084.83
ly_actual,11,dach,snacks,opex_rnd,36625.45
ly_actual,11,dach,snacks,d_and_a,88746.28
ly_actual,11,dach,dairy,revenue,1664719.45
ly_actual,11,dach,dairy,cogs_materials,701845.72
ly_actual,11,dach,dairy,cogs_production,271682.21
ly_actual,11,dach,dairy,cogs_logistics,158481.29
ly_actual,11,dach,dairy,opex_marketing,188918.94
ly_actual,11,dach,dairy,opex_sales,149824.75
ly_actual,11,dach,dairy,opex_gna,85440.58
ly_actual,11,dach,dairy,opex_rnd,25632.17
ly_actual,11,dach,dairy,d_and_a,62108.73
ly_actual,11,dach,home_care,revenue,2082196.88
ly_actual,11,dach,home_care,cogs_materials,774577.24
ly_actual,11,dach,home_care,cogs_production,299836.35
ly_actual,11,dach,home_care,cogs_logistics,174904.54
ly_actual,11,dach,home_care,opex_marketing,210294.11
ly_actual,11,dach,home_care,opex_sales,187397.72
ly_actual,11,dach,home_care,opex_gna,101356.33
ly_actual,11,dach,home_care,opex_rnd,30406.9
ly_actual,11,dach,home_care,d_and_a,73678.26
ly_actual,11,dach,personal_care,revenue,1507447.09
ly_actual,11,dach,personal_care,cogs_materials,448616.25
ly_actual,11,dach,personal_care,cogs_production,173657.9
ly_actual,11,dach,personal_care,cogs_logistics,101300.44
ly_actual,11,dach,personal_care,opex_marketing,169283.66
ly_actual,11,dach,personal_care,opex_sales,135670.24
ly_actual,11,dach,personal_care,opex_gna,69768.55
ly_actual,11,dach,personal_care,opex_rnd,20930.56
ly_actual,11,dach,personal_care,d_and_a,50716.37
ly_actual,11,nordics,beverages,revenue,1233686.73
ly_actual,11,nordics,beverages,cogs_materials,443633.75
ly_actual,11,nordics,beverages,cogs_production,171729.19
ly_actual,11,nordics,beverages,cogs_logistics,100175.36
ly_actual,11,nordics,beverages,opex_marketing,142968.76
ly_actual,11,nordics,beverages,opex_sales,111031.81
ly_actual,11,nordics,beverages,opex_gna,73011.81
ly_actual,11,nordics,beverages,opex_rnd,21903.54
ly_actual,11,nordics,beverages,d_and_a,53073.97
ly_actual,11,nordics,snacks,revenue,1992952.06
ly_actual,11,nordics,snacks,cogs_materials,679596.65
ly_actual,11,nordics,snacks,cogs_production,263069.67
ly_actual,11,nordics,snacks,cogs_logistics,153457.31
ly_actual,11,nordics,snacks,opex_marketing,214028.09
ly_actual,11,nordics,snacks,opex_sales,179365.69
ly_actual,11,nordics,snacks,opex_gna,92063.84
ly_actual,11,nordics,snacks,opex_rnd,27619.15
ly_actual,11,nordics,snacks,d_and_a,66923.33
ly_actual,11,nordics,dairy,revenue,1512490.58
ly_actual,11,nordics,dairy,cogs_materials,637666.03
ly_actual,11,nordics,dairy,cogs_production,246838.46
ly_actual,11,nordics,dairy,cogs_logistics,143989.1
ly_actual,11,nordics,dairy,opex_marketing,156348.22
ly_actual,11,nordics,dairy,opex_sales,136124.15
ly_actual,11,nordics,dairy,opex_gna,70710.13
ly_actual,11,nordics,dairy,opex_rnd,21213.04
ly_actual,11,nordics,dairy,d_and_a,51400.83
ly_actual,11,nordics,home_care,revenue,1038716.04
ly_actual,11,nordics,home_care,cogs_materials,386402.37
ly_actual,11,nordics,home_care,cogs_production,149575.11
ly_actual,11,nordics,home_care,cogs_logistics,87252.15
ly_actual,11,nordics,home_care,opex_marketing,109194.42
ly_actual,11,nordics,home_care,opex_sales,93484.44
ly_actual,11,nordics,home_care,opex_gna,52628.89
ly_actual,11,nordics,home_care,opex_rnd,15788.67
ly_actual,11,nordics,home_care,d_and_a,38257.15
ly_actual,11,nordics,personal_care,revenue,913539.99
ly_actual,11,nordics,personal_care,cogs_materials,271869.5
ly_actual,11,nordics,personal_care,cogs_production,105239.81
ly_actual,11,nordics,personal_care,cogs_logistics,61389.89
ly_actual,11,nordics,personal_care,opex_marketing,96081.51
ly_actual,11,nordics,personal_care,opex_sales,82218.6
ly_actual,11,nordics,personal_care,opex_gna,39599.02
ly_actual,11,nordics,personal_care,opex_rnd,11879.71
ly_actual,11,nordics,personal_care,d_and_a,28785.44
ly_actual,12,italy,beverages,revenue,3303597.0
ly_actual,12,italy,beverages,cogs_materials,1187973.48
ly_actual,12,italy,beverages,cogs_production,459860.7
ly_actual,12,italy,beverages,cogs_logistics,268252.08
ly_actual,12,italy,beverages,opex_marketing,352249.39
ly_actual,12,italy,beverages,opex_sales,297323.73
ly_actual,12,italy,beverages,opex_gna,189506.97
ly_actual,12,italy,beverages,opex_rnd,56852.09
ly_actual,12,italy,beverages,d_and_a,137756.99
ly_actual,12,italy,snacks,revenue,3294046.01
ly_actual,12,italy,snacks,cogs_materials,1123269.69
ly_actual,12,italy,snacks,cogs_production,434814.07
ly_actual,12,italy,snacks,cogs_logistics,253641.54
ly_actual,12,italy,snacks,opex_marketing,278071.25
ly_actual,12,italy,snacks,opex_sales,296464.14
ly_actual,12,italy,snacks,opex_gna,138822.05
ly_actual,12,italy,snacks,opex_rnd,41646.62
ly_actual,12,italy,snacks,d_and_a,100912.95
ly_actual,12,italy,dairy,revenue,3049106.65
ly_actual,12,italy,dairy,cogs_materials,1285503.36
ly_actual,12,italy,dairy,cogs_production,497614.2
ly_actual,12,italy,dairy,cogs_logistics,290274.95
ly_actual,12,italy,dairy,opex_marketing,284467.78
ly_actual,12,italy,dairy,opex_sales,274419.6
ly_actual,12,italy,dairy,opex_gna,132420.25
ly_actual,12,italy,dairy,opex_rnd,39726.08
ly_actual,12,italy,dairy,d_and_a,96259.34
ly_actual,12,italy,home_care,revenue,1608650.02
ly_actual,12,italy,home_care,cogs_materials,598417.81
ly_actual,12,italy,home_care,cogs_production,231645.6
ly_actual,12,italy,home_care,cogs_logistics,135126.6
ly_actual,12,italy,home_care,opex_marketing,167613.82
ly_actual,12,italy,home_care,opex_sales,144778.5
ly_actual,12,italy,home_care,opex_gna,80785.53
ly_actual,12,italy,home_care,opex_rnd,24235.66
ly_actual,12,italy,home_care,d_and_a,58724.87
ly_actual,12,italy,personal_care,revenue,1725233.49
ly_actual,12,italy,personal_care,cogs_materials,513429.49
ly_actual,12,italy,personal_care,cogs_production,198746.9
ly_actual,12,italy,personal_care,cogs_logistics,115935.69
ly_actual,12,italy,personal_care,opex_marketing,137285.92
ly_actual,12,italy,personal_care,opex_sales,155271.01
ly_actual,12,italy,personal_care,opex_gna,69329.43
ly_actual,12,italy,personal_care,opex_rnd,20798.83
ly_actual,12,italy,personal_care,d_and_a,50397.17
ly_actual,12,iberia,beverages,revenue,2542137.19
ly_actual,12,iberia,beverages,cogs_materials,914152.53
ly_actual,12,iberia,beverages,cogs_production,353865.5
ly_actual,12,iberia,beverages,cogs_logistics,206421.54
ly_actual,12,iberia,beverages,opex_marketing,251336.96
ly_actual,12,iberia,beverages,opex_sales,228792.35
ly_actual,12,iberia,beverages,opex_gna,135217.0
ly_actual,12,iberia,beverages,opex_rnd,40565.1
ly_actual,12,iberia,beverages,d_and_a,98292.36
ly_actual,12,iberia,snacks,revenue,2228218.52
ly_actual,12,iberia,snacks,cogs_materials,759822.51
ly_actual,12,iberia,snacks,cogs_production,294124.84
ly_actual,12,iberia,snacks,cogs_logistics,171572.83
ly_actual,12,iberia,snacks,opex_marketing,191245.07
ly_actual,12,iberia,snacks,opex_sales,200539.67
ly_actual,12,iberia,snacks,opex_gna,95475.65
ly_actual,12,iberia,snacks,opex_rnd,28642.69
ly_actual,12,iberia,snacks,d_and_a,69403.45
ly_actual,12,iberia,dairy,revenue,1717020.95
ly_actual,12,iberia,dairy,cogs_materials,723896.03
ly_actual,12,iberia,dairy,cogs_production,280217.82
ly_actual,12,iberia,dairy,cogs_logistics,163460.39
ly_actual,12,iberia,dairy,opex_marketing,172079.98
ly_actual,12,iberia,dairy,opex_sales,154531.89
ly_actual,12,iberia,dairy,opex_gna,80103.53
ly_actual,12,iberia,dairy,opex_rnd,24031.06
ly_actual,12,iberia,dairy,d_and_a,58229.1
ly_actual,12,iberia,home_care,revenue,1158163.2
ly_actual,12,iberia,home_care,cogs_materials,430836.71
ly_actual,12,iberia,home_care,cogs_production,166775.5
ly_actual,12,iberia,home_care,cogs_logistics,97285.71
ly_actual,12,iberia,home_care,opex_marketing,132450.3
ly_actual,12,iberia,home_care,opex_sales,104234.69
ly_actual,12,iberia,home_care,opex_gna,63837.62
ly_actual,12,iberia,home_care,opex_rnd,19151.29
ly_actual,12,iberia,home_care,d_and_a,46405.04
ly_actual,12,iberia,personal_care,revenue,1046370.11
ly_actual,12,iberia,personal_care,cogs_materials,311399.75
ly_actual,12,iberia,personal_care,cogs_production,120541.84
ly_actual,12,iberia,personal_care,cogs_logistics,70316.07
ly_actual,12,iberia,personal_care,opex_marketing,82751.72
ly_actual,12,iberia,personal_care,opex_sales,94173.31
ly_actual,12,iberia,personal_care,opex_gna,41789.65
ly_actual,12,iberia,personal_care,opex_rnd,12536.89
ly_actual,12,iberia,personal_care,d_and_a,30377.86
ly_actual,12,dach,beverages,revenue,2603921.21
ly_actual,12,dach,beverages,cogs_materials,936370.07
ly_actual,12,dach,beverages,cogs_production,362465.83
ly_actual,12,dach,beverages,cogs_logistics,211438.4
ly_actual,12,dach,beverages,opex_marketing,267698.32
ly_actual,12,dach,beverages,opex_sales,234352.91
ly_actual,12,dach,beverages,opex_gna,144019.26
ly_actual,12,dach,beverages,opex_rnd,43205.78
ly_actual,12,dach,beverages,d_and_a,104690.92
ly_actual,12,dach,snacks,revenue,2921468.53
ly_actual,12,dach,snacks,cogs_materials,996220.77
ly_actual,12,dach,snacks,cogs_production,385633.85
ly_actual,12,dach,snacks,cogs_logistics,224953.08
ly_actual,12,dach,snacks,opex_marketing,244545.31
ly_actual,12,dach,snacks,opex_sales,262932.17
ly_actual,12,dach,snacks,opex_gna,122084.83
ly_actual,12,dach,snacks,opex_rnd,36625.45
ly_actual,12,dach,snacks,d_and_a,88746.28
ly_actual,12,dach,dairy,revenue,1963233.86
ly_actual,12,dach,dairy,cogs_materials,827699.4
ly_actual,12,dach,dairy,cogs_production,320399.77
ly_actual,12,dach,dairy,cogs_logistics,186899.86
ly_actual,12,dach,dairy,opex_marketing,183545.14
ly_actual,12,dach,dairy,opex_sales,176691.05
ly_actual,12,dach,dairy,opex_gna,85440.58
ly_actual,12,dach,dairy,opex_rnd,25632.17
ly_actual,12,dach,dairy,d_and_a,62108.73
ly_actual,12,dach,home_care,revenue,1930090.3
ly_actual,12,dach,home_care,cogs_materials,717993.59
ly_actual,12,dach,home_care,cogs_production,277933.0
ly_actual,12,dach,home_care,cogs_logistics,162127.59
ly_actual,12,dach,home_care,opex_marketing,210294.11
ly_actual,12,dach,home_care,opex_sales,173708.13
ly_actual,12,dach,home_care,opex_gna,101356.33
ly_actual,12,dach,home_care,opex_rnd,30406.9
ly_actual,12,dach,home_care,d_and_a,73678.26
ly_actual,12,dach,personal_care,revenue,1688382.86
ly_actual,12,dach,personal_care,cogs_materials,502462.74
ly_actual,12,dach,personal_care,cogs_production,194501.71
ly_actual,12,dach,personal_care,cogs_logistics,113459.33
ly_actual,12,dach,personal_care,opex_marketing,138155.45
ly_actual,12,dach,personal_care,opex_sales,151954.46
ly_actual,12,dach,personal_care,opex_gna,69768.55
ly_actual,12,dach,personal_care,opex_rnd,20930.56
ly_actual,12,dach,personal_care,d_and_a,50716.37
ly_actual,12,nordics,beverages,revenue,1290844.78
ly_actual,12,nordics,beverages,cogs_materials,464187.78
ly_actual,12,nordics,beverages,cogs_production,179685.59
ly_actual,12,nordics,beverages,cogs_logistics,104816.6
ly_actual,12,nordics,beverages,opex_marketing,135711.98
ly_actual,12,nordics,beverages,opex_sales,116176.03
ly_actual,12,nordics,beverages,opex_gna,73011.81
ly_actual,12,nordics,beverages,opex_rnd,21903.54
ly_actual,12,nordics,beverages,d_and_a,53073.97
ly_actual,12,nordics,snacks,revenue,2124566.04
ly_actual,12,nordics,snacks,cogs_materials,724477.02
ly_actual,12,nordics,snacks,cogs_production,280442.72
ly_actual,12,nordics,snacks,cogs_logistics,163591.59
ly_actual,12,nordics,snacks,opex_marketing,184410.96
ly_actual,12,nordics,snacks,opex_sales,191210.94
ly_actual,12,nordics,snacks,opex_gna,92063.84
ly_actual,12,nordics,snacks,opex_rnd,27619.15
ly_actual,12,nordics,snacks,d_and_a,66923.33
ly_actual,12,nordics,dairy,revenue,1530417.1
ly_actual,12,nordics,dairy,cogs_materials,645223.85
ly_actual,12,nordics,dairy,cogs_production,249764.07
ly_actual,12,nordics,dairy,cogs_logistics,145695.71
ly_actual,12,nordics,dairy,opex_marketing,151900.9
ly_actual,12,nordics,dairy,opex_sales,137737.54
ly_actual,12,nordics,dairy,opex_gna,70710.13
ly_actual,12,nordics,dairy,opex_rnd,21213.04
ly_actual,12,nordics,dairy,d_and_a,51400.83
ly_actual,12,nordics,home_care,revenue,1010454.66
ly_actual,12,nordics,home_care,cogs_materials,375889.13
ly_actual,12,nordics,home_care,cogs_production,145505.47
ly_actual,12,nordics,home_care,cogs_logistics,84878.19
ly_actual,12,nordics,home_care,opex_marketing,109194.42
ly_actual,12,nordics,home_care,opex_sales,90940.92
ly_actual,12,nordics,home_care,opex_gna,52628.89
ly_actual,12,nordics,home_care,opex_rnd,15788.67
ly_actual,12,nordics,home_care,d_and_a,38257.15
ly_actual,12,nordics,personal_care,revenue,1030935.36
ly_actual,12,nordics,personal_care,cogs_materials,306806.36
ly_actual,12,nordics,personal_care,cogs_production,118763.75
ly_actual,12,nordics,personal_care,cogs_logistics,69278.86
ly_actual,12,nordics,personal_care,opex_marketing,78413.86
ly_actual,12,nordics,personal_care,opex_sales,92784.18
ly_actual,12,nordics,personal_care,opex_gna,39599.02
ly_actual,12,nordics,personal_care,opex_rnd,11879.71
ly_actual,12,nordics,personal_care,d_and_a,28785.44
budget,1,italy,beverages,revenue,3172217.75
budget,1,italy,beverages,cogs_materials,1140729.5
budget,1,italy,beverages,cogs_production,441572.71
budget,1,italy,beverages,cogs_logistics,257584.08
budget,1,italy,beverages,opex_marketing,359756.57
budget,1,italy,beverages,opex_sales,285499.6
budget,1,italy,beverages,opex_gna,196168.14
budget,1,italy,beverages,opex_rnd,58850.44
budget,1,italy,beverages,d_and_a,132036.25
budget,1,italy,snacks,revenue,2671431.76
budget,1,italy,snacks,cogs_materials,910958.23
budget,1,italy,snacks,cogs_production,352628.99
budget,1,italy,snacks,cogs_logistics,205700.25
budget,1,italy,snacks,opex_marketing,286269.49
budget,1,italy,snacks,opex_sales,240428.86
budget,1,italy,snacks,opex_gna,144702.55
budget,1,italy,snacks,opex_rnd,43410.77
budget,1,italy,snacks,d_and_a,97395.95
budget,1,italy,dairy,revenue,2789767.26
budget,1,italy,dairy,cogs_materials,1176165.88
budget,1,italy,dairy,cogs_production,455290.02
budget,1,italy,dairy,cogs_logistics,265585.84
budget,1,italy,dairy,opex_marketing,285226.88
budget,1,italy,dairy,opex_sales,251079.05
budget,1,italy,dairy,opex_gna,134346.96
budget,1,italy,dairy,opex_rnd,40304.09
budget,1,italy,dairy,d_and_a,90425.84
budget,1,italy,home_care,revenue,1617851.12
budget,1,italy,home_care,cogs_materials,601840.62
budget,1,italy,home_care,cogs_production,232970.56
budget,1,italy,home_care,cogs_logistics,135899.49
budget,1,italy,home_care,opex_marketing,173341.19
budget,1,italy,home_care,opex_sales,145606.6
budget,1,italy,home_care,opex_gna,82543.42
budget,1,italy,home_care,opex_rnd,24763.03
budget,1,italy,home_care,d_and_a,55558.07
budget,1,italy,personal_care,revenue,1305315.5
budget,1,italy,personal_care,cogs_materials,388461.89
budget,1,italy,personal_care,cogs_production,150372.35
budget,1,italy,personal_care,cogs_logistics,87717.2
budget,1,italy,personal_care,opex_marketing,141030.83
budget,1,italy,personal_care,opex_sales,117478.4
budget,1,italy,personal_care,opex_gna,72123.41
budget,1,italy,personal_care,opex_rnd,21637.02
budget,1,italy,personal_care,d_and_a,48544.6
budget,1,iberia,beverages,revenue,2318378.49
budget,1,iberia,beverages,cogs_materials,833688.9
budget,1,iberia,beverages,cogs_production,322718.29
budget,1,iberia,beverages,cogs_logistics,188252.33
budget,1,iberia,beverages,opex_marketing,262923.91
budget,1,iberia,beverages,opex_sales,208654.06
budget,1,iberia,beverages,opex_gna,143367.21
budget,1,iberia,beverages,opex_rnd,43010.16
budget,1,iberia,beverages,d_and_a,96497.16
budget,1,iberia,snacks,revenue,1881886.75
budget,1,iberia,snacks,cogs_materials,641723.38
budget,1,iberia,snacks,cogs_production,248409.05
budget,1,iberia,snacks,cogs_logistics,144905.28
budget,1,iberia,snacks,opex_marketing,201662.18
budget,1,iberia,snacks,opex_sales,169369.81
budget,1,iberia,snacks,opex_gna,101935.53
budget,1,iberia,snacks,opex_rnd,30580.66
budget,1,iberia,snacks,d_and_a,68610.45
budget,1,iberia,dairy,revenue,1728544.09
budget,1,iberia,dairy,cogs_materials,728754.19
budget,1,iberia,dairy,cogs_production,282098.4
budget,1,iberia,dairy,cogs_logistics,164557.4
budget,1,iberia,dairy,opex_marketing,176727.01
budget,1,iberia,dairy,opex_sales,155568.97
budget,1,iberia,dairy,opex_gna,83241.59
budget,1,iberia,dairy,opex_rnd,24972.48
budget,1,iberia,dairy,d_and_a,56027.99
budget,1,iberia,home_care,revenue,1309474.1
budget,1,iberia,home_care,cogs_materials,487124.36
budget,1,iberia,home_care,cogs_production,188564.27
budget,1,iberia,home_care,cogs_logistics,109995.82
budget,1,iberia,home_care,opex_marketing,140300.8
budget,1,iberia,home_care,opex_sales,117852.67
budget,1,iberia,home_care,opex_gna,66809.9
budget,1,iberia,home_care,opex_rnd,20042.97
budget,1,iberia,home_care,d_and_a,44968.2
budget,1,iberia,personal_care,revenue,805901.14
budget,1,iberia,personal_care,cogs_materials,239836.18
budget,1,iberia,personal_care,cogs_production,92839.81
budget,1,iberia,personal_care,cogs_logistics,54156.56
budget,1,iberia,personal_care,opex_marketing,87072.36
budget,1,iberia,personal_care,opex_sales,72531.1
budget,1,iberia,personal_care,opex_gna,44528.96
budget,1,iberia,personal_care,opex_rnd,13358.69
budget,1,iberia,personal_care,d_and_a,29971.41
budget,1,dach,beverages,revenue,2387378.77
budget,1,dach,beverages,cogs_materials,858501.41
budget,1,dach,beverages,cogs_production,332323.12
budget,1,dach,beverages,cogs_logistics,193855.16
budget,1,dach,beverages,opex_marketing,270749.13
budget,1,dach,beverages,opex_sales,214864.09
budget,1,dach,beverages,opex_gna,147634.14
budget,1,dach,beverages,opex_rnd,44290.24
budget,1,dach,beverages,d_and_a,99369.14
budget,1,dach,snacks,revenue,2326538.74
budget,1,dach,snacks,cogs_materials,793349.71
budget,1,dach,snacks,cogs_production,307103.11
budget,1,dach,snacks,cogs_logistics,179143.48
budget,1,dach,snacks,opex_marketing,249310.9
budget,1,dach,snacks,opex_sales,209388.49
budget,1,dach,snacks,opex_gna,126020.85
budget,1,dach,snacks,opex_rnd,37806.25
budget,1,dach,snacks,d_and_a,84821.73
budget,1,dach,dairy,revenue,1782545.89
budget,1,dach,dairy,cogs_materials,751521.35
budget,1,dach,dairy,cogs_production,290911.49
budget,1,dach,dairy,cogs_logistics,169698.37
budget,1,dach,dairy,opex_marketing,182248.18
budget,1,dach,dairy,opex_sales,160429.13
budget,1,dach,dairy,opex_gna,85842.15
budget,1,dach,dairy,opex_rnd,25752.65
budget,1,dach,dairy,d_and_a,57778.37
budget,1,dach,home_care,revenue,2010105.23
budget,1,dach,home_care,cogs_materials,747759.15
budget,1,dach,home_care,cogs_production,289455.15
budget,1,dach,home_care,cogs_logistics,168848.84
budget,1,dach,home_care,opex_marketing,215368.42
budget,1,dach,home_care,opex_sales,180909.47
budget,1,dach,home_care,opex_gna,102556.39
budget,1,dach,home_care,opex_rnd,30766.92
budget,1,dach,home_care,d_and_a,69028.34
budget,1,dach,personal_care,revenue,1300829.75
budget,1,dach,personal_care,cogs_materials,387126.93
budget,1,dach,personal_care,cogs_production,149855.59
budget,1,dach,personal_care,cogs_logistics,87415.76
budget,1,dach,personal_care,opex_marketing,140546.17
budget,1,dach,personal_care,opex_sales,117074.68
budget,1,dach,personal_care,opex_gna,71875.56
budget,1,dach,personal_care,opex_rnd,21562.67
budget,1,dach,personal_care,d_and_a,48377.78
budget,1,nordics,beverages,revenue,1234033.72
budget,1,nordics,beverages,cogs_materials,443758.53
budget,1,nordics,beverages,cogs_production,171777.49
budget,1,nordics,beverages,cogs_logistics,100203.54
budget,1,nordics,beverages,opex_marketing,139949.96
budget,1,nordics,beverages,opex_sales,111063.04
budget,1,nordics,beverages,opex_gna,76311.94
budget,1,nordics,beverages,opex_rnd,22893.58
budget,1,nordics,beverages,d_and_a,51363.81
budget,1,nordics,snacks,revenue,1788837.28
budget,1,nordics,snacks,cogs_materials,609993.51
budget,1,nordics,snacks,cogs_production,236126.52
budget,1,nordics,snacks,cogs_logistics,137740.47
budget,1,nordics,snacks,opex_marketing,191691.04
budget,1,nordics,snacks,opex_sales,160995.35
budget,1,nordics,snacks,opex_gna,96895.35
budget,1,nordics,snacks,opex_rnd,29068.61
budget,1,nordics,snacks,d_and_a,65218.03
budget,1,nordics,dairy,revenue,1504150.65
budget,1,nordics,dairy,cogs_materials,634149.91
budget,1,nordics,dairy,cogs_production,245477.39
budget,1,nordics,dairy,cogs_logistics,143195.14
budget,1,nordics,dairy,opex_marketing,153784.94
budget,1,nordics,dairy,opex_sales,135373.56
budget,1,nordics,dairy,opex_gna,72435.46
budget,1,nordics,dairy,opex_rnd,21730.64
budget,1,nordics,dairy,d_and_a,48754.64
budget,1,nordics,home_care,revenue,1064204.95
budget,1,nordics,home_care,cogs_materials,395884.24
budget,1,nordics,home_care,cogs_production,153245.51
budget,1,nordics,home_care,cogs_logistics,89393.22
budget,1,nordics,home_care,opex_marketing,114021.96
budget,1,nordics,home_care,opex_sales,95778.45
budget,1,nordics,home_care,opex_gna,54296.17
budget,1,nordics,home_care,opex_rnd,16288.85
budget,1,nordics,home_care,d_and_a,36545.5
budget,1,nordics,personal_care,revenue,752797.94
budget,1,nordics,personal_care,cogs_materials,224032.67
budget,1,nordics,personal_care,cogs_production,86722.32
budget,1,nordics,personal_care,cogs_logistics,50588.02
budget,1,nordics,personal_care,opex_marketing,81334.91
budget,1,nordics,personal_care,opex_sales,67751.81
budget,1,nordics,personal_care,opex_gna,41594.81
budget,1,nordics,personal_care,opex_rnd,12478.44
budget,1,nordics,personal_care,d_and_a,27996.51
budget,2,italy,beverages,revenue,3094846.58
budget,2,italy,beverages,cogs_materials,1112906.83
budget,2,italy,beverages,cogs_production,430802.64
budget,2,italy,beverages,cogs_logistics,251301.54
budget,2,italy,beverages,opex_marketing,384128.49
budget,2,italy,beverages,opex_sales,278536.19
budget,2,italy,beverages,opex_gna,196168.14
budget,2,italy,beverages,opex_rnd,58850.44
budget,2,italy,beverages,d_and_a,132036.25
budget,2,italy,snacks,revenue,2614592.79
budget,2,italy,snacks,cogs_materials,891576.14
budget,2,italy,snacks,cogs_production,345126.25
budget,2,italy,snacks,cogs_logistics,201323.64
budget,2,italy,snacks,opex_marketing,293431.2
budget,2,italy,snacks,opex_sales,235313.35
budget,2,italy,snacks,opex_gna,144702.55
budget,2,italy,snacks,opex_rnd,43410.77
budget,2,italy,snacks,d_and_a,97395.95
budget,2,italy,dairy,revenue,2736117.89
budget,2,italy,dairy,cogs_materials,1153547.3
budget,2,italy,dairy,cogs_production,446534.44
budget,2,italy,dairy,cogs_logistics,260478.42
budget,2,italy,dairy,opex_marketing,281846.97
budget,2,italy,dairy,opex_sales,246250.61
budget,2,italy,dairy,opex_gna,134346.96
budget,2,italy,dairy,opex_rnd,40304.09
budget,2,italy,dairy,d_and_a,90425.84
budget,2,italy,home_care,revenue,1650868.49
budget,2,italy,home_care,cogs_materials,614123.08
budget,2,italy,home_care,cogs_production,237725.06
budget,2,italy,home_care,cogs_logistics,138672.95
budget,2,italy,home_care,opex_marketing,181661.57
budget,2,italy,home_care,opex_sales,148578.16
budget,2,italy,home_care,opex_gna,82543.42
budget,2,italy,home_care,opex_rnd,24763.03
budget,2,italy,home_care,d_and_a,55558.07
budget,2,italy,personal_care,revenue,1276939.08
budget,2,italy,personal_care,cogs_materials,380017.07
budget,2,italy,personal_care,cogs_production,147103.38
budget,2,italy,personal_care,cogs_logistics,85810.31
budget,2,italy,personal_care,opex_marketing,146393.97
budget,2,italy,personal_care,opex_sales,114924.52
budget,2,italy,personal_care,opex_gna,72123.41
budget,2,italy,personal_care,opex_rnd,21637.02
budget,2,italy,personal_care,d_and_a,48544.6
budget,2,iberia,beverages,revenue,2261832.67
budget,2,iberia,beverages,cogs_materials,813355.03
budget,2,iberia,beverages,cogs_production,314847.11
budget,2,iberia,beverages,cogs_logistics,183660.81
budget,2,iberia,beverages,opex_marketing,280735.84
budget,2,iberia,beverages,opex_sales,203564.94
budget,2,iberia,beverages,opex_gna,143367.21
budget,2,iberia,beverages,opex_rnd,43010.16
budget,2,iberia,beverages,d_and_a,96497.16
budget,2,iberia,snacks,revenue,1841846.6
budget,2,iberia,snacks,cogs_materials,628069.69
budget,2,iberia,snacks,cogs_production,243123.75
budget,2,iberia,snacks,cogs_logistics,141822.19
budget,2,iberia,snacks,opex_marketing,206707.24
budget,2,iberia,snacks,opex_sales,165766.19
budget,2,iberia,snacks,opex_gna,101935.53
budget,2,iberia,snacks,opex_rnd,30580.66
budget,2,iberia,snacks,d_and_a,68610.45
budget,2,iberia,dairy,revenue,1695302.86
budget,2,iberia,dairy,cogs_materials,714739.69
budget,2,iberia,dairy,cogs_production,276673.43
budget,2,iberia,dairy,cogs_logistics,161392.83
budget,2,iberia,dairy,opex_marketing,174632.82
budget,2,iberia,dairy,opex_sales,152577.26
budget,2,iberia,dairy,opex_gna,83241.59
budget,2,iberia,dairy,opex_rnd,24972.48
budget,2,iberia,dairy,d_and_a,56027.99
budget,2,iberia,home_care,revenue,1336198.06
budget,2,iberia,home_care,cogs_materials,497065.68
budget,2,iberia,home_care,cogs_production,192412.52
budget,2,iberia,home_care,cogs_logistics,112240.64
budget,2,iberia,home_care,opex_marketing,147035.23
budget,2,iberia,home_care,opex_sales,120257.83
budget,2,iberia,home_care,opex_gna,66809.9
budget,2,iberia,home_care,opex_rnd,20042.97
budget,2,iberia,home_care,d_and_a,44968.2
budget,2,iberia,personal_care,revenue,788381.55
budget,2,iberia,personal_care,cogs_materials,234622.35
budget,2,iberia,personal_care,cogs_production,90821.55
budget,2,iberia,personal_care,cogs_logistics,52979.24
budget,2,iberia,personal_care,opex_marketing,90383.56
budget,2,iberia,personal_care,opex_sales,70954.34
budget,2,iberia,personal_care,opex_gna,44528.96
budget,2,iberia,personal_care,opex_rnd,13358.69
budget,2,iberia,personal_care,d_and_a,29971.41
budget,2,dach,beverages,revenue,2329150.02
budget,2,dach,beverages,cogs_materials,837562.35
budget,2,dach,beverages,cogs_production,324217.68
budget,2,dach,beverages,cogs_logistics,189126.98
budget,2,dach,beverages,opex_marketing,289091.19
budget,2,dach,beverages,opex_sales,209623.5
budget,2,dach,beverages,opex_gna,147634.14
budget,2,dach,beverages,opex_rnd,44290.24
budget,2,dach,beverages,d_and_a,99369.14
budget,2,dach,snacks,revenue,2277037.92
budget,2,dach,snacks,cogs_materials,776469.93
budget,2,dach,snacks,cogs_production,300569.01
budget,2,dach,snacks,cogs_logistics,175331.92
budget,2,dach,snacks,opex_marketing,255548.01
budget,2,dach,snacks,opex_sales,204933.41
budget,2,dach,snacks,opex_gna,126020.85
budget,2,dach,snacks,opex_rnd,37806.25
budget,2,dach,snacks,d_and_a,84821.73
budget,2,dach,dairy,revenue,1748266.16
budget,2,dach,dairy,cogs_materials,737069.01
budget,2,dach,dairy,cogs_production,285317.04
budget,2,dach,dairy,cogs_logistics,166434.94
budget,2,dach,dairy,opex_marketing,180088.55
budget,2,dach,dairy,opex_sales,157343.95
budget,2,dach,dairy,opex_gna,85842.15
budget,2,dach,dairy,opex_rnd,25752.65
budget,2,dach,dairy,d_and_a,57778.37
budget,2,dach,home_care,revenue,2051127.79
budget,2,dach,home_care,cogs_materials,763019.54
budget,2,dach,home_care,cogs_production,295362.4
budget,2,dach,home_care,cogs_logistics,172294.73
budget,2,dach,home_care,opex_marketing,225706.1
budget,2,dach,home_care,opex_sales,184601.5
budget,2,dach,home_care,opex_gna,102556.39
budget,2,dach,home_care,opex_rnd,30766.92
budget,2,dach,home_care,d_and_a,69028.34
budget,2,dach,personal_care,revenue,1272550.84
budget,2,dach,personal_care,cogs_materials,378711.13
budget,2,dach,personal_care,cogs_production,146597.86
budget,2,dach,personal_care,cogs_logistics,85515.42
budget,2,dach,personal_care,opex_marketing,145890.88
budget,2,dach,personal_care,opex_sales,114529.58
budget,2,dach,personal_care,opex_gna,71875.56
budget,2,dach,personal_care,opex_rnd,21562.67
budget,2,dach,personal_care,d_and_a,48377.78
budget,2,nordics,beverages,revenue,1203935.34
budget,2,nordics,beverages,cogs_materials,432935.15
budget,2,nordics,beverages,cogs_production,167587.8
budget,2,nordics,beverages,cogs_logistics,97759.55
budget,2,nordics,beverages,opex_marketing,149430.95
budget,2,nordics,beverages,opex_sales,108354.18
budget,2,nordics,beverages,opex_gna,76311.94
budget,2,nordics,beverages,opex_rnd,22893.58
budget,2,nordics,beverages,d_and_a,51363.81
budget,2,nordics,snacks,revenue,1750776.91
budget,2,nordics,snacks,cogs_materials,597014.93
budget,2,nordics,snacks,cogs_production,231102.55
budget,2,nordics,snacks,cogs_logistics,134809.82
budget,2,nordics,snacks,opex_marketing,196486.65
budget,2,nordics,snacks,opex_sales,157569.92
budget,2,nordics,snacks,opex_gna,96895.35
budget,2,nordics,snacks,opex_rnd,29068.61
budget,2,nordics,snacks,d_and_a,65218.03
budget,2,nordics,dairy,revenue,1475224.67
budget,2,nordics,dairy,cogs_materials,621954.72
budget,2,nordics,dairy,cogs_production,240756.67
budget,2,nordics,dairy,cogs_logistics,140441.39
budget,2,nordics,dairy,opex_marketing,151962.6
budget,2,nordics,dairy,opex_sales,132770.22
budget,2,nordics,dairy,opex_gna,72435.46
budget,2,nordics,dairy,opex_rnd,21730.64
budget,2,nordics,dairy,d_and_a,48754.64
budget,2,nordics,home_care,revenue,1085923.42
budget,2,nordics,home_care,cogs_materials,403963.51
budget,2,nordics,home_care,cogs_production,156372.97
budget,2,nordics,home_care,cogs_logistics,91217.57
budget,2,nordics,home_care,opex_marketing,119495.01
budget,2,nordics,home_care,opex_sales,97733.11
budget,2,nordics,home_care,opex_gna,54296.17
budget,2,nordics,home_care,opex_rnd,16288.85
budget,2,nordics,home_care,d_and_a,36545.5
budget,2,nordics,personal_care,revenue,736432.77
budget,2,nordics,personal_care,cogs_materials,219162.39
budget,2,nordics,personal_care,cogs_production,84837.05
budget,2,nordics,personal_care,cogs_logistics,49488.28
budget,2,nordics,personal_care,opex_marketing,84427.93
budget,2,nordics,personal_care,opex_sales,66278.95
budget,2,nordics,personal_care,opex_gna,41594.81
budget,2,nordics,personal_care,opex_rnd,12478.44
budget,2,nordics,personal_care,d_and_a,27996.51
budget,3,italy,beverages,revenue,3481702.41
budget,3,italy,beverages,cogs_materials,1252020.19
budget,3,italy,beverages,cogs_production,484652.98
budget,3,italy,beverages,cogs_logistics,282714.24
budget,3,italy,beverages,opex_marketing,403626.02
budget,3,italy,beverages,opex_sales,313353.22
budget,3,italy,beverages,opex_gna,196168.14
budget,3,italy,beverages,opex_rnd,58850.44
budget,3,italy,beverages,d_and_a,132036.25
budget,3,italy,snacks,revenue,2728270.74
budget,3,italy,snacks,cogs_materials,930340.32
budget,3,italy,snacks,cogs_production,360131.74
budget,3,italy,snacks,cogs_logistics,210076.85
budget,3,italy,snacks,opex_marketing,297012.06
budget,3,italy,snacks,opex_sales,245544.37
budget,3,italy,snacks,opex_gna,144702.55
budget,3,italy,snacks,opex_rnd,43410.77
budget,3,italy,snacks,d_and_a,97395.95
budget,3,italy,dairy,revenue,2682468.52
budget,3,italy,dairy,cogs_materials,1130928.73
budget,3,italy,dairy,cogs_production,437778.86
budget,3,italy,dairy,cogs_logistics,255371.0
budget,3,italy,dairy,opex_marketing,280157.01
budget,3,italy,dairy,opex_sales,241422.17
budget,3,italy,dairy,opex_gna,134346.96
budget,3,italy,dairy,opex_rnd,40304.09
budget,3,italy,dairy,d_and_a,90425.84
budget,3,italy,home_care,revenue,1782937.97
budget,3,italy,home_care,cogs_materials,663252.92
budget,3,italy,home_care,cogs_production,256743.07
budget,3,italy,home_care,cogs_logistics,149766.79
budget,3,italy,home_care,opex_marketing,185821.76
budget,3,italy,home_care,opex_sales,160464.42
budget,3,italy,home_care,opex_gna,82543.42
budget,3,italy,home_care,opex_rnd,24763.03
budget,3,italy,home_care,d_and_a,55558.07
budget,3,italy,personal_care,revenue,1362068.35
budget,3,italy,personal_care,cogs_materials,405351.54
budget,3,italy,personal_care,cogs_production,156910.27
budget,3,italy,personal_care,cogs_logistics,91530.99
budget,3,italy,personal_care,opex_marketing,148181.69
budget,3,italy,personal_care,opex_sales,122586.15
budget,3,italy,personal_care,opex_gna,72123.41
budget,3,italy,personal_care,opex_rnd,21637.02
budget,3,italy,personal_care,d_and_a,48544.6
budget,3,iberia,beverages,revenue,2544561.76
budget,3,iberia,beverages,cogs_materials,915024.41
budget,3,iberia,beverages,cogs_production,354203.0
budget,3,iberia,beverages,cogs_logistics,206618.41
budget,3,iberia,beverages,opex_marketing,294985.39
budget,3,iberia,beverages,opex_sales,229010.56
budget,3,iberia,beverages,opex_gna,143367.21
budget,3,iberia,beverages,opex_rnd,43010.16
budget,3,iberia,beverages,d_and_a,96497.16
budget,3,iberia,snacks,revenue,1921926.89
budget,3,iberia,snacks,cogs_materials,655377.07
budget,3,iberia,snacks,cogs_production,253694.35
budget,3,iberia,snacks,cogs_logistics,147988.37
budget,3,iberia,snacks,opex_marketing,209229.77
budget,3,iberia,snacks,opex_sales,172973.42
budget,3,iberia,snacks,opex_gna,101935.53
budget,3,iberia,snacks,opex_rnd,30580.66
budget,3,iberia,snacks,d_and_a,68610.45
budget,3,iberia,dairy,revenue,1662061.63
budget,3,iberia,dairy,cogs_materials,700725.18
budget,3,iberia,dairy,cogs_production,271248.46
budget,3,iberia,dairy,cogs_logistics,158228.27
budget,3,iberia,dairy,opex_marketing,173585.72
budget,3,iberia,dairy,opex_sales,149585.55
budget,3,iberia,dairy,opex_gna,83241.59
budget,3,iberia,dairy,opex_rnd,24972.48
budget,3,iberia,dairy,d_and_a,56027.99
budget,3,iberia,home_care,revenue,1443093.9
budget,3,iberia,home_care,cogs_materials,536830.93
budget,3,iberia,home_care,cogs_production,207805.52
budget,3,iberia,home_care,cogs_logistics,121219.89
budget,3,iberia,home_care,opex_marketing,150402.45
budget,3,iberia,home_care,opex_sales,129878.45
budget,3,iberia,home_care,opex_gna,66809.9
budget,3,iberia,home_care,opex_rnd,20042.97
budget,3,iberia,home_care,d_and_a,44968.2
budget,3,iberia,personal_care,revenue,840940.32
budget,3,iberia,personal_care,cogs_materials,250263.84
budget,3,iberia,personal_care,cogs_production,96876.32
budget,3,iberia,personal_care,cogs_logistics,56511.19
budget,3,iberia,personal_care,opex_marketing,91487.3
budget,3,iberia,personal_care,opex_sales,75684.63
budget,3,iberia,personal_care,opex_gna,44528.96
budget,3,iberia,personal_care,opex_rnd,13358.69
budget,3,iberia,personal_care,d_and_a,29971.41
budget,3,dach,beverages,revenue,2620293.77
budget,3,dach,beverages,cogs_materials,942257.64
budget,3,dach,beverages,cogs_production,364744.89
budget,3,dach,beverages,cogs_logistics,212767.85
budget,3,dach,beverages,opex_marketing,303764.83
budget,3,dach,beverages,opex_sales,235826.44
budget,3,dach,beverages,opex_gna,147634.14
budget,3,dach,beverages,opex_rnd,44290.24
budget,3,dach,beverages,d_and_a,99369.14
budget,3,dach,snacks,revenue,2376039.57
budget,3,dach,snacks,cogs_materials,810229.49
budget,3,dach,snacks,cogs_production,313637.22
budget,3,dach,snacks,cogs_logistics,182955.05
budget,3,dach,snacks,opex_marketing,258666.56
budget,3,dach,snacks,opex_sales,213843.56
budget,3,dach,snacks,opex_gna,126020.85
budget,3,dach,snacks,opex_rnd,37806.25
budget,3,dach,snacks,d_and_a,84821.73
budget,3,dach,dairy,revenue,1713986.43
budget,3,dach,dairy,cogs_materials,722616.68
budget,3,dach,dairy,cogs_production,279722.59
budget,3,dach,dairy,cogs_logistics,163171.51
budget,3,dach,dairy,opex_marketing,179008.74
budget,3,dach,dairy,opex_sales,154258.78
budget,3,dach,dairy,opex_gna,85842.15
budget,3,dach,dairy,opex_rnd,25752.65
budget,3,dach,dairy,d_and_a,57778.37
budget,3,dach,home_care,revenue,2215218.01
budget,3,dach,home_care,cogs_materials,824061.1
budget,3,dach,home_care,cogs_production,318991.39
budget,3,dach,home_care,cogs_logistics,186078.31
budget,3,dach,home_care,opex_marketing,230874.94
budget,3,dach,home_care,opex_sales,199369.62
budget,3,dach,home_care,opex_gna,102556.39
budget,3,dach,home_care,opex_rnd,30766.92
budget,3,dach,home_care,d_and_a,69028.34
budget,3,dach,personal_care,revenue,1357387.57
budget,3,dach,personal_care,cogs_materials,403958.54
budget,3,dach,personal_care,cogs_production,156371.05
budget,3,dach,personal_care,cogs_logistics,91216.44
budget,3,dach,personal_care,opex_marketing,147672.46
budget,3,dach,personal_care,opex_sales,122164.88
budget,3,dach,personal_care,opex_gna,71875.56
budget,3,dach,personal_care,opex_rnd,21562.67
budget,3,dach,personal_care,d_and_a,48377.78
budget,3,nordics,beverages,revenue,1354427.26
budget,3,nordics,beverages,cogs_materials,487052.04
budget,3,nordics,beverages,cogs_production,188536.27
budget,3,nordics,beverages,cogs_logistics,109979.49
budget,3,nordics,beverages,opex_marketing,157015.74
budget,3,nordics,beverages,opex_sales,121898.45
budget,3,nordics,beverages,opex_gna,76311.94
budget,3,nordics,beverages,opex_rnd,22893.58
budget,3,nordics,beverages,d_and_a,51363.81
budget,3,nordics,snacks,revenue,1826897.64
budget,3,nordics,snacks,cogs_materials,622972.1
budget,3,nordics,snacks,cogs_production,241150.49
budget,3,nordics,snacks,cogs_logistics,140671.12
budget,3,nordics,snacks,opex_marketing,198884.45
budget,3,nordics,snacks,opex_sales,164420.79
budget,3,nordics,snacks,opex_gna,96895.35
budget,3,nordics,snacks,opex_rnd,29068.61
budget,3,nordics,snacks,d_and_a,65218.03
budget,3,nordics,dairy,revenue,1446298.7
budget,3,nordics,dairy,cogs_materials,609759.53
budget,3,nordics,dairy,cogs_production,236035.95
budget,3,nordics,dairy,cogs_logistics,137687.64
budget,3,nordics,dairy,opex_marketing,151051.44
budget,3,nordics,dairy,opex_sales,130166.88
budget,3,nordics,dairy,opex_gna,72435.46
budget,3,nordics,dairy,opex_rnd,21730.64
budget,3,nordics,dairy,d_and_a,48754.64
budget,3,nordics,home_care,revenue,1172797.29
budget,3,nordics,home_care,cogs_materials,436280.59
budget,3,nordics,home_care,cogs_production,168882.81
budget,3,nordics,home_care,cogs_logistics,98514.97
budget,3,nordics,home_care,opex_marketing,122231.54
budget,3,nordics,home_care,opex_sales,105551.76
budget,3,nordics,home_care,opex_gna,54296.17
budget,3,nordics,home_care,opex_rnd,16288.85
budget,3,nordics,home_care,d_and_a,36545.5
budget,3,nordics,personal_care,revenue,785528.28
budget,3,nordics,personal_care,cogs_materials,233773.22
budget,3,nordics,personal_care,cogs_production,90492.86
budget,3,nordics,personal_care,cogs_logistics,52787.5
budget,3,nordics,personal_care,opex_marketing,85458.93
budget,3,nordics,personal_care,opex_sales,70697.55
budget,3,nordics,personal_care,opex_gna,41594.81
budget,3,nordics,personal_care,opex_rnd,12478.44
budget,3,nordics,personal_care,d_and_a,27996.51
budget,4,italy,beverages,revenue,3791187.07
budget,4,italy,beverages,cogs_materials,1363310.87
budget,4,italy,beverages,cogs_production,527733.24
budget,4,italy,beverages,cogs_logistics,307844.39
budget,4,italy,beverages,opex_marketing,432872.32
budget,4,italy,beverages,opex_sales,341206.84
budget,4,italy,beverages,opex_gna,196168.14
budget,4,italy,beverages,opex_rnd,58850.44
budget,4,italy,beverages,d_and_a,132036.25
budget,4,italy,snacks,revenue,2785109.71
budget,4,italy,snacks,cogs_materials,949722.41
budget,4,italy,snacks,cogs_production,367634.48
budget,4,italy,snacks,cogs_logistics,214453.45
budget,4,italy,snacks,opex_marketing,300592.91
budget,4,italy,snacks,opex_sales,250659.87
budget,4,italy,snacks,opex_gna,144702.55
budget,4,italy,snacks,opex_rnd,43410.77
budget,4,italy,snacks,d_and_a,97395.95
budget,4,italy,dairy,revenue,2655643.83
budget,4,italy,dairy,cogs_materials,1119619.44
budget,4,italy,dairy,cogs_production,433401.07
budget,4,italy,dairy,cogs_logistics,252817.29
budget,4,italy,dairy,opex_marketing,278467.06
budget,4,italy,dairy,opex_sales,239007.94
budget,4,italy,dairy,opex_gna,134346.96
budget,4,italy,dairy,opex_rnd,40304.09
budget,4,italy,dairy,d_and_a,90425.84
budget,4,italy,home_care,revenue,1848972.71
budget,4,italy,home_care,cogs_materials,687817.85
budget,4,italy,home_care,cogs_production,266252.07
budget,4,italy,home_care,cogs_logistics,155313.71
budget,4,italy,home_care,opex_marketing,179581.47
budget,4,italy,home_care,opex_sales,166407.54
budget,4,italy,home_care,opex_gna,82543.42
budget,4,italy,home_care,opex_rnd,24763.03
budget,4,italy,home_care,d_and_a,55558.07
budget,4,italy,personal_care,revenue,1390444.77
budget,4,italy,personal_care,cogs_materials,413796.36
budget,4,italy,personal_care,cogs_production,160179.24
budget,4,italy,personal_care,cogs_logistics,93437.89
budget,4,italy,personal_care,opex_marketing,149969.4
budget,4,italy,personal_care,opex_sales,125140.03
budget,4,italy,personal_care,opex_gna,72123.41
budget,4,italy,personal_care,opex_rnd,21637.02
budget,4,italy,personal_care,d_and_a,48544.6
budget,4,iberia,beverages,revenue,2770745.02
budget,4,iberia,beverages,cogs_materials,996359.91
budget,4,iberia,beverages,cogs_production,385687.71
budget,4,iberia,beverages,cogs_logistics,224984.5
budget,4,iberia,beverages,opex_marketing,316359.71
budget,4,iberia,beverages,opex_sales,249367.05
budget,4,iberia,beverages,opex_gna,143367.21
budget,4,iberia,beverages,opex_rnd,43010.16
budget,4,iberia,beverages,d_and_a,96497.16
budget,4,iberia,snacks,revenue,1961967.03
budget,4,iberia,snacks,cogs_materials,669030.76
budget,4,iberia,snacks,cogs_production,258979.65
budget,4,iberia,snacks,cogs_logistics,151071.46
budget,4,iberia,snacks,opex_marketing,211752.3
budget,4,iberia,snacks,opex_sales,176577.03
budget,4,iberia,snacks,opex_gna,101935.53
budget,4,iberia,snacks,opex_rnd,30580.66
budget,4,iberia,snacks,d_and_a,68610.45
budget,4,iberia,dairy,revenue,1645441.01
budget,4,iberia,dairy,cogs_materials,693717.93
budget,4,iberia,dairy,cogs_production,268535.97
budget,4,iberia,dairy,cogs_logistics,156645.98
budget,4,iberia,dairy,opex_marketing,172538.62
budget,4,iberia,dairy,opex_sales,148089.69
budget,4,iberia,dairy,opex_gna,83241.59
budget,4,iberia,dairy,opex_rnd,24972.48
budget,4,iberia,dairy,d_and_a,56027.99
budget,4,iberia,home_care,revenue,1496541.83
budget,4,iberia,home_care,cogs_materials,556713.56
budget,4,iberia,home_care,cogs_production,215502.02
budget,4,iberia,home_care,cogs_logistics,125709.51
budget,4,iberia,home_care,opex_marketing,145351.62
budget,4,iberia,home_care,opex_sales,134688.76
budget,4,iberia,home_care,opex_gna,66809.9
budget,4,iberia,home_care,opex_rnd,20042.97
budget,4,iberia,home_care,d_and_a,44968.2
budget,4,iberia,personal_care,revenue,858459.91
budget,4,iberia,personal_care,cogs_materials,255477.67
budget,4,iberia,personal_care,cogs_production,98894.58
budget,4,iberia,personal_care,cogs_logistics,57688.51
budget,4,iberia,personal_care,opex_marketing,92591.03
budget,4,iberia,personal_care,opex_sales,77261.39
budget,4,iberia,personal_care,opex_gna,44528.96
budget,4,iberia,personal_care,opex_rnd,13358.69
budget,4,iberia,personal_care,d_and_a,29971.41
budget,4,dach,beverages,revenue,2853208.77
budget,4,dach,beverages,cogs_materials,1026013.87
budget,4,dach,beverages,cogs_production,397166.66
budget,4,dach,beverages,cogs_logistics,231680.55
budget,4,dach,beverages,opex_marketing,325775.3
budget,4,dach,beverages,opex_sales,256788.79
budget,4,dach,beverages,opex_gna,147634.14
budget,4,dach,beverages,opex_rnd,44290.24
budget,4,dach,beverages,d_and_a,99369.14
budget,4,dach,snacks,revenue,2425540.39
budget,4,dach,snacks,cogs_materials,827109.27
budget,4,dach,snacks,cogs_production,320171.33
budget,4,dach,snacks,cogs_logistics,186766.61
budget,4,dach,snacks,opex_marketing,261785.11
budget,4,dach,snacks,opex_sales,218298.64
budget,4,dach,snacks,opex_gna,126020.85
budget,4,dach,snacks,opex_rnd,37806.25
budget,4,dach,snacks,d_and_a,84821.73
budget,4,dach,dairy,revenue,1696846.57
budget,4,dach,dairy,cogs_materials,715390.51
budget,4,dach,dairy,cogs_production,276925.36
budget,4,dach,dairy,cogs_logistics,161539.79
budget,4,dach,dairy,opex_marketing,177928.93
budget,4,dach,dairy,opex_sales,152716.19
budget,4,dach,dairy,opex_gna,85842.15
budget,4,dach,dairy,opex_rnd,25752.65
budget,4,dach,dairy,d_and_a,57778.37
budget,4,dach,home_care,revenue,2297263.12
budget,4,dach,home_care,cogs_materials,854581.88
budget,4,dach,home_care,cogs_production,330805.89
budget,4,dach,home_care,cogs_logistics,192970.1
budget,4,dach,home_care,opex_marketing,223121.68
budget,4,dach,home_care,opex_sales,206753.68
budget,4,dach,home_care,opex_gna,102556.39
budget,4,dach,home_care,opex_rnd,30766.92
budget,4,dach,home_care,d_and_a,69028.34
budget,4,dach,personal_care,revenue,1385666.47
budget,4,dach,personal_care,cogs_materials,412374.34
budget,4,dach,personal_care,cogs_production,159628.78
budget,4,dach,personal_care,cogs_logistics,93116.79
budget,4,dach,personal_care,opex_marketing,149454.03
budget,4,dach,personal_care,opex_sales,124709.98
budget,4,dach,personal_care,opex_gna,71875.56
budget,4,dach,personal_care,opex_rnd,21562.67
budget,4,dach,personal_care,d_and_a,48377.78
budget,4,nordics,beverages,revenue,1474820.79
budget,4,nordics,beverages,cogs_materials,530345.56
budget,4,nordics,beverages,cogs_production,205295.05
budget,4,nordics,beverages,cogs_logistics,119755.45
budget,4,nordics,beverages,opex_marketing,168392.93
budget,4,nordics,beverages,opex_sales,132733.87
budget,4,nordics,beverages,opex_gna,76311.94
budget,4,nordics,beverages,opex_rnd,22893.58
budget,4,nordics,beverages,d_and_a,51363.81
budget,4,nordics,snacks,revenue,1864958.01
budget,4,nordics,snacks,cogs_materials,635950.68
budget,4,nordics,snacks,cogs_production,246174.46
budget,4,nordics,snacks,cogs_logistics,143601.77
budget,4,nordics,snacks,opex_marketing,201282.25
budget,4,nordics,snacks,opex_sales,167846.22
budget,4,nordics,snacks,opex_gna,96895.35
budget,4,nordics,snacks,opex_rnd,29068.61
budget,4,nordics,snacks,d_and_a,65218.03
budget,4,nordics,dairy,revenue,1431835.71
budget,4,nordics,dairy,cogs_materials,603661.94
budget,4,nordics,dairy,cogs_production,233675.59
budget,4,nordics,dairy,cogs_logistics,136310.76
budget,4,nordics,dairy,opex_marketing,150140.27
budget,4,nordics,dairy,opex_sales,128865.21
budget,4,nordics,dairy,opex_gna,72435.46
budget,4,nordics,dairy,opex_rnd,21730.64
budget,4,nordics,dairy,d_and_a,48754.64
budget,4,nordics,home_care,revenue,1216234.23
budget,4,nordics,home_care,cogs_materials,452439.13
budget,4,nordics,home_care,cogs_production,175137.73
budget,4,nordics,home_care,cogs_logistics,102163.68
budget,4,nordics,home_care,opex_marketing,118126.75
budget,4,nordics,home_care,opex_sales,109461.08
budget,4,nordics,home_care,opex_gna,54296.17
budget,4,nordics,home_care,opex_rnd,16288.85
budget,4,nordics,home_care,d_and_a,36545.5
budget,4,nordics,personal_care,revenue,801893.46
budget,4,nordics,personal_care,cogs_materials,238643.49
budget,4,nordics,personal_care,cogs_production,92378.13
budget,4,nordics,personal_care,cogs_logistics,53887.24
budget,4,nordics,personal_care,opex_marketing,86489.94
budget,4,nordics,personal_care,opex_sales,72170.41
budget,4,nordics,personal_care,opex_gna,41594.81
budget,4,nordics,personal_care,opex_rnd,12478.44
budget,4,nordics,personal_care,d_and_a,27996.51
budget,5,italy,beverages,revenue,4255414.05
budget,5,italy,beverages,cogs_materials,1530246.89
budget,5,italy,beverages,cogs_production,592353.64
budget,5,italy,beverages,cogs_logistics,345539.62
budget,5,italy,beverages,opex_marketing,462118.62
budget,5,italy,beverages,opex_sales,382987.26
budget,5,italy,beverages,opex_gna,196168.14
budget,5,italy,beverages,opex_rnd,58850.44
budget,5,italy,beverages,d_and_a,132036.25
budget,5,italy,snacks,revenue,2841948.68
budget,5,italy,snacks,cogs_materials,969104.5
budget,5,italy,snacks,cogs_production,375137.23
budget,5,italy,snacks,cogs_logistics,218830.05
budget,5,italy,snacks,opex_marketing,304173.77
budget,5,italy,snacks,opex_sales,255775.38
budget,5,italy,snacks,opex_gna,144702.55
budget,5,italy,snacks,opex_rnd,43410.77
budget,5,italy,snacks,d_and_a,97395.95
budget,5,italy,dairy,revenue,2628819.15
budget,5,italy,dairy,cogs_materials,1108310.15
budget,5,italy,dairy,cogs_production,429023.28
budget,5,italy,dairy,cogs_logistics,250263.58
budget,5,italy,dairy,opex_marketing,275087.15
budget,5,italy,dairy,opex_sales,236593.72
budget,5,italy,dairy,opex_gna,134346.96
budget,5,italy,dairy,opex_rnd,40304.09
budget,5,italy,dairy,d_and_a,90425.84
budget,5,italy,home_care,revenue,1749920.6
budget,5,italy,home_care,cogs_materials,650970.46
budget,5,italy,home_care,cogs_production,251988.57
budget,5,italy,home_care,cogs_logistics,146993.33
budget,5,italy,home_care,opex_marketing,171261.1
budget,5,italy,home_care,opex_sales,157492.85
budget,5,italy,home_care,opex_gna,82543.42
budget,5,italy,home_care,opex_rnd,24763.03
budget,5,italy,home_care,d_and_a,55558.07
budget,5,italy,personal_care,revenue,1418821.2
budget,5,italy,personal_care,cogs_materials,422241.19
budget,5,italy,personal_care,cogs_production,163448.2
budget,5,italy,personal_care,cogs_logistics,95344.78
budget,5,italy,personal_care,opex_marketing,151757.12
budget,5,italy,personal_care,opex_sales,127693.91
budget,5,italy,personal_care,opex_gna,72123.41
budget,5,italy,personal_care,opex_rnd,21637.02
budget,5,italy,personal_care,d_and_a,48544.6
budget,5,iberia,beverages,revenue,3110019.92
budget,5,iberia,beverages,cogs_materials,1118363.16
budget,5,iberia,beverages,cogs_production,432914.77
budget,5,iberia,beverages,cogs_logistics,252533.62
budget,5,iberia,beverages,opex_marketing,337734.03
budget,5,iberia,beverages,opex_sales,279901.79
budget,5,iberia,beverages,opex_gna,143367.21
budget,5,iberia,beverages,opex_rnd,43010.16
budget,5,iberia,beverages,d_and_a,96497.16
budget,5,iberia,snacks,revenue,2002007.18
budget,5,iberia,snacks,cogs_materials,682684.45
budget,5,iberia,snacks,cogs_production,264264.95
budget,5,iberia,snacks,cogs_logistics,154154.55
budget,5,iberia,snacks,opex_marketing,214274.83
budget,5,iberia,snacks,opex_sales,180180.65
budget,5,iberia,snacks,opex_gna,101935.53
budget,5,iberia,snacks,opex_rnd,30580.66
budget,5,iberia,snacks,d_and_a,68610.45
budget,5,iberia,dairy,revenue,1628820.39
budget,5,iberia,dairy,cogs_materials,686710.68
budget,5,iberia,dairy,cogs_production,265823.49
budget,5,iberia,dairy,cogs_logistics,155063.7
budget,5,iberia,dairy,opex_marketing,170444.42
budget,5,iberia,dairy,opex_sales,146593.84
budget,5,iberia,dairy,opex_gna,83241.59
budget,5,iberia,dairy,opex_rnd,24972.48
budget,5,iberia,dairy,d_and_a,56027.99
budget,5,iberia,home_care,revenue,1416369.94
budget,5,iberia,home_care,cogs_materials,526889.62
budget,5,iberia,home_care,cogs_production,203957.27
budget,5,iberia,home_care,cogs_logistics,118975.08
budget,5,iberia,home_care,opex_marketing,138617.19
budget,5,iberia,home_care,opex_sales,127473.29
budget,5,iberia,home_care,opex_gna,66809.9
budget,5,iberia,home_care,opex_rnd,20042.97
budget,5,iberia,home_care,d_and_a,44968.2
budget,5,iberia,personal_care,revenue,875979.5
budget,5,iberia,personal_care,cogs_materials,260691.5
budget,5,iberia,personal_care,cogs_production,100912.84
budget,5,iberia,personal_care,cogs_logistics,58865.82
budget,5,iberia,personal_care,opex_marketing,93694.77
budget,5,iberia,personal_care,opex_sales,78838.15
budget,5,iberia,personal_care,opex_gna,44528.96
budget,5,iberia,personal_care,opex_rnd,13358.69
budget,5,iberia,personal_care,d_and_a,29971.41
budget,5,dach,beverages,revenue,3202581.28
budget,5,dach,beverages,cogs_materials,1151648.23
budget,5,dach,beverages,cogs_production,445799.31
budget,5,dach,beverages,cogs_logistics,260049.6
budget,5,dach,beverages,opex_marketing,347785.77
budget,5,dach,beverages,opex_sales,288232.31
budget,5,dach,beverages,opex_gna,147634.14
budget,5,dach,beverages,opex_rnd,44290.24
budget,5,dach,beverages,d_and_a,99369.14
budget,5,dach,snacks,revenue,2475041.22
budget,5,dach,snacks,cogs_materials,843989.05
budget,5,dach,snacks,cogs_production,326705.44
budget,5,dach,snacks,cogs_logistics,190578.17
budget,5,dach,snacks,opex_marketing,264903.66
budget,5,dach,snacks,opex_sales,222753.71
budget,5,dach,snacks,opex_gna,126020.85
budget,5,dach,snacks,opex_rnd,37806.25
budget,5,dach,snacks,d_and_a,84821.73
budget,5,dach,dairy,revenue,1679706.7
budget,5,dach,dairy,cogs_materials,708164.35
budget,5,dach,dairy,cogs_production,274128.13
budget,5,dach,dairy,cogs_logistics,159908.08
budget,5,dach,dairy,opex_marketing,175769.31
budget,5,dach,dairy,opex_sales,151173.6
budget,5,dach,dairy,opex_gna,85842.15
budget,5,dach,dairy,opex_rnd,25752.65
budget,5,dach,dairy,d_and_a,57778.37
budget,5,dach,home_care,revenue,2174195.45
budget,5,dach,home_care,cogs_materials,808800.71
budget,5,dach,home_care,cogs_production,313084.15
budget,5,dach,home_care,cogs_logistics,182632.42
budget,5,dach,home_care,opex_marketing,212784.0
budget,5,dach,home_care,opex_sales,195677.59
budget,5,dach,home_care,opex_gna,102556.39
budget,5,dach,home_care,opex_rnd,30766.92
budget,5,dach,home_care,d_and_a,69028.34
budget,5,dach,personal_care,revenue,1413945.38
budget,5,dach,personal_care,cogs_materials,420790.15
budget,5,dach,personal_care,cogs_production,162886.51
budget,5,dach,personal_care,cogs_logistics,95017.13
budget,5,dach,personal_care,opex_marketing,151235.6
budget,5,dach,personal_care,opex_sales,127255.08
budget,5,dach,personal_care,opex_gna,71875.56
budget,5,dach,personal_care,opex_rnd,21562.67
budget,5,dach,personal_care,d_and_a,48377.78
budget,5,nordics,beverages,revenue,1655411.09
budget,5,nordics,beverages,cogs_materials,595285.83
budget,5,nordics,beverages,cogs_production,230433.22
budget,5,nordics,beverages,cogs_logistics,134419.38
budget,5,nordics,beverages,opex_marketing,179770.12
budget,5,nordics,beverages,opex_sales,148987.0
budget,5,nordics,beverages,opex_gna,76311.94
budget,5,nordics,beverages,opex_rnd,22893.58
budget,5,nordics,beverages,d_and_a,51363.81
budget,5,nordics,snacks,revenue,1903018.38
budget,5,nordics,snacks,cogs_materials,648929.27
budget,5,nordics,snacks,cogs_production,251198.43
budget,5,nordics,snacks,cogs_logistics,146532.42
budget,5,nordics,snacks,opex_marketing,203680.06
budget,5,nordics,snacks,opex_sales,171271.65
budget,5,nordics,snacks,opex_gna,96895.35
budget,5,nordics,snacks,opex_rnd,29068.61
budget,5,nordics,snacks,d_and_a,65218.03
budget,5,nordics,dairy,revenue,1417372.73
budget,5,nordics,dairy,cogs_materials,597564.34
budget,5,nordics,dairy,cogs_production,231315.23
budget,5,nordics,dairy,cogs_logistics,134933.88
budget,5,nordics,dairy,opex_marketing,148317.93
budget,5,nordics,dairy,opex_sales,127563.55
budget,5,nordics,dairy,opex_gna,72435.46
budget,5,nordics,dairy,opex_rnd,21730.64
budget,5,nordics,dairy,d_and_a,48754.64
budget,5,nordics,home_care,revenue,1151078.82
budget,5,nordics,home_care,cogs_materials,428201.32
budget,5,nordics,home_care,cogs_production,165755.35
budget,5,nordics,home_care,cogs_logistics,96690.62
budget,5,nordics,home_care,opex_marketing,112653.7
budget,5,nordics,home_care,opex_sales,103597.09
budget,5,nordics,home_care,opex_gna,54296.17
budget,5,nordics,home_care,opex_rnd,16288.85
budget,5,nordics,home_care,d_and_a,36545.5
budget,5,nordics,personal_care,revenue,818258.63
budget,5,nordics,personal_care,cogs_materials,243513.77
budget,5,nordics,personal_care,cogs_production,94263.39
budget,5,nordics,personal_care,cogs_logistics,54986.98
budget,5,nordics,personal_care,opex_marketing,87520.94
budget,5,nordics,personal_care,opex_sales,73643.28
budget,5,nordics,personal_care,opex_gna,41594.81
budget,5,nordics,personal_care,opex_rnd,12478.44
budget,5,nordics,personal_care,d_and_a,27996.51
budget,6,italy,beverages,revenue,4719641.04
budget,6,italy,beverages,cogs_materials,1697182.92
budget,6,italy,beverages,cogs_production,656974.03
budget,6,italy,beverages,cogs_logistics,383234.85
budget,6,italy,beverages,opex_marketing,493802.12
budget,6,italy,beverages,opex_sales,424767.69
budget,6,italy,beverages,opex_gna,196168.14
budget,6,italy,beverages,opex_rnd,58850.44
budget,6,italy,beverages,d_and_a,132036.25
budget,6,italy,snacks,revenue,2898787.66
budget,6,italy,snacks,cogs_materials,988486.59
budget,6,italy,snacks,cogs_production,382639.97
budget,6,italy,snacks,cogs_logistics,223206.65
budget,6,italy,snacks,opex_marketing,307754.62
budget,6,italy,snacks,opex_sales,260890.89
budget,6,italy,snacks,opex_gna,144702.55
budget,6,italy,snacks,opex_rnd,43410.77
budget,6,italy,snacks,d_and_a,97395.95
budget,6,italy,dairy,revenue,2575169.78
budget,6,italy,dairy,cogs_materials,1085691.58
budget,6,italy,dairy,cogs_production,420267.71
budget,6,italy,dairy,cogs_logistics,245156.16
budget,6,italy,dairy,opex_marketing,271707.24
budget,6,italy,dairy,opex_sales,231765.28
budget,6,italy,dairy,opex_gna,134346.96
budget,6,italy,dairy,opex_rnd,40304.09
budget,6,italy,dairy,d_and_a,90425.84
budget,6,italy,home_care,revenue,1617851.12
budget,6,italy,home_care,cogs_materials,601840.62
budget,6,italy,home_care,cogs_production,232970.56
budget,6,italy,home_care,cogs_logistics,135899.49
budget,6,italy,home_care,opex_marketing,165020.81
budget,6,italy,home_care,opex_sales,145606.6
budget,6,italy,home_care,opex_gna,82543.42
budget,6,italy,home_care,opex_rnd,24763.03
budget,6,italy,home_care,d_and_a,55558.07
budget,6,italy,personal_care,revenue,1447197.62
budget,6,italy,personal_care,cogs_materials,430686.01
budget,6,italy,personal_care,cogs_production,166717.17
budget,6,italy,personal_care,cogs_logistics,97251.68
budget,6,italy,personal_care,opex_marketing,149969.4
budget,6,italy,personal_care,opex_sales,130247.79
budget,6,italy,personal_care,opex_gna,72123.41
budget,6,italy,personal_care,opex_rnd,21637.02
budget,6,italy,personal_care,d_and_a,48544.6
budget,6,iberia,beverages,revenue,3449294.82
budget,6,iberia,beverages,cogs_materials,1240366.42
budget,6,iberia,beverages,cogs_production,480141.84
budget,6,iberia,beverages,cogs_logistics,280082.74
budget,6,iberia,beverages,opex_marketing,360889.54
budget,6,iberia,beverages,opex_sales,310436.53
budget,6,iberia,beverages,opex_gna,143367.21
budget,6,iberia,beverages,opex_rnd,43010.16
budget,6,iberia,beverages,d_and_a,96497.16
budget,6,iberia,snacks,revenue,2042047.32
budget,6,iberia,snacks,cogs_materials,696338.14
budget,6,iberia,snacks,cogs_production,269550.25
budget,6,iberia,snacks,cogs_logistics,157237.64
budget,6,iberia,snacks,opex_marketing,216797.36
budget,6,iberia,snacks,opex_sales,183784.26
budget,6,iberia,snacks,opex_gna,101935.53
budget,6,iberia,snacks,opex_rnd,30580.66
budget,6,iberia,snacks,d_and_a,68610.45
budget,6,iberia,dairy,revenue,1595579.16
budget,6,iberia,dairy,cogs_materials,672696.17
budget,6,iberia,dairy,cogs_production,260398.52
budget,6,iberia,dairy,cogs_logistics,151899.14
budget,6,iberia,dairy,opex_marketing,168350.22
budget,6,iberia,dairy,opex_sales,143602.12
budget,6,iberia,dairy,opex_gna,83241.59
budget,6,iberia,dairy,opex_rnd,24972.48
budget,6,iberia,dairy,d_and_a,56027.99
budget,6,iberia,home_care,revenue,1309474.1
budget,6,iberia,home_care,cogs_materials,487124.36
budget,6,iberia,home_care,cogs_production,188564.27
budget,6,iberia,home_care,cogs_logistics,109995.82
budget,6,iberia,home_care,opex_marketing,133566.36
budget,6,iberia,home_care,opex_sales,117852.67
budget,6,iberia,home_care,opex_gna,66809.9
budget,6,iberia,home_care,opex_rnd,20042.97
budget,6,iberia,home_care,d_and_a,44968.2
budget,6,iberia,personal_care,revenue,893499.09
budget,6,iberia,personal_care,cogs_materials,265905.33
budget,6,iberia,personal_care,cogs_production,102931.09
budget,6,iberia,personal_care,cogs_logistics,60043.14
budget,6,iberia,personal_care,opex_marketing,92591.03
budget,6,iberia,personal_care,opex_sales,80414.92
budget,6,iberia,personal_care,opex_gna,44528.96
budget,6,iberia,personal_care,opex_rnd,13358.69
budget,6,iberia,personal_care,d_and_a,29971.41
budget,6,dach,beverages,revenue,3551953.78
budget,6,dach,beverages,cogs_materials,1277282.58
budget,6,dach,beverages,cogs_production,494431.97
budget,6,dach,beverages,cogs_logistics,288418.65
budget,6,dach,beverages,opex_marketing,371630.44
budget,6,dach,beverages,opex_sales,319675.84
budget,6,dach,beverages,opex_gna,147634.14
budget,6,dach,beverages,opex_rnd,44290.24
budget,6,dach,beverages,d_and_a,99369.14
budget,6,dach,snacks,revenue,2524542.04
budget,6,dach,snacks,cogs_materials,860868.84
budget,6,dach,snacks,cogs_production,333239.55
budget,6,dach,snacks,cogs_logistics,194389.74
budget,6,dach,snacks,opex_marketing,268022.21
budget,6,dach,snacks,opex_sales,227208.78
budget,6,dach,snacks,opex_gna,126020.85
budget,6,dach,snacks,opex_rnd,37806.25
budget,6,dach,snacks,d_and_a,84821.73
budget,6,dach,dairy,revenue,1645426.98
budget,6,dach,dairy,cogs_materials,693712.01
budget,6,dach,dairy,cogs_production,268533.68
budget,6,dach,dairy,cogs_logistics,156644.65
budget,6,dach,dairy,opex_marketing,173609.69
budget,6,dach,dairy,opex_sales,148088.43
budget,6,dach,dairy,opex_gna,85842.15
budget,6,dach,dairy,opex_rnd,25752.65
budget,6,dach,dairy,d_and_a,57778.37
budget,6,dach,home_care,revenue,2010105.23
budget,6,dach,home_care,cogs_materials,747759.15
budget,6,dach,home_care,cogs_production,289455.15
budget,6,dach,home_care,cogs_logistics,168848.84
budget,6,dach,home_care,opex_marketing,205030.73
budget,6,dach,home_care,opex_sales,180909.47
budget,6,dach,home_care,opex_gna,102556.39
budget,6,dach,home_care,opex_rnd,30766.92
budget,6,dach,home_care,d_and_a,69028.34
budget,6,dach,personal_care,revenue,1442224.29
budget,6,dach,personal_care,cogs_materials,429205.95
budget,6,dach,personal_care,cogs_production,166144.24
budget,6,dach,personal_care,cogs_logistics,96917.47
budget,6,dach,personal_care,opex_marketing,149454.03
budget,6,dach,personal_care,opex_sales,129800.19
budget,6,dach,personal_care,opex_gna,71875.56
budget,6,dach,personal_care,opex_rnd,21562.67
budget,6,dach,personal_care,d_and_a,48377.78
budget,6,nordics,beverages,revenue,1836001.39
budget,6,nordics,beverages,cogs_materials,660226.1
budget,6,nordics,beverages,cogs_production,255571.39
budget,6,nordics,beverages,cogs_logistics,149083.31
budget,6,nordics,beverages,opex_marketing,192095.41
budget,6,nordics,beverages,opex_sales,165240.13
budget,6,nordics,beverages,opex_gna,76311.94
budget,6,nordics,beverages,opex_rnd,22893.58
budget,6,nordics,beverages,d_and_a,51363.81
budget,6,nordics,snacks,revenue,1941078.75
budget,6,nordics,snacks,cogs_materials,661907.85
budget,6,nordics,snacks,cogs_production,256222.39
budget,6,nordics,snacks,cogs_logistics,149463.06
budget,6,nordics,snacks,opex_marketing,206077.86
budget,6,nordics,snacks,opex_sales,174697.09
budget,6,nordics,snacks,opex_gna,96895.35
budget,6,nordics,snacks,opex_rnd,29068.61
budget,6,nordics,snacks,d_and_a,65218.03
budget,6,nordics,dairy,revenue,1388446.75
budget,6,nordics,dairy,cogs_materials,585369.15
budget,6,nordics,dairy,cogs_production,226594.51
budget,6,nordics,dairy,cogs_logistics,132180.13
budget,6,nordics,dairy,opex_marketing,146495.6
budget,6,nordics,dairy,opex_sales,124960.21
budget,6,nordics,dairy,opex_gna,72435.46
budget,6,nordics,dairy,opex_rnd,21730.64
budget,6,nordics,dairy,d_and_a,48754.64
budget,6,nordics,home_care,revenue,1064204.95
budget,6,nordics,home_care,cogs_materials,395884.24
budget,6,nordics,home_care,cogs_production,153245.51
budget,6,nordics,home_care,cogs_logistics,89393.22
budget,6,nordics,home_care,opex_marketing,108548.91
budget,6,nordics,home_care,opex_sales,95778.45
budget,6,nordics,home_care,opex_gna,54296.17
budget,6,nordics,home_care,opex_rnd,16288.85
budget,6,nordics,home_care,d_and_a,36545.5
budget,6,nordics,personal_care,revenue,834623.8
budget,6,nordics,personal_care,cogs_materials,248384.04
budget,6,nordics,personal_care,cogs_production,96148.66
budget,6,nordics,personal_care,cogs_logistics,56086.72
budget,6,nordics,personal_care,opex_marketing,86489.94
budget,6,nordics,personal_care,opex_sales,75116.14
budget,6,nordics,personal_care,opex_gna,41594.81
budget,6,nordics,personal_care,opex_rnd,12478.44
budget,6,nordics,personal_care,d_and_a,27996.51
budget,7,italy,beverages,revenue,5222553.61
budget,7,italy,beverages,cogs_materials,1878030.28
budget,7,italy,beverages,cogs_production,726979.46
budget,7,italy,beverages,cogs_logistics,424071.35
budget,7,italy,beverages,opex_marketing,481616.16
budget,7,italy,beverages,opex_sales,470029.82
budget,7,italy,beverages,opex_gna,196168.14
budget,7,italy,beverages,opex_rnd,58850.44
budget,7,italy,beverages,d_and_a,142599.15
budget,7,italy,snacks,revenue,2955626.63
budget,7,italy,snacks,cogs_materials,1007868.68
budget,7,italy,snacks,cogs_production,390142.72
budget,7,italy,snacks,cogs_logistics,227583.25
budget,7,italy,snacks,opex_marketing,297012.06
budget,7,italy,snacks,opex_sales,266006.4
budget,7,italy,snacks,opex_gna,144702.55
budget,7,italy,snacks,opex_rnd,43410.77
budget,7,italy,snacks,d_and_a,105187.63
budget,7,italy,dairy,revenue,2521520.41
budget,7,italy,dairy,cogs_materials,1063073.0
budget,7,italy,dairy,cogs_production,411512.13
budget,7,italy,dairy,cogs_logistics,240048.74
budget,7,italy,dairy,opex_marketing,268327.33
budget,7,italy,dairy,opex_sales,226936.84
budget,7,italy,dairy,opex_gna,134346.96
budget,7,italy,dairy,opex_rnd,40304.09
budget,7,italy,dairy,d_and_a,97659.91
budget,7,italy,home_care,revenue,1518799.01
budget,7,italy,home_care,cogs_materials,564993.23
budget,7,italy,home_care,cogs_production,218707.06
budget,7,italy,home_care,cogs_logistics,127579.12
budget,7,italy,home_care,opex_marketing,160860.63
budget,7,italy,home_care,opex_sales,136691.91
budget,7,italy,home_care,opex_gna,82543.42
budget,7,italy,home_care,opex_rnd,24763.03
budget,7,italy,home_care,d_and_a,60002.72
budget,7,italy,personal_care,revenue,1418821.2
budget,7,italy,personal_care,cogs_materials,422241.19
budget,7,italy,personal_care,cogs_production,163448.2
budget,7,italy,personal_care,cogs_logistics,95344.78
budget,7,italy,personal_care,opex_marketing,144606.26
budget,7,italy,personal_care,opex_sales,127693.91
budget,7,italy,personal_care,opex_gna,72123.41
budget,7,italy,personal_care,opex_rnd,21637.02
budget,7,italy,personal_care,d_and_a,52428.17
budget,7,iberia,beverages,revenue,3816842.63
budget,7,iberia,beverages,cogs_materials,1372536.61
budget,7,iberia,beverages,cogs_production,531304.49
budget,7,iberia,beverages,cogs_logistics,309927.62
budget,7,iberia,beverages,opex_marketing,351983.57
budget,7,iberia,beverages,opex_sales,343515.84
budget,7,iberia,beverages,opex_gna,143367.21
budget,7,iberia,beverages,opex_rnd,43010.16
budget,7,iberia,beverages,d_and_a,104216.93
budget,7,iberia,snacks,revenue,2082087.47
budget,7,iberia,snacks,cogs_materials,709991.83
budget,7,iberia,snacks,cogs_production,274835.55
budget,7,iberia,snacks,cogs_logistics,160320.73
budget,7,iberia,snacks,opex_marketing,209229.77
budget,7,iberia,snacks,opex_sales,187387.87
budget,7,iberia,snacks,opex_gna,101935.53
budget,7,iberia,snacks,opex_rnd,30580.66
budget,7,iberia,snacks,d_and_a,74099.29
budget,7,iberia,dairy,revenue,1562337.93
budget,7,iberia,dairy,cogs_materials,658681.67
budget,7,iberia,dairy,cogs_production,254973.55
budget,7,iberia,dairy,cogs_logistics,148734.57
budget,7,iberia,dairy,opex_marketing,166256.02
budget,7,iberia,dairy,opex_sales,140610.41
budget,7,iberia,dairy,opex_gna,83241.59
budget,7,iberia,dairy,opex_rnd,24972.48
budget,7,iberia,dairy,d_and_a,60510.23
budget,7,iberia,home_care,revenue,1229302.21
budget,7,iberia,home_care,cogs_materials,457300.42
budget,7,iberia,home_care,cogs_production,177019.52
budget,7,iberia,home_care,cogs_logistics,103261.39
budget,7,iberia,home_care,opex_marketing,130199.14
budget,7,iberia,home_care,opex_sales,110637.2
budget,7,iberia,home_care,opex_gna,66809.9
budget,7,iberia,home_care,opex_rnd,20042.97
budget,7,iberia,home_care,d_and_a,48565.66
budget,7,iberia,personal_care,revenue,875979.5
budget,7,iberia,personal_care,cogs_materials,260691.5
budget,7,iberia,personal_care,cogs_production,100912.84
budget,7,iberia,personal_care,cogs_logistics,58865.82
budget,7,iberia,personal_care,opex_marketing,89279.83
budget,7,iberia,personal_care,opex_sales,78838.15
budget,7,iberia,personal_care,opex_gna,44528.96
budget,7,iberia,personal_care,opex_rnd,13358.69
budget,7,iberia,personal_care,d_and_a,32369.13
budget,7,dach,beverages,revenue,3930440.66
budget,7,dach,beverages,cogs_materials,1413386.46
budget,7,dach,beverages,cogs_production,547117.34
budget,7,dach,beverages,cogs_logistics,319151.78
budget,7,dach,beverages,opex_marketing,362459.41
budget,7,dach,beverages,opex_sales,353739.66
budget,7,dach,beverages,opex_gna,147634.14
budget,7,dach,beverages,opex_rnd,44290.24
budget,7,dach,beverages,d_and_a,107318.67
budget,7,dach,snacks,revenue,2574042.87
budget,7,dach,snacks,cogs_materials,877748.62
budget,7,dach,snacks,cogs_production,339773.66
budget,7,dach,snacks,cogs_logistics,198201.3
budget,7,dach,snacks,opex_marketing,258666.56
budget,7,dach,snacks,opex_sales,231663.86
budget,7,dach,snacks,opex_gna,126020.85
budget,7,dach,snacks,opex_rnd,37806.25
budget,7,dach,snacks,d_and_a,91607.46
budget,7,dach,dairy,revenue,1611147.25
budget,7,dach,dairy,cogs_materials,679259.68
budget,7,dach,dairy,cogs_production,262939.23
budget,7,dach,dairy,cogs_logistics,153381.22
budget,7,dach,dairy,opex_marketing,171450.06
budget,7,dach,dairy,opex_sales,145003.25
budget,7,dach,dairy,opex_gna,85842.15
budget,7,dach,dairy,opex_rnd,25752.65
budget,7,dach,dairy,d_and_a,62400.64
budget,7,dach,home_care,revenue,1887037.56
budget,7,dach,home_care,cogs_materials,701977.97
budget,7,dach,home_care,cogs_production,271733.41
budget,7,dach,home_care,cogs_logistics,158511.16
budget,7,dach,home_care,opex_marketing,199861.89
budget,7,dach,home_care,opex_sales,169833.38
budget,7,dach,home_care,opex_gna,102556.39
budget,7,dach,home_care,opex_rnd,30766.92
budget,7,dach,home_care,d_and_a,74550.61
budget,7,dach,personal_care,revenue,1413945.38
budget,7,dach,personal_care,cogs_materials,420790.15
budget,7,dach,personal_care,cogs_production,162886.51
budget,7,dach,personal_care,cogs_logistics,95017.13
budget,7,dach,personal_care,opex_marketing,144109.31
budget,7,dach,personal_care,opex_sales,127255.08
budget,7,dach,personal_care,opex_gna,71875.56
budget,7,dach,personal_care,opex_rnd,21562.67
budget,7,dach,personal_care,d_and_a,52248.0
budget,7,nordics,beverages,revenue,2031640.88
budget,7,nordics,beverages,cogs_materials,730578.06
budget,7,nordics,beverages,cogs_production,282804.41
budget,7,nordics,beverages,cogs_logistics,164969.24
budget,7,nordics,beverages,opex_marketing,187354.91
budget,7,nordics,beverages,opex_sales,182847.68
budget,7,nordics,beverages,opex_gna,76311.94
budget,7,nordics,beverages,opex_rnd,22893.58
budget,7,nordics,beverages,d_and_a,55472.91
budget,7,nordics,snacks,revenue,1979139.12
budget,7,nordics,snacks,cogs_materials,674886.44
budget,7,nordics,snacks,cogs_production,261246.36
budget,7,nordics,snacks,cogs_logistics,152393.71
budget,7,nordics,snacks,opex_marketing,198884.45
budget,7,nordics,snacks,opex_sales,178122.52
budget,7,nordics,snacks,opex_gna,96895.35
budget,7,nordics,snacks,opex_rnd,29068.61
budget,7,nordics,snacks,d_and_a,70435.47
budget,7,nordics,dairy,revenue,1359520.78
budget,7,nordics,dairy,cogs_materials,573173.96
budget,7,nordics,dairy,cogs_production,221873.79
budget,7,nordics,dairy,cogs_logistics,129426.38
budget,7,nordics,dairy,opex_marketing,144673.26
budget,7,nordics,dairy,opex_sales,122356.87
budget,7,nordics,dairy,opex_gna,72435.46
budget,7,nordics,dairy,opex_rnd,21730.64
budget,7,nordics,dairy,d_and_a,52655.01
budget,7,nordics,home_care,revenue,999049.55
budget,7,nordics,home_care,cogs_materials,371646.43
budget,7,nordics,home_care,cogs_production,143863.13
budget,7,nordics,home_care,cogs_logistics,83920.16
budget,7,nordics,home_care,opex_marketing,105812.38
budget,7,nordics,home_care,opex_sales,89914.46
budget,7,nordics,home_care,opex_gna,54296.17
budget,7,nordics,home_care,opex_rnd,16288.85
budget,7,nordics,home_care,d_and_a,39469.14
budget,7,nordics,personal_care,revenue,818258.63
budget,7,nordics,personal_care,cogs_materials,243513.77
budget,7,nordics,personal_care,cogs_production,94263.39
budget,7,nordics,personal_care,cogs_logistics,54986.98
budget,7,nordics,personal_care,opex_marketing,83396.92
budget,7,nordics,personal_care,opex_sales,73643.28
budget,7,nordics,personal_care,opex_gna,41594.81
budget,7,nordics,personal_care,opex_rnd,12478.44
budget,7,nordics,personal_care,d_and_a,30236.23
budget,8,italy,beverages,revenue,5029125.7
budget,8,italy,beverages,cogs_materials,1808473.6
budget,8,italy,beverages,cogs_production,700054.3
budget,8,italy,beverages,cogs_logistics,408365.01
budget,8,italy,beverages,opex_marketing,420686.36
budget,8,italy,beverages,opex_sales,452621.31
budget,8,italy,beverages,opex_gna,196168.14
budget,8,italy,beverages,opex_rnd,58850.44
budget,8,italy,beverages,d_and_a,142599.15
budget,8,italy,snacks,revenue,2785109.71
budget,8,italy,snacks,cogs_materials,949722.41
budget,8,italy,snacks,cogs_production,367634.48
budget,8,italy,snacks,cogs_logistics,214453.45
budget,8,italy,snacks,opex_marketing,300592.91
budget,8,italy,snacks,opex_sales,250659.87
budget,8,italy,snacks,opex_gna,144702.55
budget,8,italy,snacks,opex_rnd,43410.77
budget,8,italy,snacks,d_and_a,105187.63
budget,8,italy,dairy,revenue,2467871.04
budget,8,italy,dairy,cogs_materials,1040454.43
budget,8,italy,dairy,cogs_production,402756.55
budget,8,italy,dairy,cogs_logistics,234941.32
budget,8,italy,dairy,opex_marketing,281846.97
budget,8,italy,dairy,opex_sales,222108.39
budget,8,italy,dairy,opex_gna,134346.96
budget,8,italy,dairy,opex_rnd,40304.09
budget,8,italy,dairy,d_and_a,97659.91
budget,8,italy,home_care,revenue,1452764.27
budget,8,italy,home_care,cogs_materials,540428.31
budget,8,italy,home_care,cogs_production,209198.06
budget,8,italy,home_care,cogs_logistics,122032.2
budget,8,italy,home_care,opex_marketing,171261.1
budget,8,italy,home_care,opex_sales,130748.78
budget,8,italy,home_care,opex_gna,82543.42
budget,8,italy,home_care,opex_rnd,24763.03
budget,8,italy,home_care,d_and_a,60002.72
budget,8,italy,personal_care,revenue,1333691.92
budget,8,italy,personal_care,cogs_materials,396906.72
budget,8,italy,personal_care,cogs_production,153641.31
budget,8,italy,personal_care,cogs_logistics,89624.1
budget,8,italy,personal_care,opex_marketing,149969.4
budget,8,italy,personal_care,opex_sales,120032.27
budget,8,italy,personal_care,opex_gna,72123.41
budget,8,italy,personal_care,opex_rnd,21637.02
budget,8,italy,personal_care,d_and_a,52428.17
budget,8,iberia,beverages,revenue,3675478.09
budget,8,iberia,beverages,cogs_materials,1321701.92
budget,8,iberia,beverages,cogs_production,511626.55
budget,8,iberia,beverages,cogs_logistics,298448.82
budget,8,iberia,beverages,opex_marketing,307453.74
budget,8,iberia,beverages,opex_sales,330793.03
budget,8,iberia,beverages,opex_gna,143367.21
budget,8,iberia,beverages,opex_rnd,43010.16
budget,8,iberia,beverages,d_and_a,104216.93
budget,8,iberia,snacks,revenue,1961967.03
budget,8,iberia,snacks,cogs_materials,669030.76
budget,8,iberia,snacks,cogs_production,258979.65
budget,8,iberia,snacks,cogs_logistics,151071.46
budget,8,iberia,snacks,opex_marketing,211752.3
budget,8,iberia,snacks,opex_sales,176577.03
budget,8,iberia,snacks,opex_gna,101935.53
budget,8,iberia,snacks,opex_rnd,30580.66
budget,8,iberia,snacks,d_and_a,74099.29
budget,8,iberia,dairy,revenue,1529096.7
budget,8,iberia,dairy,cogs_materials,644667.17
budget,8,iberia,dairy,cogs_production,249548.58
budget,8,iberia,dairy,cogs_logistics,145570.01
budget,8,iberia,dairy,opex_marketing,174632.82
budget,8,iberia,dairy,opex_sales,137618.7
budget,8,iberia,dairy,opex_gna,83241.59
budget,8,iberia,dairy,opex_rnd,24972.48
budget,8,iberia,dairy,d_and_a,60510.23
budget,8,iberia,home_care,revenue,1175854.29
budget,8,iberia,home_care,cogs_materials,437417.8
budget,8,iberia,home_care,cogs_production,169323.02
budget,8,iberia,home_care,cogs_logistics,98771.76
budget,8,iberia,home_care,opex_marketing,138617.19
budget,8,iberia,home_care,opex_sales,105826.89
budget,8,iberia,home_care,opex_gna,66809.9
budget,8,iberia,home_care,opex_rnd,20042.97
budget,8,iberia,home_care,d_and_a,48565.66
budget,8,iberia,personal_care,revenue,823420.73
budget,8,iberia,personal_care,cogs_materials,245050.01
budget,8,iberia,personal_care,cogs_production,94858.07
budget,8,iberia,personal_care,cogs_logistics,55333.87
budget,8,iberia,personal_care,opex_marketing,92591.03
budget,8,iberia,personal_care,opex_sales,74107.87
budget,8,iberia,personal_care,opex_gna,44528.96
budget,8,iberia,personal_care,opex_rnd,13358.69
budget,8,iberia,personal_care,d_and_a,32369.13
budget,8,dach,beverages,revenue,3784868.78
budget,8,dach,beverages,cogs_materials,1361038.81
budget,8,dach,beverages,cogs_production,526853.73
budget,8,dach,beverages,cogs_logistics,307331.34
budget,8,dach,beverages,opex_marketing,316604.27
budget,8,dach,beverages,opex_sales,340638.19
budget,8,dach,beverages,opex_gna,147634.14
budget,8,dach,beverages,opex_rnd,44290.24
budget,8,dach,beverages,d_and_a,107318.67
budget,8,dach,snacks,revenue,2425540.39
budget,8,dach,snacks,cogs_materials,827109.27
budget,8,dach,snacks,cogs_production,320171.33
budget,8,dach,snacks,cogs_logistics,186766.61
budget,8,dach,snacks,opex_marketing,261785.11
budget,8,dach,snacks,opex_sales,218298.64
budget,8,dach,snacks,opex_gna,126020.85
budget,8,dach,snacks,opex_rnd,37806.25
budget,8,dach,snacks,d_and_a,91607.46
budget,8,dach,dairy,revenue,1576867.52
budget,8,dach,dairy,cogs_materials,664807.35
budget,8,dach,dairy,cogs_production,257344.78
budget,8,dach,dairy,cogs_logistics,150117.79
budget,8,dach,dairy,opex_marketing,180088.55
budget,8,dach,dairy,opex_sales,141918.08
budget,8,dach,dairy,opex_gna,85842.15
budget,8,dach,dairy,opex_rnd,25752.65
budget,8,dach,dairy,d_and_a,62400.64
budget,8,dach,home_care,revenue,1804992.45
budget,8,dach,home_care,cogs_materials,671457.19
budget,8,dach,home_care,cogs_production,259918.91
budget,8,dach,home_care,cogs_logistics,151619.37
budget,8,dach,home_care,opex_marketing,212784.0
budget,8,dach,home_care,opex_sales,162449.32
budget,8,dach,home_care,opex_gna,102556.39
budget,8,dach,home_care,opex_rnd,30766.92
budget,8,dach,home_care,d_and_a,74550.61
budget,8,dach,personal_care,revenue,1329108.66
budget,8,dach,personal_care,cogs_materials,395542.74
budget,8,dach,personal_care,cogs_production,153113.32
budget,8,dach,personal_care,cogs_logistics,89316.1
budget,8,dach,personal_care,opex_marketing,149454.03
budget,8,dach,personal_care,opex_sales,119619.78
budget,8,dach,personal_care,opex_gna,71875.56
budget,8,dach,personal_care,opex_rnd,21562.67
budget,8,dach,personal_care,d_and_a,52248.0
budget,8,nordics,beverages,revenue,1956394.93
budget,8,nordics,beverages,cogs_materials,703519.62
budget,8,nordics,beverages,cogs_production,272330.17
budget,8,nordics,beverages,cogs_logistics,158859.27
budget,8,nordics,beverages,opex_marketing,163652.44
budget,8,nordics,beverages,opex_sales,176075.54
budget,8,nordics,beverages,opex_gna,76311.94
budget,8,nordics,beverages,opex_rnd,22893.58
budget,8,nordics,beverages,d_and_a,55472.91
budget,8,nordics,snacks,revenue,1864958.01
budget,8,nordics,snacks,cogs_materials,635950.68
budget,8,nordics,snacks,cogs_production,246174.46
budget,8,nordics,snacks,cogs_logistics,143601.77
budget,8,nordics,snacks,opex_marketing,201282.25
budget,8,nordics,snacks,opex_sales,167846.22
budget,8,nordics,snacks,opex_gna,96895.35
budget,8,nordics,snacks,opex_rnd,29068.61
budget,8,nordics,snacks,d_and_a,70435.47
budget,8,nordics,dairy,revenue,1330594.8
budget,8,nordics,dairy,cogs_materials,560978.77
budget,8,nordics,dairy,cogs_production,217153.07
budget,8,nordics,dairy,cogs_logistics,126672.63
budget,8,nordics,dairy,opex_marketing,151962.6
budget,8,nordics,dairy,opex_sales,119753.53
budget,8,nordics,dairy,opex_gna,72435.46
budget,8,nordics,dairy,opex_rnd,21730.64
budget,8,nordics,dairy,d_and_a,52655.01
budget,8,nordics,home_care,revenue,955612.61
budget,8,nordics,home_care,cogs_materials,355487.89
budget,8,nordics,home_care,cogs_production,137608.22
budget,8,nordics,home_care,cogs_logistics,80271.46
budget,8,nordics,home_care,opex_marketing,112653.7
budget,8,nordics,home_care,opex_sales,86005.13
budget,8,nordics,home_care,opex_gna,54296.17
budget,8,nordics,home_care,opex_rnd,16288.85
budget,8,nordics,home_care,d_and_a,39469.14
budget,8,nordics,personal_care,revenue,769163.11
budget,8,nordics,personal_care,cogs_materials,228902.94
budget,8,nordics,personal_care,cogs_production,88607.59
budget,8,nordics,personal_care,cogs_logistics,51687.76
budget,8,nordics,personal_care,opex_marketing,86489.94
budget,8,nordics,personal_care,opex_sales,69224.68
budget,8,nordics,personal_care,opex_gna,41594.81
budget,8,nordics,personal_care,opex_rnd,12478.44
budget,8,nordics,personal_care,d_and_a,30236.23
budget,9,italy,beverages,revenue,4061986.14
budget,9,italy,beverages,cogs_materials,1460690.22
budget,9,italy,beverages,cogs_production,565428.47
budget,9,italy,beverages,cogs_logistics,329833.27
budget,9,italy,beverages,opex_marketing,389002.87
budget,9,italy,beverages,opex_sales,365578.75
budget,9,italy,beverages,opex_gna,196168.14
budget,9,italy,beverages,opex_rnd,58850.44
budget,9,italy,beverages,d_and_a,142599.15
budget,9,italy,snacks,revenue,2841948.68
budget,9,italy,snacks,cogs_materials,969104.5
budget,9,italy,snacks,cogs_production,375137.23
budget,9,italy,snacks,cogs_logistics,218830.05
budget,9,italy,snacks,opex_marketing,311335.48
budget,9,italy,snacks,opex_sales,255775.38
budget,9,italy,snacks,opex_gna,144702.55
budget,9,italy,snacks,opex_rnd,43410.77
budget,9,italy,snacks,d_and_a,105187.63
budget,9,italy,dairy,revenue,2682468.52
budget,9,italy,dairy,cogs_materials,1130928.73
budget,9,italy,dairy,cogs_production,437778.86
budget,9,italy,dairy,cogs_logistics,255371.0
budget,9,italy,dairy,opex_marketing,286916.83
budget,9,italy,dairy,opex_sales,241422.17
budget,9,italy,dairy,opex_gna,134346.96
budget,9,italy,dairy,opex_rnd,40304.09
budget,9,italy,dairy,d_and_a,97659.91
budget,9,italy,home_care,revenue,1617851.12
budget,9,italy,home_care,cogs_materials,601840.62
budget,9,italy,home_care,cogs_production,232970.56
budget,9,italy,home_care,cogs_logistics,135899.49
budget,9,italy,home_care,opex_marketing,175421.29
budget,9,italy,home_care,opex_sales,145606.6
budget,9,italy,home_care,opex_gna,82543.42
budget,9,italy,home_care,opex_rnd,24763.03
budget,9,italy,home_care,d_and_a,60002.72
budget,9,italy,personal_care,revenue,1418821.2
budget,9,italy,personal_care,cogs_materials,422241.19
budget,9,italy,personal_care,cogs_production,163448.2
budget,9,italy,personal_care,cogs_logistics,95344.78
budget,9,italy,personal_care,opex_marketing,155332.54
budget,9,italy,personal_care,opex_sales,127693.91
budget,9,italy,personal_care,opex_gna,72123.41
budget,9,italy,personal_care,opex_rnd,21637.02
budget,9,italy,personal_care,d_and_a,52428.17
budget,9,iberia,beverages,revenue,2968655.38
budget,9,iberia,beverages,cogs_materials,1067528.48
budget,9,iberia,beverages,cogs_production,413236.83
budget,9,iberia,beverages,cogs_logistics,241054.82
budget,9,iberia,beverages,opex_marketing,284298.23
budget,9,iberia,beverages,opex_sales,267178.98
budget,9,iberia,beverages,opex_gna,143367.21
budget,9,iberia,beverages,opex_rnd,43010.16
budget,9,iberia,beverages,d_and_a,104216.93
budget,9,iberia,snacks,revenue,2002007.18
budget,9,iberia,snacks,cogs_materials,682684.45
budget,9,iberia,snacks,cogs_production,264264.95
budget,9,iberia,snacks,cogs_logistics,154154.55
budget,9,iberia,snacks,opex_marketing,219319.89
budget,9,iberia,snacks,opex_sales,180180.65
budget,9,iberia,snacks,opex_gna,101935.53
budget,9,iberia,snacks,opex_rnd,30580.66
budget,9,iberia,snacks,d_and_a,74099.29
budget,9,iberia,dairy,revenue,1662061.63
budget,9,iberia,dairy,cogs_materials,700725.18
budget,9,iberia,dairy,cogs_production,271248.46
budget,9,iberia,dairy,cogs_logistics,158228.27
budget,9,iberia,dairy,opex_marketing,177774.11
budget,9,iberia,dairy,opex_sales,149585.55
budget,9,iberia,dairy,opex_gna,83241.59
budget,9,iberia,dairy,opex_rnd,24972.48
budget,9,iberia,dairy,d_and_a,60510.23
budget,9,iberia,home_care,revenue,1309474.1
budget,9,iberia,home_care,cogs_materials,487124.36
budget,9,iberia,home_care,cogs_production,188564.27
budget,9,iberia,home_care,cogs_logistics,109995.82
budget,9,iberia,home_care,opex_marketing,141984.41
budget,9,iberia,home_care,opex_sales,117852.67
budget,9,iberia,home_care,opex_gna,66809.9
budget,9,iberia,home_care,opex_rnd,20042.97
budget,9,iberia,home_care,d_and_a,48565.66
budget,9,iberia,personal_care,revenue,875979.5
budget,9,iberia,personal_care,cogs_materials,260691.5
budget,9,iberia,personal_care,cogs_production,100912.84
budget,9,iberia,personal_care,cogs_logistics,58865.82
budget,9,iberia,personal_care,opex_marketing,95902.24
budget,9,iberia,personal_care,opex_sales,78838.15
budget,9,iberia,personal_care,opex_gna,44528.96
budget,9,iberia,personal_care,opex_rnd,13358.69
budget,9,iberia,personal_care,d_and_a,32369.13
budget,9,dach,beverages,revenue,3057009.4
budget,9,dach,beverages,cogs_materials,1099300.58
budget,9,dach,beverages,cogs_production,425535.71
budget,9,dach,beverages,cogs_logistics,248229.16
budget,9,dach,beverages,opex_marketing,292759.6
budget,9,dach,beverages,opex_sales,275130.85
budget,9,dach,beverages,opex_gna,147634.14
budget,9,dach,beverages,opex_rnd,44290.24
budget,9,dach,beverages,d_and_a,107318.67
budget,9,dach,snacks,revenue,2475041.22
budget,9,dach,snacks,cogs_materials,843989.05
budget,9,dach,snacks,cogs_production,326705.44
budget,9,dach,snacks,cogs_logistics,190578.17
budget,9,dach,snacks,opex_marketing,271140.77
budget,9,dach,snacks,opex_sales,222753.71
budget,9,dach,snacks,opex_gna,126020.85
budget,9,dach,snacks,opex_rnd,37806.25
budget,9,dach,snacks,d_and_a,91607.46
budget,9,dach,dairy,revenue,1713986.43
budget,9,dach,dairy,cogs_materials,722616.68
budget,9,dach,dairy,cogs_production,279722.59
budget,9,dach,dairy,cogs_logistics,163171.51
budget,9,dach,dairy,opex_marketing,183327.99
budget,9,dach,dairy,opex_sales,154258.78
budget,9,dach,dairy,opex_gna,85842.15
budget,9,dach,dairy,opex_rnd,25752.65
budget,9,dach,dairy,d_and_a,62400.64
budget,9,dach,home_care,revenue,2010105.23
budget,9,dach,home_care,cogs_materials,747759.15
budget,9,dach,home_care,cogs_production,289455.15
budget,9,dach,home_care,cogs_logistics,168848.84
budget,9,dach,home_care,opex_marketing,217952.84
budget,9,dach,home_care,opex_sales,180909.47
budget,9,dach,home_care,opex_gna,102556.39
budget,9,dach,home_care,opex_rnd,30766.92
budget,9,dach,home_care,d_and_a,74550.61
budget,9,dach,personal_care,revenue,1413945.38
budget,9,dach,personal_care,cogs_materials,420790.15
budget,9,dach,personal_care,cogs_production,162886.51
budget,9,dach,personal_care,cogs_logistics,95017.13
budget,9,dach,personal_care,opex_marketing,154798.74
budget,9,dach,personal_care,opex_sales,127255.08
budget,9,dach,personal_care,opex_gna,71875.56
budget,9,dach,personal_care,opex_rnd,21562.67
budget,9,dach,personal_care,d_and_a,52248.0
budget,9,nordics,beverages,revenue,1580165.13
budget,9,nordics,beverages,cogs_materials,568227.38
budget,9,nordics,beverages,cogs_production,219958.99
budget,9,nordics,beverages,cogs_logistics,128309.41
budget,9,nordics,beverages,opex_marketing,151327.15
budget,9,nordics,beverages,opex_sales,142214.86
budget,9,nordics,beverages,opex_gna,76311.94
budget,9,nordics,beverages,opex_rnd,22893.58
budget,9,nordics,beverages,d_and_a,55472.91
budget,9,nordics,snacks,revenue,1903018.38
budget,9,nordics,snacks,cogs_materials,648929.27
budget,9,nordics,snacks,cogs_production,251198.43
budget,9,nordics,snacks,cogs_logistics,146532.42
budget,9,nordics,snacks,opex_marketing,208475.66
budget,9,nordics,snacks,opex_sales,171271.65
budget,9,nordics,snacks,opex_gna,96895.35
budget,9,nordics,snacks,opex_rnd,29068.61
budget,9,nordics,snacks,d_and_a,70435.47
budget,9,nordics,dairy,revenue,1446298.7
budget,9,nordics,dairy,cogs_materials,609759.53
budget,9,nordics,dairy,cogs_production,236035.95
budget,9,nordics,dairy,cogs_logistics,137687.64
budget,9,nordics,dairy,opex_marketing,154696.11
budget,9,nordics,dairy,opex_sales,130166.88
budget,9,nordics,dairy,opex_gna,72435.46
budget,9,nordics,dairy,opex_rnd,21730.64
budget,9,nordics,dairy,d_and_a,52655.01
budget,9,nordics,home_care,revenue,1064204.95
budget,9,nordics,home_care,cogs_materials,395884.24
budget,9,nordics,home_care,cogs_production,153245.51
budget,9,nordics,home_care,cogs_logistics,89393.22
budget,9,nordics,home_care,opex_marketing,115390.22
budget,9,nordics,home_care,opex_sales,95778.45
budget,9,nordics,home_care,opex_gna,54296.17
budget,9,nordics,home_care,opex_rnd,16288.85
budget,9,nordics,home_care,d_and_a,39469.14
budget,9,nordics,personal_care,revenue,818258.63
budget,9,nordics,personal_care,cogs_materials,243513.77
budget,9,nordics,personal_care,cogs_production,94263.39
budget,9,nordics,personal_care,cogs_logistics,54986.98
budget,9,nordics,personal_care,opex_marketing,89582.95
budget,9,nordics,personal_care,opex_sales,73643.28
budget,9,nordics,personal_care,opex_gna,41594.81
budget,9,nordics,personal_care,opex_rnd,12478.44
budget,9,nordics,personal_care,d_and_a,30236.23
budget,10,italy,beverages,revenue,3559073.57
budget,10,italy,beverages,cogs_materials,1279842.86
budget,10,italy,beverages,cogs_production,495423.04
budget,10,italy,beverages,cogs_logistics,288996.77
budget,10,italy,beverages,opex_marketing,367068.15
budget,10,italy,beverages,opex_sales,320316.62
budget,10,italy,beverages,opex_gna,196168.14
budget,10,italy,beverages,opex_rnd,58850.44
budget,10,italy,beverages,d_and_a,142599.15
budget,10,italy,snacks,revenue,3012465.6
budget,10,italy,snacks,cogs_materials,1027250.77
budget,10,italy,snacks,cogs_production,397645.46
budget,10,italy,snacks,cogs_logistics,231959.85
budget,10,italy,snacks,opex_marketing,322078.04
budget,10,italy,snacks,opex_sales,271121.9
budget,10,italy,snacks,opex_gna,144702.55
budget,10,italy,snacks,opex_rnd,43410.77
budget,10,italy,snacks,d_and_a,105187.63
budget,10,italy,dairy,revenue,2762942.57
budget,10,italy,dairy,cogs_materials,1164856.59
budget,10,italy,dairy,cogs_production,450912.23
budget,10,italy,dairy,cogs_logistics,263032.13
budget,10,italy,dairy,opex_marketing,290296.74
budget,10,italy,dairy,opex_sales,248664.83
budget,10,italy,dairy,opex_gna,134346.96
budget,10,italy,dairy,opex_rnd,40304.09
budget,10,italy,dairy,d_and_a,97659.91
budget,10,italy,home_care,revenue,1683885.86
budget,10,italy,home_care,cogs_materials,626405.54
budget,10,italy,home_care,cogs_production,242479.56
budget,10,italy,home_care,cogs_logistics,141446.41
budget,10,italy,home_care,opex_marketing,173341.19
budget,10,italy,home_care,opex_sales,151549.73
budget,10,italy,home_care,opex_gna,82543.42
budget,10,italy,home_care,opex_rnd,24763.03
budget,10,italy,home_care,d_and_a,60002.72
budget,10,italy,personal_care,revenue,1503950.47
budget,10,italy,personal_care,cogs_materials,447575.66
budget,10,italy,personal_care,cogs_production,173255.09
budget,10,italy,personal_care,cogs_logistics,101065.47
budget,10,italy,personal_care,opex_marketing,162483.4
budget,10,italy,personal_care,opex_sales,135355.54
budget,10,italy,personal_care,opex_gna,72123.41
budget,10,italy,personal_care,opex_rnd,21637.02
budget,10,italy,personal_care,d_and_a,52428.17
budget,10,iberia,beverages,revenue,2601107.57
budget,10,iberia,beverages,cogs_materials,935358.28
budget,10,iberia,beverages,cogs_production,362074.17
budget,10,iberia,beverages,cogs_logistics,211209.93
budget,10,iberia,beverages,opex_marketing,268267.49
budget,10,iberia,beverages,opex_sales,234099.68
budget,10,iberia,beverages,opex_gna,143367.21
budget,10,iberia,beverages,opex_rnd,43010.16
budget,10,iberia,beverages,d_and_a,104216.93
budget,10,iberia,snacks,revenue,2122127.61
budget,10,iberia,snacks,cogs_materials,723645.51
budget,10,iberia,snacks,cogs_production,280120.84
budget,10,iberia,snacks,cogs_logistics,163403.83
budget,10,iberia,snacks,opex_marketing,226887.47
budget,10,iberia,snacks,opex_sales,190991.48
budget,10,iberia,snacks,opex_gna,101935.53
budget,10,iberia,snacks,opex_rnd,30580.66
budget,10,iberia,snacks,d_and_a,74099.29
budget,10,iberia,dairy,revenue,1711923.47
budget,10,iberia,dairy,cogs_materials,721746.94
budget,10,iberia,dairy,cogs_production,279385.91
budget,10,iberia,dairy,cogs_logistics,162975.11
budget,10,iberia,dairy,opex_marketing,179868.31
budget,10,iberia,dairy,opex_sales,154073.11
budget,10,iberia,dairy,opex_gna,83241.59
budget,10,iberia,dairy,opex_rnd,24972.48
budget,10,iberia,dairy,d_and_a,60510.23
budget,10,iberia,home_care,revenue,1362922.02
budget,10,iberia,home_care,cogs_materials,507006.99
budget,10,iberia,home_care,cogs_production,196260.77
budget,10,iberia,home_care,cogs_logistics,114485.45
budget,10,iberia,home_care,opex_marketing,140300.8
budget,10,iberia,home_care,opex_sales,122662.98
budget,10,iberia,home_care,opex_gna,66809.9
budget,10,iberia,home_care,opex_rnd,20042.97
budget,10,iberia,home_care,d_and_a,48565.66
budget,10,iberia,personal_care,revenue,928538.27
budget,10,iberia,personal_care,cogs_materials,276332.99
budget,10,iberia,personal_care,cogs_production,106967.61
budget,10,iberia,personal_care,cogs_logistics,62397.77
budget,10,iberia,personal_care,opex_marketing,100317.17
budget,10,iberia,personal_care,opex_sales,83568.44
budget,10,iberia,personal_care,opex_gna,44528.96
budget,10,iberia,personal_care,opex_rnd,13358.69
budget,10,iberia,personal_care,d_and_a,32369.13
budget,10,dach,beverages,revenue,2678522.52
budget,10,dach,beverages,cogs_materials,963196.7
budget,10,dach,beverages,cogs_production,372850.34
budget,10,dach,beverages,cogs_logistics,217496.03
budget,10,dach,beverages,opex_marketing,276251.75
budget,10,dach,beverages,opex_sales,241067.03
budget,10,dach,beverages,opex_gna,147634.14
budget,10,dach,beverages,opex_rnd,44290.24
budget,10,dach,beverages,d_and_a,107318.67
budget,10,dach,snacks,revenue,2623543.69
budget,10,dach,snacks,cogs_materials,894628.4
budget,10,dach,snacks,cogs_production,346307.77
budget,10,dach,snacks,cogs_logistics,202012.86
budget,10,dach,snacks,opex_marketing,280496.42
budget,10,dach,snacks,opex_sales,236118.93
budget,10,dach,snacks,opex_gna,126020.85
budget,10,dach,snacks,opex_rnd,37806.25
budget,10,dach,snacks,d_and_a,91607.46
budget,10,dach,dairy,revenue,1765406.03
budget,10,dach,dairy,cogs_materials,744295.18
budget,10,dach,dairy,cogs_production,288114.26
budget,10,dach,dairy,cogs_logistics,168066.65
budget,10,dach,dairy,opex_marketing,185487.61
budget,10,dach,dairy,opex_sales,158886.54
budget,10,dach,dairy,opex_gna,85842.15
budget,10,dach,dairy,opex_rnd,25752.65
budget,10,dach,dairy,d_and_a,62400.64
budget,10,dach,home_care,revenue,2092150.34
budget,10,dach,home_care,cogs_materials,778279.93
budget,10,dach,home_care,cogs_production,301269.65
budget,10,dach,home_care,cogs_logistics,175740.63
budget,10,dach,home_care,opex_marketing,215368.42
budget,10,dach,home_care,opex_sales,188293.53
budget,10,dach,home_care,opex_gna,102556.39
budget,10,dach,home_care,opex_rnd,30766.92
budget,10,dach,home_care,d_and_a,74550.61
budget,10,dach,personal_care,revenue,1498782.1
budget,10,dach,personal_care,cogs_materials,446037.55
budget,10,dach,personal_care,cogs_production,172659.7
budget,10,dach,personal_care,cogs_logistics,100718.16
budget,10,dach,personal_care,opex_marketing,161925.03
budget,10,dach,personal_care,opex_sales,134890.39
budget,10,dach,personal_care,opex_gna,71875.56
budget,10,dach,personal_care,opex_rnd,21562.67
budget,10,dach,personal_care,d_and_a,52248.0
budget,10,nordics,beverages,revenue,1384525.64
budget,10,nordics,beverages,cogs_materials,497875.42
budget,10,nordics,beverages,cogs_production,192725.97
budget,10,nordics,beverages,cogs_logistics,112423.48
budget,10,nordics,beverages,opex_marketing,142794.26
budget,10,nordics,beverages,opex_sales,124607.31
budget,10,nordics,beverages,opex_gna,76311.94
budget,10,nordics,beverages,opex_rnd,22893.58
budget,10,nordics,beverages,d_and_a,55472.91
budget,10,nordics,snacks,revenue,2017199.48
budget,10,nordics,snacks,cogs_materials,687865.02
budget,10,nordics,snacks,cogs_production,266270.33
budget,10,nordics,snacks,cogs_logistics,155324.36
budget,10,nordics,snacks,opex_marketing,215669.07
budget,10,nordics,snacks,opex_sales,181547.95
budget,10,nordics,snacks,opex_gna,96895.35
budget,10,nordics,snacks,opex_rnd,29068.61
budget,10,nordics,snacks,d_and_a,70435.47
budget,10,nordics,dairy,revenue,1489687.66
budget,10,nordics,dairy,cogs_materials,628052.32
budget,10,nordics,dairy,cogs_production,243117.03
budget,10,nordics,dairy,cogs_logistics,141818.27
budget,10,nordics,dairy,opex_marketing,156518.45
budget,10,nordics,dairy,opex_sales,134071.89
budget,10,nordics,dairy,opex_gna,72435.46
budget,10,nordics,dairy,opex_rnd,21730.64
budget,10,nordics,dairy,d_and_a,52655.01
budget,10,nordics,home_care,revenue,1107641.89
budget,10,nordics,home_care,cogs_materials,412042.78
budget,10,nordics,home_care,cogs_production,159500.43
budget,10,nordics,home_care,cogs_logistics,93041.92
budget,10,nordics,home_care,opex_marketing,114021.96
budget,10,nordics,home_care,opex_sales,99687.77
budget,10,nordics,home_care,opex_gna,54296.17
budget,10,nordics,home_care,opex_rnd,16288.85
budget,10,nordics,home_care,d_and_a,39469.14
budget,10,nordics,personal_care,revenue,867354.15
budget,10,nordics,personal_care,cogs_materials,258124.59
budget,10,nordics,personal_care,cogs_production,99919.2
budget,10,nordics,personal_care,cogs_logistics,58286.2
budget,10,nordics,personal_care,opex_marketing,93706.98
budget,10,nordics,personal_care,opex_sales,78061.87
budget,10,nordics,personal_care,opex_gna,41594.81
budget,10,nordics,personal_care,opex_rnd,12478.44
budget,10,nordics,personal_care,d_and_a,30236.23
budget,11,italy,beverages,revenue,3210903.33
budget,11,italy,beverages,cogs_materials,1154640.84
budget,11,italy,beverages,cogs_production,446957.74
budget,11,italy,beverages,cogs_logistics,260725.35
budget,11,italy,beverages,opex_marketing,384128.49
budget,11,italy,beverages,opex_sales,288981.3
budget,11,italy,beverages,opex_gna,196168.14
budget,11,italy,beverages,opex_rnd,58850.44
budget,11,italy,beverages,d_and_a,142599.15
budget,11,italy,snacks,revenue,3182982.53
budget,11,italy,snacks,cogs_materials,1085397.04
budget,11,italy,snacks,cogs_production,420153.69
budget,11,italy,snacks,cogs_logistics,245089.65
budget,11,italy,snacks,opex_marketing,336401.47
budget,11,italy,snacks,opex_sales,286468.43
budget,11,italy,snacks,opex_gna,144702.55
budget,11,italy,snacks,opex_rnd,43410.77
budget,11,italy,snacks,d_and_a,105187.63
budget,11,italy,dairy,revenue,2816591.94
budget,11,italy,dairy,cogs_materials,1187475.16
budget,11,italy,dairy,cogs_production,459667.81
budget,11,italy,dairy,cogs_logistics,268139.55
budget,11,italy,dairy,opex_marketing,297056.56
budget,11,italy,dairy,opex_sales,253493.27
budget,11,italy,dairy,opex_gna,134346.96
budget,11,italy,dairy,opex_rnd,40304.09
budget,11,italy,dairy,d_and_a,97659.91
budget,11,italy,home_care,revenue,1650868.49
budget,11,italy,home_care,cogs_materials,614123.08
budget,11,italy,home_care,cogs_production,237725.06
budget,11,italy,home_care,cogs_logistics,138672.95
budget,11,italy,home_care,opex_marketing,171261.1
budget,11,italy,home_care,opex_sales,148578.16
budget,11,italy,home_care,opex_gna,82543.42
budget,11,italy,home_care,opex_rnd,24763.03
budget,11,italy,home_care,d_and_a,60002.72
budget,11,italy,personal_care,revenue,1617456.16
budget,11,italy,personal_care,cogs_materials,481354.95
budget,11,italy,personal_care,cogs_production,186330.95
budget,11,italy,personal_care,cogs_logistics,108693.05
budget,11,italy,personal_care,opex_marketing,174997.41
budget,11,italy,personal_care,opex_sales,145571.05
budget,11,italy,personal_care,opex_gna,72123.41
budget,11,italy,personal_care,opex_rnd,21637.02
budget,11,italy,personal_care,d_and_a,52428.17
budget,11,iberia,beverages,revenue,2346651.4
budget,11,iberia,beverages,cogs_materials,843855.84
budget,11,iberia,beverages,cogs_production,326653.87
budget,11,iberia,beverages,cogs_logistics,190548.09
budget,11,iberia,beverages,opex_marketing,280735.84
budget,11,iberia,beverages,opex_sales,211198.63
budget,11,iberia,beverages,opex_gna,143367.21
budget,11,iberia,beverages,opex_rnd,43010.16
budget,11,iberia,beverages,d_and_a,104216.93
budget,11,iberia,snacks,revenue,2242248.04
budget,11,iberia,snacks,cogs_materials,764606.58
budget,11,iberia,snacks,cogs_production,295976.74
budget,11,iberia,snacks,cogs_logistics,172653.1
budget,11,iberia,snacks,opex_marketing,236977.59
budget,11,iberia,snacks,opex_sales,201802.32
budget,11,iberia,snacks,opex_gna,101935.53
budget,11,iberia,snacks,opex_rnd,30580.66
budget,11,iberia,snacks,d_and_a,74099.29
budget,11,iberia,dairy,revenue,1745164.71
budget,11,iberia,dairy,cogs_materials,735761.44
budget,11,iberia,dairy,cogs_production,284810.88
budget,11,iberia,dairy,cogs_logistics,166139.68
budget,11,iberia,dairy,opex_marketing,184056.7
budget,11,iberia,dairy,opex_sales,157064.82
budget,11,iberia,dairy,opex_gna,83241.59
budget,11,iberia,dairy,opex_rnd,24972.48
budget,11,iberia,dairy,d_and_a,60510.23
budget,11,iberia,home_care,revenue,1336198.06
budget,11,iberia,home_care,cogs_materials,497065.68
budget,11,iberia,home_care,cogs_production,192412.52
budget,11,iberia,home_care,cogs_logistics,112240.64
budget,11,iberia,home_care,opex_marketing,138617.19
budget,11,iberia,home_care,opex_sales,120257.83
budget,11,iberia,home_care,opex_gna,66809.9
budget,11,iberia,home_care,opex_rnd,20042.97
budget,11,iberia,home_care,d_and_a,48565.66
budget,11,iberia,personal_care,revenue,998616.63
budget,11,iberia,personal_care,cogs_materials,297188.31
budget,11,iberia,personal_care,cogs_production,115040.64
budget,11,iberia,personal_care,cogs_logistics,67107.04
budget,11,iberia,personal_care,opex_marketing,108043.31
budget,11,iberia,personal_care,opex_sales,89875.5
budget,11,iberia,personal_care,opex_gna,44528.96
budget,11,iberia,personal_care,opex_rnd,13358.69
budget,11,iberia,personal_care,d_and_a,32369.13
budget,11,dach,beverages,revenue,2416493.14
budget,11,dach,beverages,cogs_materials,868970.93
budget,11,dach,beverages,cogs_production,336375.85
budget,11,dach,beverages,cogs_logistics,196219.24
budget,11,dach,beverages,opex_marketing,289091.19
budget,11,dach,beverages,opex_sales,217484.38
budget,11,dach,beverages,opex_gna,147634.14
budget,11,dach,beverages,opex_rnd,44290.24
budget,11,dach,beverages,d_and_a,107318.67
budget,11,dach,snacks,revenue,2772046.16
budget,11,dach,snacks,cogs_materials,945267.74
budget,11,dach,snacks,cogs_production,365910.09
budget,11,dach,snacks,cogs_logistics,213447.55
budget,11,dach,snacks,opex_marketing,292970.63
budget,11,dach,snacks,opex_sales,249484.15
budget,11,dach,snacks,opex_gna,126020.85
budget,11,dach,snacks,opex_rnd,37806.25
budget,11,dach,snacks,d_and_a,91607.46
budget,11,dach,dairy,revenue,1799685.75
budget,11,dach,dairy,cogs_materials,758747.51
budget,11,dach,dairy,cogs_production,293708.72
budget,11,dach,dairy,cogs_logistics,171330.08
budget,11,dach,dairy,opex_marketing,189806.86
budget,11,dach,dairy,opex_sales,161971.72
budget,11,dach,dairy,opex_gna,85842.15
budget,11,dach,dairy,opex_rnd,25752.65
budget,11,dach,dairy,d_and_a,62400.64
budget,11,dach,home_care,revenue,2051127.79
budget,11,dach,home_care,cogs_materials,763019.54
budget,11,dach,home_care,cogs_production,295362.4
budget,11,dach,home_care,cogs_logistics,172294.73
budget,11,dach,home_care,opex_marketing,212784.0
budget,11,dach,home_care,opex_sales,184601.5
budget,11,dach,home_care,opex_gna,102556.39
budget,11,dach,home_care,opex_rnd,30766.92
budget,11,dach,home_care,d_and_a,74550.61
budget,11,dach,personal_care,revenue,1611897.73
budget,11,dach,personal_care,cogs_materials,479700.77
budget,11,dach,personal_care,cogs_production,185690.62
budget,11,dach,personal_care,cogs_logistics,108319.53
budget,11,dach,personal_care,opex_marketing,174396.02
budget,11,dach,personal_care,opex_sales,145070.8
budget,11,dach,personal_care,opex_gna,71875.56
budget,11,dach,personal_care,opex_rnd,21562.67
budget,11,dach,personal_care,d_and_a,52248.0
budget,11,nordics,beverages,revenue,1249082.91
budget,11,nordics,beverages,cogs_materials,449170.22
budget,11,nordics,beverages,cogs_production,173872.34
budget,11,nordics,beverages,cogs_logistics,101425.53
budget,11,nordics,beverages,opex_marketing,149430.95
budget,11,nordics,beverages,opex_sales,112417.46
budget,11,nordics,beverages,opex_gna,76311.94
budget,11,nordics,beverages,opex_rnd,22893.58
budget,11,nordics,beverages,d_and_a,55472.91
budget,11,nordics,snacks,revenue,2131380.59
budget,11,nordics,snacks,cogs_materials,726800.78
budget,11,nordics,snacks,cogs_production,281342.24
budget,11,nordics,snacks,cogs_logistics,164116.31
budget,11,nordics,snacks,opex_marketing,225260.29
budget,11,nordics,snacks,opex_sales,191824.25
budget,11,nordics,snacks,opex_gna,96895.35
budget,11,nordics,snacks,opex_rnd,29068.61
budget,11,nordics,snacks,d_and_a,70435.47
budget,11,nordics,dairy,revenue,1518613.64
budget,11,nordics,dairy,cogs_materials,640247.51
budget,11,nordics,dairy,cogs_production,247837.75
budget,11,nordics,dairy,cogs_logistics,144572.02
budget,11,nordics,dairy,opex_marketing,160163.12
budget,11,nordics,dairy,opex_sales,136675.23
budget,11,nordics,dairy,opex_gna,72435.46
budget,11,nordics,dairy,opex_rnd,21730.64
budget,11,nordics,dairy,d_and_a,52655.01
budget,11,nordics,home_care,revenue,1085923.42
budget,11,nordics,home_care,cogs_materials,403963.51
budget,11,nordics,home_care,cogs_production,156372.97
budget,11,nordics,home_care,cogs_logistics,91217.57
budget,11,nordics,home_care,opex_marketing,112653.7
budget,11,nordics,home_care,opex_sales,97733.11
budget,11,nordics,home_care,opex_gna,54296.17
budget,11,nordics,home_care,opex_rnd,16288.85
budget,11,nordics,home_care,d_and_a,39469.14
budget,11,nordics,personal_care,revenue,932814.84
budget,11,nordics,personal_care,cogs_materials,277605.7
budget,11,nordics,personal_care,cogs_production,107460.27
budget,11,nordics,personal_care,cogs_logistics,62685.16
budget,11,nordics,personal_care,opex_marketing,100924.02
budget,11,nordics,personal_care,opex_sales,83953.34
budget,11,nordics,personal_care,opex_gna,41594.81
budget,11,nordics,personal_care,opex_rnd,12478.44
budget,11,nordics,personal_care,d_and_a,30236.23
budget,12,italy,beverages,revenue,3481702.41
budget,12,italy,beverages,cogs_materials,1252020.19
budget,12,italy,beverages,cogs_production,484652.98
budget,12,italy,beverages,cogs_logistics,282714.24
budget,12,italy,beverages,opex_marketing,364630.96
budget,12,italy,beverages,opex_sales,313353.22
budget,12,italy,beverages,opex_gna,196168.14
budget,12,italy,beverages,opex_rnd,58850.44
budget,12,italy,beverages,d_and_a,142599.15
budget,12,italy,snacks,revenue,3410338.42
budget,12,italy,snacks,cogs_materials,1162925.4
budget,12,italy,snacks,cogs_production,450164.67
budget,12,italy,snacks,cogs_logistics,262596.06
budget,12,italy,snacks,opex_marketing,289850.35
budget,12,italy,snacks,opex_sales,306930.46
budget,12,italy,snacks,opex_gna,144702.55
budget,12,italy,snacks,opex_rnd,43410.77
budget,12,italy,snacks,d_and_a,105187.63
budget,12,italy,dairy,revenue,2923890.68
budget,12,italy,dairy,cogs_materials,1232712.31
budget,12,italy,dairy,cogs_production,477178.96
budget,12,italy,dairy,cogs_logistics,278354.39
budget,12,italy,dairy,opex_marketing,288606.79
budget,12,italy,dairy,opex_sales,263150.16
budget,12,italy,dairy,opex_gna,134346.96
budget,12,italy,dairy,opex_rnd,40304.09
budget,12,italy,dairy,d_and_a,97659.91
budget,12,italy,home_care,revenue,1617851.12
budget,12,italy,home_care,cogs_materials,601840.62
budget,12,italy,home_care,cogs_production,232970.56
budget,12,italy,home_care,cogs_logistics,135899.49
budget,12,italy,home_care,opex_marketing,171261.1
budget,12,italy,home_care,opex_sales,145606.6
budget,12,italy,home_care,opex_gna,82543.42
budget,12,italy,home_care,opex_rnd,24763.03
budget,12,italy,home_care,d_and_a,60002.72
budget,12,italy,personal_care,revenue,1816091.13
budget,12,italy,personal_care,cogs_materials,540468.72
budget,12,italy,personal_care,cogs_production,209213.7
budget,12,italy,personal_care,cogs_logistics,122041.32
budget,12,italy,personal_care,opex_marketing,142818.54
budget,12,italy,personal_care,opex_sales,163448.2
budget,12,italy,personal_care,opex_gna,72123.41
budget,12,italy,personal_care,opex_rnd,21637.02
budget,12,italy,personal_care,d_and_a,52428.17
budget,12,iberia,beverages,revenue,2544561.76
budget,12,iberia,beverages,cogs_materials,915024.41
budget,12,iberia,beverages,cogs_production,354203.0
budget,12,iberia,beverages,cogs_logistics,206618.41
budget,12,iberia,beverages,opex_marketing,266486.3
budget,12,iberia,beverages,opex_sales,229010.56
budget,12,iberia,beverages,opex_gna,143367.21
budget,12,iberia,beverages,opex_rnd,43010.16
budget,12,iberia,beverages,d_and_a,104216.93
budget,12,iberia,snacks,revenue,2402408.61
budget,12,iberia,snacks,cogs_materials,819221.34
budget,12,iberia,snacks,cogs_production,317117.94
budget,12,iberia,snacks,cogs_logistics,184985.46
budget,12,iberia,snacks,opex_marketing,204184.71
budget,12,iberia,snacks,opex_sales,216216.78
budget,12,iberia,snacks,opex_gna,101935.53
budget,12,iberia,snacks,opex_rnd,30580.66
budget,12,iberia,snacks,d_and_a,74099.29
budget,12,iberia,dairy,revenue,1811647.17
budget,12,iberia,dairy,cogs_materials,763790.45
budget,12,iberia,dairy,cogs_production,295660.82
budget,12,iberia,dairy,cogs_logistics,172468.81
budget,12,iberia,dairy,opex_marketing,178821.21
budget,12,iberia,dairy,opex_sales,163048.25
budget,12,iberia,dairy,opex_gna,83241.59
budget,12,iberia,dairy,opex_rnd,24972.48
budget,12,iberia,dairy,d_and_a,60510.23
budget,12,iberia,home_care,revenue,1309474.1
budget,12,iberia,home_care,cogs_materials,487124.36
budget,12,iberia,home_care,cogs_production,188564.27
budget,12,iberia,home_care,cogs_logistics,109995.82
budget,12,iberia,home_care,opex_marketing,138617.19
budget,12,iberia,home_care,opex_sales,117852.67
budget,12,iberia,home_care,opex_gna,66809.9
budget,12,iberia,home_care,opex_rnd,20042.97
budget,12,iberia,home_care,d_and_a,48565.66
budget,12,iberia,personal_care,revenue,1121253.76
budget,12,iberia,personal_care,cogs_materials,333685.12
budget,12,iberia,personal_care,cogs_production,129168.43
budget,12,iberia,personal_care,cogs_logistics,75348.25
budget,12,iberia,personal_care,opex_marketing,88176.1
budget,12,iberia,personal_care,opex_sales,100912.84
budget,12,iberia,personal_care,opex_gna,44528.96
budget,12,iberia,personal_care,opex_rnd,13358.69
budget,12,iberia,personal_care,d_and_a,32369.13
budget,12,dach,beverages,revenue,2620293.77
budget,12,dach,beverages,cogs_materials,942257.64
budget,12,dach,beverages,cogs_production,364744.89
budget,12,dach,beverages,cogs_logistics,212767.85
budget,12,dach,beverages,opex_marketing,274417.54
budget,12,dach,beverages,opex_sales,235826.44
budget,12,dach,beverages,opex_gna,147634.14
budget,12,dach,beverages,opex_rnd,44290.24
budget,12,dach,beverages,d_and_a,107318.67
budget,12,dach,snacks,revenue,2970049.46
budget,12,dach,snacks,cogs_materials,1012786.87
budget,12,dach,snacks,cogs_production,392046.53
budget,12,dach,snacks,cogs_logistics,228693.81
budget,12,dach,snacks,opex_marketing,252429.45
budget,12,dach,snacks,opex_sales,267304.45
budget,12,dach,snacks,opex_gna,126020.85
budget,12,dach,snacks,opex_rnd,37806.25
budget,12,dach,snacks,d_and_a,91607.46
budget,12,dach,dairy,revenue,1868245.21
budget,12,dach,dairy,cogs_materials,787652.18
budget,12,dach,dairy,cogs_production,304897.62
budget,12,dach,dairy,cogs_logistics,177856.94
budget,12,dach,dairy,opex_marketing,184407.8
budget,12,dach,dairy,opex_sales,168142.07
budget,12,dach,dairy,opex_gna,85842.15
budget,12,dach,dairy,opex_rnd,25752.65
budget,12,dach,dairy,d_and_a,62400.64
budget,12,dach,home_care,revenue,2010105.23
budget,12,dach,home_care,cogs_materials,747759.15
budget,12,dach,home_care,cogs_production,289455.15
budget,12,dach,home_care,cogs_logistics,168848.84
budget,12,dach,home_care,opex_marketing,212784.0
budget,12,dach,home_care,opex_sales,180909.47
budget,12,dach,home_care,opex_gna,102556.39
budget,12,dach,home_care,opex_rnd,30766.92
budget,12,dach,home_care,d_and_a,74550.61
budget,12,dach,personal_care,revenue,1809850.09
budget,12,dach,personal_care,cogs_materials,538611.39
budget,12,dach,personal_care,cogs_production,208494.73
budget,12,dach,personal_care,cogs_logistics,121621.93
budget,12,dach,personal_care,opex_marketing,142327.74
budget,12,dach,personal_care,opex_sales,162886.51
budget,12,dach,personal_care,opex_gna,71875.56
budget,12,dach,personal_care,opex_rnd,21562.67
budget,12,dach,personal_care,d_and_a,52248.0
budget,12,nordics,beverages,revenue,1354427.26
budget,12,nordics,beverages,cogs_materials,487052.04
budget,12,nordics,beverages,cogs_production,188536.27
budget,12,nordics,beverages,cogs_logistics,109979.49
budget,12,nordics,beverages,opex_marketing,141846.16
budget,12,nordics,beverages,opex_sales,121898.45
budget,12,nordics,beverages,opex_gna,76311.94
budget,12,nordics,beverages,opex_rnd,22893.58
budget,12,nordics,beverages,d_and_a,55472.91
budget,12,nordics,snacks,revenue,2283622.06
budget,12,nordics,snacks,cogs_materials,778715.12
budget,12,nordics,snacks,cogs_production,301438.11
budget,12,nordics,snacks,cogs_logistics,175838.9
budget,12,nordics,snacks,opex_marketing,194088.84
budget,12,nordics,snacks,opex_sales,205525.99
budget,12,nordics,snacks,opex_gna,96895.35
budget,12,nordics,snacks,opex_rnd,29068.61
budget,12,nordics,snacks,d_and_a,70435.47
budget,12,nordics,dairy,revenue,1576465.58
budget,12,nordics,dairy,cogs_materials,664637.89
budget,12,nordics,dairy,cogs_production,257279.18
budget,12,nordics,dairy,cogs_logistics,150079.52
budget,12,nordics,dairy,opex_marketing,155607.28
budget,12,nordics,dairy,opex_sales,141881.9
budget,12,nordics,dairy,opex_gna,72435.46
budget,12,nordics,dairy,opex_rnd,21730.64
budget,12,nordics,dairy,d_and_a,52655.01
budget,12,nordics,home_care,revenue,1064204.95
budget,12,nordics,home_care,cogs_materials,395884.24
budget,12,nordics,home_care,cogs_production,153245.51
budget,12,nordics,home_care,cogs_logistics,89393.22
budget,12,nordics,home_care,opex_marketing,112653.7
budget,12,nordics,home_care,opex_sales,95778.45
budget,12,nordics,home_care,opex_gna,54296.17
budget,12,nordics,home_care,opex_rnd,16288.85
budget,12,nordics,home_care,d_and_a,39469.14
budget,12,nordics,personal_care,revenue,1047371.05
budget,12,nordics,personal_care,cogs_materials,311697.62
budget,12,nordics,personal_care,cogs_production,120657.14
budget,12,nordics,personal_care,cogs_logistics,70383.33
budget,12,nordics,personal_care,opex_marketing,82365.91
budget,12,nordics,personal_care,opex_sales,94263.39
budget,12,nordics,personal_care,opex_gna,41594.81
budget,12,nordics,personal_care,opex_rnd,12478.44
budget,12,nordics,personal_care,d_and_a,30236.23
cy_actual,1,italy,beverages,revenue,3084534.69
cy_actual,1,italy,beverages,cogs_materials,1105934.36
cy_actual,1,italy,beverages,cogs_production,428103.62
cy_actual,1,italy,beverages,cogs_logistics,249727.11
cy_actual,1,italy,beverages,opex_marketing,333037.01
cy_actual,1,italy,beverages,opex_sales,281421.18
cy_actual,1,italy,beverages,opex_gna,198511.34
cy_actual,1,italy,beverages,opex_rnd,57124.21
cy_actual,1,italy,beverages,d_and_a,129235.47
cy_actual,1,italy,snacks,revenue,2720334.88
cy_actual,1,italy,snacks,cogs_materials,914971.48
cy_actual,1,italy,snacks,cogs_production,354182.51
cy_actual,1,italy,snacks,cogs_logistics,206606.46
cy_actual,1,italy,snacks,opex_marketing,263507.86
cy_actual,1,italy,snacks,opex_sales,243599.84
cy_actual,1,italy,snacks,opex_gna,152479.39
cy_actual,1,italy,snacks,opex_rnd,43606.8
cy_actual,1,italy,snacks,d_and_a,96971.1
cy_actual,1,italy,dairy,revenue,2773077.9
cy_actual,1,italy,dairy,cogs_materials,1181628.26
cy_actual,1,italy,dairy,cogs_production,457404.49
cy_actual,1,italy,dairy,cogs_logistics,266819.28
cy_actual,1,italy,dairy,opex_marketing,243489.76
cy_actual,1,italy,dairy,opex_sales,249625.22
cy_actual,1,italy,dairy,opex_gna,130500.94
cy_actual,1,italy,dairy,opex_rnd,36575.96
cy_actual,1,italy,dairy,d_and_a,83231.7
cy_actual,1,italy,home_care,revenue,1509048.52
cy_actual,1,italy,home_care,cogs_materials,554653.9
cy_actual,1,italy,home_care,cogs_production,214704.74
cy_actual,1,italy,home_care,cogs_logistics,125244.43
cy_actual,1,italy,home_care,opex_marketing,152707.26
cy_actual,1,italy,home_care,opex_sales,134211.56
cy_actual,1,italy,home_care,opex_gna,81569.46
cy_actual,1,italy,home_care,opex_rnd,23647.7
cy_actual,1,italy,home_care,d_and_a,52640.4
cy_actual,1,italy,personal_care,revenue,1295505.24
cy_actual,1,italy,personal_care,cogs_materials,380514.79
cy_actual,1,italy,personal_care,cogs_production,147296.05
cy_actual,1,italy,personal_care,cogs_logistics,85922.69
cy_actual,1,italy,personal_care,opex_marketing,130101.88
cy_actual,1,italy,personal_care,opex_sales,120163.42
cy_actual,1,italy,personal_care,opex_gna,74878.94
cy_actual,1,italy,personal_care,opex_rnd,21078.01
cy_actual,1,italy,personal_care,d_and_a,47609.31
cy_actual,1,iberia,beverages,revenue,2322805.0
cy_actual,1,iberia,beverages,cogs_materials,846254.78
cy_actual,1,iberia,beverages,cogs_production,327582.5
cy_actual,1,iberia,beverages,cogs_logistics,191089.79
cy_actual,1,iberia,beverages,opex_marketing,257196.55
cy_actual,1,iberia,beverages,opex_sales,210705.2
cy_actual,1,iberia,beverages,opex_gna,155568.13
cy_actual,1,iberia,beverages,opex_rnd,44609.12
cy_actual,1,iberia,beverages,d_and_a,100858.75
cy_actual,1,iberia,snacks,revenue,1984484.54
cy_actual,1,iberia,snacks,cogs_materials,680050.53
cy_actual,1,iberia,snacks,cogs_production,263245.37
cy_actual,1,iberia,snacks,cogs_logistics,153559.8
cy_actual,1,iberia,snacks,opex_marketing,200720.0
cy_actual,1,iberia,snacks,opex_sales,178795.21
cy_actual,1,iberia,snacks,opex_gna,109971.82
cy_actual,1,iberia,snacks,opex_rnd,32474.61
cy_actual,1,iberia,snacks,d_and_a,72359.86
cy_actual,1,iberia,dairy,revenue,1657310.5
cy_actual,1,iberia,dairy,cogs_materials,695826.39
cy_actual,1,iberia,dairy,cogs_production,269352.15
cy_actual,1,iberia,dairy,cogs_logistics,157122.09
cy_actual,1,iberia,dairy,opex_marketing,160626.39
cy_actual,1,iberia,dairy,opex_sales,151552.79
cy_actual,1,iberia,dairy,opex_gna,85662.56
cy_actual,1,iberia,dairy,opex_rnd,24313.0
cy_actual,1,iberia,dairy,d_and_a,54617.81
cy_actual,1,iberia,home_care,revenue,1287128.12
cy_actual,1,iberia,home_care,cogs_materials,477530.45
cy_actual,1,iberia,home_care,cogs_production,184850.5
cy_actual,1,iberia,home_care,cogs_logistics,107829.46
cy_actual,1,iberia,home_care,opex_marketing,135514.64
cy_actual,1,iberia,home_care,opex_sales,113192.23
cy_actual,1,iberia,home_care,opex_gna,68419.77
cy_actual,1,iberia,home_care,opex_rnd,20265.97
cy_actual,1,iberia,home_care,d_and_a,44823.88
cy_actual,1,iberia,personal_care,revenue,766970.24
cy_actual,1,iberia,personal_care,cogs_materials,225274.32
cy_actual,1,iberia,personal_care,cogs_production,87202.96
cy_actual,1,iberia,personal_care,cogs_logistics,50868.4
cy_actual,1,iberia,personal_care,opex_marketing,86330.49
cy_actual,1,iberia,personal_care,opex_sales,69122.3
cy_actual,1,iberia,personal_care,opex_gna,48658.32
cy_actual,1,iberia,personal_care,opex_rnd,13775.79
cy_actual,1,iberia,personal_care,d_and_a,31307.47
cy_actual,1,dach,beverages,revenue,2406564.96
cy_actual,1,dach,beverages,cogs_materials,857898.56
cy_actual,1,dach,beverages,cogs_production,332089.77
cy_actual,1,dach,beverages,cogs_logistics,193719.03
cy_actual,1,dach,beverages,opex_marketing,248310.46
cy_actual,1,dach,beverages,opex_sales,218793.88
cy_actual,1,dach,beverages,opex_gna,149211.34
cy_actual,1,dach,beverages,opex_rnd,43097.39
cy_actual,1,dach,beverages,d_and_a,96147.52
cy_actual,1,dach,snacks,revenue,2286958.93
cy_actual,1,dach,snacks,cogs_materials,784488.6
cy_actual,1,dach,snacks,cogs_production,303673.0
cy_actual,1,dach,snacks,cogs_logistics,177142.59
cy_actual,1,dach,snacks,opex_marketing,227441.22
cy_actual,1,dach,snacks,opex_sales,209031.82
cy_actual,1,dach,snacks,opex_gna,129634.43
cy_actual,1,dach,snacks,opex_rnd,37559.86
cy_actual,1,dach,snacks,d_and_a,83203.05
cy_actual,1,dach,dairy,revenue,1720477.85
cy_actual,1,dach,dairy,cogs_materials,720172.41
cy_actual,1,dach,dairy,cogs_production,278776.42
cy_actual,1,dach,dairy,cogs_logistics,162619.58
cy_actual,1,dach,dairy,opex_marketing,152123.1
cy_actual,1,dach,dairy,opex_sales,154774.89
cy_actual,1,dach,dairy,opex_gna,79548.03
cy_actual,1,dach,dairy,opex_rnd,23004.39
cy_actual,1,dach,dairy,d_and_a,51753.03
cy_actual,1,dach,home_care,revenue,1928506.41
cy_actual,1,dach,home_care,cogs_materials,709989.04
cy_actual,1,dach,home_care,cogs_production,274834.47
cy_actual,1,dach,home_care,cogs_logistics,160320.11
cy_actual,1,dach,home_care,opex_marketing,189963.78
cy_actual,1,dach,home_care,opex_sales,172279.39
cy_actual,1,dach,home_care,opex_gna,99940.17
cy_actual,1,dach,home_care,opex_rnd,29216.18
cy_actual,1,dach,home_care,d_and_a,64296.07
cy_actual,1,dach,personal_care,revenue,1272925.45
cy_actual,1,dach,personal_care,cogs_materials,382291.35
cy_actual,1,dach,personal_care,cogs_production,147983.75
cy_actual,1,dach,personal_care,cogs_logistics,86323.85
cy_actual,1,dach,personal_care,opex_marketing,128618.57
cy_actual,1,dach,personal_care,opex_sales,114901.12
cy_actual,1,dach,personal_care,opex_gna,73254.67
cy_actual,1,dach,personal_care,opex_rnd,20701.11
cy_actual,1,dach,personal_care,d_and_a,47508.98
cy_actual,1,nordics,beverages,revenue,1224996.45
cy_actual,1,nordics,beverages,cogs_materials,450526.42
cy_actual,1,nordics,beverages,cogs_production,174397.32
cy_actual,1,nordics,beverages,cogs_logistics,101731.77
cy_actual,1,nordics,beverages,opex_marketing,135421.08
cy_actual,1,nordics,beverages,opex_sales,109498.14
cy_actual,1,nordics,beverages,opex_gna,81738.8
cy_actual,1,nordics,beverages,opex_rnd,23635.15
cy_actual,1,nordics,beverages,d_and_a,52712.36
cy_actual,1,nordics,snacks,revenue,1798557.49
cy_actual,1,nordics,snacks,cogs_materials,614611.81
cy_actual,1,nordics,snacks,cogs_production,237914.25
cy_actual,1,nordics,snacks,cogs_logistics,138783.31
cy_actual,1,nordics,snacks,opex_marketing,182586.71
cy_actual,1,nordics,snacks,opex_sales,164283.15
cy_actual,1,nordics,snacks,opex_gna,102238.73
cy_actual,1,nordics,snacks,opex_rnd,29559.35
cy_actual,1,nordics,snacks,d_and_a,65850.41
cy_actual,1,nordics,dairy,revenue,1444214.03
cy_actual,1,nordics,dairy,cogs_materials,611758.58
cy_actual,1,nordics,dairy,cogs_production,236809.77
cy_actual,1,nordics,dairy,cogs_logistics,138139.03
cy_actual,1,nordics,dairy,opex_marketing,139649.82
cy_actual,1,nordics,dairy,opex_sales,132360.39
cy_actual,1,nordics,dairy,opex_gna,72959.51
cy_actual,1,nordics,dairy,opex_rnd,20708.86
cy_actual,1,nordics,dairy,d_and_a,47063.07
cy_actual,1,nordics,home_care,revenue,1029367.31
cy_actual,1,nordics,home_care,cogs_materials,387893.49
cy_actual,1,nordics,home_care,cogs_production,150152.32
cy_actual,1,nordics,home_care,cogs_logistics,87588.85
cy_actual,1,nordics,home_care,opex_marketing,105241.67
cy_actual,1,nordics,home_care,opex_sales,93586.77
cy_actual,1,nordics,home_care,opex_gna,54518.24
cy_actual,1,nordics,home_care,opex_rnd,15881.15
cy_actual,1,nordics,home_care,d_and_a,35565.95
cy_actual,1,nordics,personal_care,revenue,727844.74
cy_actual,1,nordics,personal_care,cogs_materials,216025.58
cy_actual,1,nordics,personal_care,cogs_production,83622.8
cy_actual,1,nordics,personal_care,cogs_logistics,48779.97
cy_actual,1,nordics,personal_care,opex_marketing,77966.23
cy_actual,1,nordics,personal_care,opex_sales,64340.89
cy_actual,1,nordics,personal_care,opex_gna,44747.78
cy_actual,1,nordics,personal_care,opex_rnd,12490.64
cy_actual,1,nordics,personal_care,d_and_a,28416.67
cy_actual,2,italy,beverages,revenue,3068616.34
cy_actual,2,italy,beverages,cogs_materials,1106886.39
cy_actual,2,italy,beverages,cogs_production,428472.15
cy_actual,2,italy,beverages,cogs_logistics,249942.09
cy_actual,2,italy,beverages,opex_marketing,358889.32
cy_actual,2,italy,beverages,opex_sales,273202.41
cy_actual,2,italy,beverages,opex_gna,199977.84
cy_actual,2,italy,beverages,opex_rnd,57418.99
cy_actual,2,italy,beverages,d_and_a,129235.47
cy_actual,2,italy,snacks,revenue,2785543.08
cy_actual,2,italy,snacks,cogs_materials,957566.86
cy_actual,2,italy,snacks,cogs_production,370671.04
cy_actual,2,italy,snacks,cogs_logistics,216224.78
cy_actual,2,italy,snacks,opex_marketing,272030.93
cy_actual,2,italy,snacks,opex_sales,246391.1
cy_actual,2,italy,snacks,opex_gna,150259.84
cy_actual,2,italy,snacks,opex_rnd,42529.33
cy_actual,2,italy,snacks,d_and_a,96971.1
cy_actual,2,italy,dairy,revenue,2664770.14
cy_actual,2,italy,dairy,cogs_materials,1127088.87
cy_actual,2,italy,dairy,cogs_production,436292.47
cy_actual,2,italy,dairy,cogs_logistics,254503.94
cy_actual,2,italy,dairy,opex_marketing,243133.7
cy_actual,2,italy,dairy,opex_sales,239792.12
cy_actual,2,italy,dairy,opex_gna,130906.37
cy_actual,2,italy,dairy,opex_rnd,37601.88
cy_actual,2,italy,dairy,d_and_a,83231.7
cy_actual,2,italy,home_care,revenue,1586886.01
cy_actual,2,italy,home_care,cogs_materials,593898.82
cy_actual,2,italy,home_care,cogs_production,229896.32
cy_actual,2,italy,home_care,cogs_logistics,134106.18
cy_actual,2,italy,home_care,opex_marketing,162168.87
cy_actual,2,italy,home_care,opex_sales,142559.71
cy_actual,2,italy,home_care,opex_gna,84207.4
cy_actual,2,italy,home_care,opex_rnd,23553.75
cy_actual,2,italy,home_care,d_and_a,52640.4
cy_actual,2,italy,personal_care,revenue,1239078.1
cy_actual,2,italy,personal_care,cogs_materials,365272.64
cy_actual,2,italy,personal_care,cogs_production,141395.86
cy_actual,2,italy,personal_care,cogs_logistics,82480.92
cy_actual,2,italy,personal_care,opex_marketing,134743.45
cy_actual,2,italy,personal_care,opex_sales,112261.0
cy_actual,2,italy,personal_care,opex_gna,75365.72
cy_actual,2,italy,personal_care,opex_rnd,21073.75
cy_actual,2,italy,personal_care,d_and_a,47609.31
cy_actual,2,iberia,beverages,revenue,2329740.43
cy_actual,2,iberia,beverages,cogs_materials,852652.91
cy_actual,2,iberia,beverages,cogs_production,330059.19
cy_actual,2,iberia,beverages,cogs_logistics,192534.53
cy_actual,2,iberia,beverages,opex_marketing,271613.92
cy_actual,2,iberia,beverages,opex_sales,212071.98
cy_actual,2,iberia,beverages,opex_gna,157710.32
cy_actual,2,iberia,beverages,opex_rnd,44603.52
cy_actual,2,iberia,beverages,d_and_a,100858.75
cy_actual,2,iberia,snacks,revenue,1816980.66
cy_actual,2,iberia,snacks,cogs_materials,620806.41
cy_actual,2,iberia,snacks,cogs_production,240312.16
cy_actual,2,iberia,snacks,cogs_logistics,140182.09
cy_actual,2,iberia,snacks,opex_marketing,204239.61
cy_actual,2,iberia,snacks,opex_sales,161217.86
cy_actual,2,iberia,snacks,opex_gna,112307.36
cy_actual,2,iberia,snacks,opex_rnd,32921.86
cy_actual,2,iberia,snacks,d_and_a,72359.86
cy_actual,2,iberia,dairy,revenue,1722460.62
cy_actual,2,iberia,dairy,cogs_materials,727711.24
cy_actual,2,iberia,dairy,cogs_production,281694.67
cy_actual,2,iberia,dairy,cogs_logistics,164321.89
cy_actual,2,iberia,dairy,opex_marketing,160170.92
cy_actual,2,iberia,dairy,opex_sales,154151.54
cy_actual,2,iberia,dairy,opex_gna,84013.62
cy_actual,2,iberia,dairy,opex_rnd,24433.99
cy_actual,2,iberia,dairy,d_and_a,54617.81
cy_actual,2,iberia,home_care,revenue,1332772.63
cy_actual,2,iberia,home_care,cogs_materials,492653.94
cy_actual,2,iberia,home_care,cogs_production,190704.75
cy_actual,2,iberia,home_care,cogs_logistics,111244.44
cy_actual,2,iberia,home_care,opex_marketing,137480.54
cy_actual,2,iberia,home_care,opex_sales,119048.98
cy_actual,2,iberia,home_care,opex_gna,69426.06
cy_actual,2,iberia,home_care,opex_rnd,20098.67
cy_actual,2,iberia,home_care,d_and_a,44823.88
cy_actual,2,iberia,personal_care,revenue,860266.76
cy_actual,2,iberia,personal_care,cogs_materials,252213.37
cy_actual,2,iberia,personal_care,cogs_production,97630.98
cy_actual,2,iberia,personal_care,cogs_logistics,56951.41
cy_actual,2,iberia,personal_care,opex_marketing,87921.13
cy_actual,2,iberia,personal_care,opex_sales,77249.99
cy_actual,2,iberia,personal_care,opex_gna,48643.68
cy_actual,2,iberia,personal_care,opex_rnd,13991.74
cy_actual,2,iberia,personal_care,d_and_a,31307.47
cy_actual,2,dach,beverages,revenue,2283079.81
cy_actual,2,dach,beverages,cogs_materials,827840.71
cy_actual,2,dach,beverages,cogs_production,320454.47
cy_actual,2,dach,beverages,cogs_logistics,186931.77
cy_actual,2,dach,beverages,opex_marketing,266116.71
cy_actual,2,dach,beverages,opex_sales,203754.49
cy_actual,2,dach,beverages,opex_gna,147796.98
cy_actual,2,dach,beverages,opex_rnd,42683.84
cy_actual,2,dach,beverages,d_and_a,96147.52
cy_actual,2,dach,snacks,revenue,2256371.51
cy_actual,2,dach,snacks,cogs_materials,757838.08
cy_actual,2,dach,snacks,cogs_production,293356.68
cy_actual,2,dach,snacks,cogs_logistics,171124.73
cy_actual,2,dach,snacks,opex_marketing,229989.37
cy_actual,2,dach,snacks,opex_sales,208219.99
cy_actual,2,dach,snacks,opex_gna,126131.73
cy_actual,2,dach,snacks,opex_rnd,37541.09
cy_actual,2,dach,snacks,d_and_a,83203.05
cy_actual,2,dach,dairy,revenue,1612417.25
cy_actual,2,dach,dairy,cogs_materials,688199.97
cy_actual,2,dach,dairy,cogs_production,266399.99
cy_actual,2,dach,dairy,cogs_logistics,155399.99
cy_actual,2,dach,dairy,opex_marketing,154016.63
cy_actual,2,dach,dairy,opex_sales,145578.01
cy_actual,2,dach,dairy,opex_gna,80668.91
cy_actual,2,dach,dairy,opex_rnd,23625.94
cy_actual,2,dach,dairy,d_and_a,51753.03
cy_actual,2,dach,home_care,revenue,1984809.38
cy_actual,2,dach,home_care,cogs_materials,729941.04
cy_actual,2,dach,home_care,cogs_production,282557.82
cy_actual,2,dach,home_care,cogs_logistics,164825.4
cy_actual,2,dach,home_care,opex_marketing,197147.4
cy_actual,2,dach,home_care,opex_sales,177518.38
cy_actual,2,dach,home_care,opex_gna,99785.34
cy_actual,2,dach,home_care,opex_rnd,28667.08
cy_actual,2,dach,home_care,d_and_a,64296.07
cy_actual,2,dach,personal_care,revenue,1231604.82
cy_actual,2,dach,personal_care,cogs_materials,369466.23
cy_actual,2,dach,personal_care,cogs_production,143019.18
cy_actual,2,dach,personal_care,cogs_logistics,83427.86
cy_actual,2,dach,personal_care,opex_marketing,134290.69
cy_actual,2,dach,personal_care,opex_sales,108839.84
cy_actual,2,dach,personal_care,opex_gna,73470.37
cy_actual,2,dach,personal_care,opex_rnd,21227.12
cy_actual,2,dach,personal_care,d_and_a,47508.98
cy_actual,2,nordics,beverages,revenue,1223400.26
cy_actual,2,nordics,beverages,cogs_materials,432033.57
cy_actual,2,nordics,beverages,cogs_production,167238.8
cy_actual,2,nordics,beverages,cogs_logistics,97555.97
cy_actual,2,nordics,beverages,opex_marketing,148034.36
cy_actual,2,nordics,beverages,opex_sales,107483.73
cy_actual,2,nordics,beverages,opex_gna,83114.3
cy_actual,2,nordics,beverages,opex_rnd,23315.36
cy_actual,2,nordics,beverages,d_and_a,52712.36
cy_actual,2,nordics,snacks,revenue,1803379.88
cy_actual,2,nordics,snacks,cogs_materials,621586.76
cy_actual,2,nordics,snacks,cogs_production,240614.23
cy_actual,2,nordics,snacks,cogs_logistics,140358.3
cy_actual,2,nordics,snacks,opex_marketing,183935.77
cy_actual,2,nordics,snacks,opex_sales,162846.38
cy_actual,2,nordics,snacks,opex_gna,100302.88
cy_actual,2,nordics,snacks,opex_rnd,29135.39
cy_actual,2,nordics,snacks,d_and_a,65850.41
cy_actual,2,nordics,dairy,revenue,1449199.08
cy_actual,2,nordics,dairy,cogs_materials,620146.02
cy_actual,2,nordics,dairy,cogs_production,240056.52
cy_actual,2,nordics,dairy,cogs_logistics,140032.97
cy_actual,2,nordics,dairy,opex_marketing,136865.2
cy_actual,2,nordics,dairy,opex_sales,130073.1
cy_actual,2,nordics,dairy,opex_gna,73902.6
cy_actual,2,nordics,dairy,opex_rnd,21287.39
cy_actual,2,nordics,dairy,d_and_a,47063.07
cy_actual,2,nordics,home_care,revenue,1013035.9
cy_actual,2,nordics,home_care,cogs_materials,381400.96
cy_actual,2,nordics,home_care,cogs_production,147639.08
cy_actual,2,nordics,home_care,cogs_logistics,86122.8
cy_actual,2,nordics,home_care,opex_marketing,109632.62
cy_actual,2,nordics,home_care,opex_sales,91714.23
cy_actual,2,nordics,home_care,opex_gna,55459.38
cy_actual,2,nordics,home_care,opex_rnd,15968.2
cy_actual,2,nordics,home_care,d_and_a,35565.95
cy_actual,2,nordics,personal_care,revenue,753461.39
cy_actual,2,nordics,personal_care,cogs_materials,229373.4
cy_actual,2,nordics,personal_care,cogs_production,88789.7
cy_actual,2,nordics,personal_care,cogs_logistics,51793.99
cy_actual,2,nordics,personal_care,opex_marketing,78463.11
cy_actual,2,nordics,personal_care,opex_sales,68023.95
cy_actual,2,nordics,personal_care,opex_gna,44792.44
cy_actual,2,nordics,personal_care,opex_rnd,12669.72
cy_actual,2,nordics,personal_care,d_and_a,28416.67
cy_actual,3,italy,beverages,revenue,3550154.32
cy_actual,3,italy,beverages,cogs_materials,1306757.26
cy_actual,3,italy,beverages,cogs_production,505841.52
cy_actual,3,italy,beverages,cogs_logistics,295074.22
cy_actual,3,italy,beverages,opex_marketing,377416.01
cy_actual,3,italy,beverages,opex_sales,322111.92
cy_actual,3,italy,beverages,opex_gna,203708.29
cy_actual,3,italy,beverages,opex_rnd,58161.7
cy_actual,3,italy,beverages,d_and_a,129235.47
cy_actual,3,italy,snacks,revenue,2627534.89
cy_actual,3,italy,snacks,cogs_materials,895058.2
cy_actual,3,italy,snacks,cogs_production,346474.14
cy_actual,3,italy,snacks,cogs_logistics,202109.92
cy_actual,3,italy,snacks,opex_marketing,274417.1
cy_actual,3,italy,snacks,opex_sales,235561.84
cy_actual,3,italy,snacks,opex_gna,149564.24
cy_actual,3,italy,snacks,opex_rnd,42802.52
cy_actual,3,italy,snacks,d_and_a,96971.1
cy_actual,3,italy,dairy,revenue,2492032.08
cy_actual,3,italy,dairy,cogs_materials,1056104.64
cy_actual,3,italy,dairy,cogs_production,408814.7
cy_actual,3,italy,dairy,cogs_logistics,238475.24
cy_actual,3,italy,dairy,opex_marketing,242583.42
cy_actual,3,italy,dairy,opex_sales,224025.07
cy_actual,3,italy,dairy,opex_gna,129394.32
cy_actual,3,italy,dairy,opex_rnd,37200.69
cy_actual,3,italy,dairy,d_and_a,83231.7
cy_actual,3,italy,home_care,revenue,1712505.86
cy_actual,3,italy,home_care,cogs_materials,642565.62
cy_actual,3,italy,home_care,cogs_production,248735.08
cy_actual,3,italy,home_care,cogs_logistics,145095.46
cy_actual,3,italy,home_care,opex_marketing,165145.46
cy_actual,3,italy,home_care,opex_sales,155081.86
cy_actual,3,italy,home_care,opex_gna,81750.72
cy_actual,3,italy,home_care,opex_rnd,23417.43
cy_actual,3,italy,home_care,d_and_a,52640.4
cy_actual,3,italy,personal_care,revenue,1367614.86
cy_actual,3,italy,personal_care,cogs_materials,407019.55
cy_actual,3,italy,personal_care,cogs_production,157555.96
cy_actual,3,italy,personal_care,cogs_logistics,91907.64
cy_actual,3,italy,personal_care,opex_marketing,135662.79
cy_actual,3,italy,personal_care,opex_sales,122758.04
cy_actual,3,italy,personal_care,opex_gna,73159.97
cy_actual,3,italy,personal_care,opex_rnd,21463.36
cy_actual,3,italy,personal_care,d_and_a,47609.31
cy_actual,3,iberia,beverages,revenue,2721914.93
cy_actual,3,iberia,beverages,cogs_materials,991604.25
cy_actual,3,iberia,beverages,cogs_production,383846.81
cy_actual,3,iberia,beverages,cogs_logistics,223910.64
cy_actual,3,iberia,beverages,opex_marketing,286873.04
cy_actual,3,iberia,beverages,opex_sales,244932.03
cy_actual,3,iberia,beverages,opex_gna,156491.99
cy_actual,3,iberia,beverages,opex_rnd,45170.69
cy_actual,3,iberia,beverages,d_and_a,100858.75
cy_actual,3,iberia,snacks,revenue,2011356.7
cy_actual,3,iberia,snacks,cogs_materials,690596.71
cy_actual,3,iberia,snacks,cogs_production,267327.76
cy_actual,3,iberia,snacks,cogs_logistics,155941.19
cy_actual,3,iberia,snacks,opex_marketing,201920.31
cy_actual,3,iberia,snacks,opex_sales,181250.19
cy_actual,3,iberia,snacks,opex_gna,109241.38
cy_actual,3,iberia,snacks,opex_rnd,32077.21
cy_actual,3,iberia,snacks,d_and_a,72359.86
cy_actual,3,iberia,dairy,revenue,1681693.31
cy_actual,3,iberia,dairy,cogs_materials,713942.14
cy_actual,3,iberia,dairy,cogs_production,276364.7
cy_actual,3,iberia,dairy,cogs_logistics,161212.74
cy_actual,3,iberia,dairy,opex_marketing,161818.98
cy_actual,3,iberia,dairy,opex_sales,150654.13
cy_actual,3,iberia,dairy,opex_gna,84601.96
cy_actual,3,iberia,dairy,opex_rnd,24074.98
cy_actual,3,iberia,dairy,d_and_a,54617.81
cy_actual,3,iberia,home_care,revenue,1509082.78
cy_actual,3,iberia,home_care,cogs_materials,569010.33
cy_actual,3,iberia,home_care,cogs_production,220262.06
cy_actual,3,iberia,home_care,cogs_logistics,128486.2
cy_actual,3,iberia,home_care,opex_marketing,141095.78
cy_actual,3,iberia,home_care,opex_sales,133576.55
cy_actual,3,iberia,home_care,opex_gna,69151.11
cy_actual,3,iberia,home_care,opex_rnd,20385.69
cy_actual,3,iberia,home_care,d_and_a,44823.88
cy_actual,3,iberia,personal_care,revenue,885018.24
cy_actual,3,iberia,personal_care,cogs_materials,263167.43
cy_actual,3,iberia,personal_care,cogs_production,101871.26
cy_actual,3,iberia,personal_care,cogs_logistics,59424.9
cy_actual,3,iberia,personal_care,opex_marketing,89712.25
cy_actual,3,iberia,personal_care,opex_sales,80801.18
cy_actual,3,iberia,personal_care,opex_gna,48280.53
cy_actual,3,iberia,personal_care,opex_rnd,14182.77
cy_actual,3,iberia,personal_care,d_and_a,31307.47
cy_actual,3,dach,beverages,revenue,2563227.3
cy_actual,3,dach,beverages,cogs_materials,924114.12
cy_actual,3,dach,beverages,cogs_production,357721.59
cy_actual,3,dach,beverages,cogs_logistics,208670.93
cy_actual,3,dach,beverages,opex_marketing,276227.95
cy_actual,3,dach,beverages,opex_sales,228771.02
cy_actual,3,dach,beverages,opex_gna,148708.4
cy_actual,3,dach,beverages,opex_rnd,43449.53
cy_actual,3,dach,beverages,d_and_a,96147.52
cy_actual,3,dach,snacks,revenue,2382475.36
cy_actual,3,dach,snacks,cogs_materials,810605.35
cy_actual,3,dach,snacks,cogs_production,313782.72
cy_actual,3,dach,snacks,cogs_logistics,183039.92
cy_actual,3,dach,snacks,opex_marketing,244733.58
cy_actual,3,dach,snacks,opex_sales,211400.47
cy_actual,3,dach,snacks,opex_gna,129868.17
cy_actual,3,dach,snacks,opex_rnd,37066.53
cy_actual,3,dach,snacks,d_and_a,83203.05
cy_actual,3,dach,dairy,revenue,1545481.94
cy_actual,3,dach,dairy,cogs_materials,651446.2
cy_actual,3,dach,dairy,cogs_production,252172.72
cy_actual,3,dach,dairy,cogs_logistics,147100.76
cy_actual,3,dach,dairy,opex_marketing,148182.86
cy_actual,3,dach,dairy,opex_sales,138429.75
cy_actual,3,dach,dairy,opex_gna,81624.15
cy_actual,3,dach,dairy,opex_rnd,22744.04
cy_actual,3,dach,dairy,d_and_a,51753.03
cy_actual,3,dach,home_care,revenue,2050139.82
cy_actual,3,dach,home_care,cogs_materials,756484.78
cy_actual,3,dach,home_care,cogs_production,292832.82
cy_actual,3,dach,home_care,cogs_logistics,170819.14
cy_actual,3,dach,home_care,opex_marketing,202172.46
cy_actual,3,dach,home_care,opex_sales,185605.49
cy_actual,3,dach,home_care,opex_gna,99037.59
cy_actual,3,dach,home_care,opex_rnd,28689.7
cy_actual,3,dach,home_care,d_and_a,64296.07
cy_actual,3,dach,personal_care,revenue,1299896.33
cy_actual,3,dach,personal_care,cogs_materials,385169.79
cy_actual,3,dach,personal_care,cogs_production,149097.98
cy_actual,3,dach,personal_care,cogs_logistics,86973.82
cy_actual,3,dach,personal_care,opex_marketing,135635.45
cy_actual,3,dach,personal_care,opex_sales,117726.69
cy_actual,3,dach,personal_care,opex_gna,73082.8
cy_actual,3,dach,personal_care,opex_rnd,21480.98
cy_actual,3,dach,personal_care,d_and_a,47508.98
cy_actual,3,nordics,beverages,revenue,1457486.83
cy_actual,3,nordics,beverages,cogs_materials,528149.71
cy_actual,3,nordics,beverages,cogs_production,204445.05
cy_actual,3,nordics,beverages,cogs_logistics,119259.61
cy_actual,3,nordics,beverages,opex_marketing,151020.6
cy_actual,3,nordics,beverages,opex_sales,132792.84
cy_actual,3,nordics,beverages,opex_gna,83111.74
cy_actual,3,nordics,beverages,opex_rnd,23316.1
cy_actual,3,nordics,beverages,d_and_a,52712.36
cy_actual,3,nordics,snacks,revenue,1821795.38
cy_actual,3,nordics,snacks,cogs_materials,628812.21
cy_actual,3,nordics,snacks,cogs_production,243411.18
cy_actual,3,nordics,snacks,cogs_logistics,141989.85
cy_actual,3,nordics,snacks,opex_marketing,188945.51
cy_actual,3,nordics,snacks,opex_sales,164109.46
cy_actual,3,nordics,snacks,opex_gna,101082.51
cy_actual,3,nordics,snacks,opex_rnd,29131.51
cy_actual,3,nordics,snacks,d_and_a,65850.41
cy_actual,3,nordics,dairy,revenue,1352024.98
cy_actual,3,nordics,dairy,cogs_materials,564168.57
cy_actual,3,nordics,dairy,cogs_production,218387.84
cy_actual,3,nordics,dairy,cogs_logistics,127392.9
cy_actual,3,nordics,dairy,opex_marketing,138041.2
cy_actual,3,nordics,dairy,opex_sales,121855.23
cy_actual,3,nordics,dairy,opex_gna,72160.86
cy_actual,3,nordics,dairy,opex_rnd,20868.95
cy_actual,3,nordics,dairy,d_and_a,47063.07
cy_actual,3,nordics,home_care,revenue,1127030.24
cy_actual,3,nordics,home_care,cogs_materials,425636.79
cy_actual,3,nordics,home_care,cogs_production,164762.63
cy_actual,3,nordics,home_care,cogs_logistics,96111.53
cy_actual,3,nordics,home_care,opex_marketing,112105.23
cy_actual,3,nordics,home_care,opex_sales,102222.36
cy_actual,3,nordics,home_care,opex_gna,55567.42
cy_actual,3,nordics,home_care,opex_rnd,15977.98
cy_actual,3,nordics,home_care,d_and_a,35565.95
cy_actual,3,nordics,personal_care,revenue,790950.52
cy_actual,3,nordics,personal_care,cogs_materials,238992.19
cy_actual,3,nordics,personal_care,cogs_production,92513.11
cy_actual,3,nordics,personal_care,cogs_logistics,53965.98
cy_actual,3,nordics,personal_care,opex_marketing,82876.86
cy_actual,3,nordics,personal_care,opex_sales,70812.59
cy_actual,3,nordics,personal_care,opex_gna,44792.62
cy_actual,3,nordics,personal_care,opex_rnd,12791.19
cy_actual,3,nordics,personal_care,d_and_a,28416.67
cy_actual,4,italy,beverages,revenue,3780771.58
cy_actual,4,italy,beverages,cogs_materials,1372749.19
cy_actual,4,italy,beverages,cogs_production,531386.78
cy_actual,4,italy,beverages,cogs_logistics,309975.62
cy_actual,4,italy,beverages,opex_marketing,392381.83
cy_actual,4,italy,beverages,opex_sales,338527.56
cy_actual,4,italy,beverages,opex_gna,204272.65
cy_actual,4,italy,beverages,opex_rnd,57620.03
cy_actual,4,italy,beverages,d_and_a,129235.47
cy_actual,4,italy,snacks,revenue,2718644.44
cy_actual,4,italy,snacks,cogs_materials,925917.26
cy_actual,4,italy,snacks,cogs_production,358419.59
cy_actual,4,italy,snacks,cogs_logistics,209078.09
cy_actual,4,italy,snacks,opex_marketing,285623.59
cy_actual,4,italy,snacks,opex_sales,245886.63
cy_actual,4,italy,snacks,opex_gna,152883.09
cy_actual,4,italy,snacks,opex_rnd,43144.87
cy_actual,4,italy,snacks,d_and_a,96971.1
cy_actual,4,italy,dairy,revenue,2455200.64
cy_actual,4,italy,dairy,cogs_materials,1039151.22
cy_actual,4,italy,dairy,cogs_production,402252.08
cy_actual,4,italy,dairy,cogs_logistics,234647.05
cy_actual,4,italy,dairy,opex_marketing,242188.9
cy_actual,4,italy,dairy,opex_sales,220014.98
cy_actual,4,italy,dairy,opex_gna,129624.96
cy_actual,4,italy,dairy,opex_rnd,36451.6
cy_actual,4,italy,dairy,d_and_a,83231.7
cy_actual,4,italy,home_care,revenue,1797018.73
cy_actual,4,italy,home_care,cogs_materials,664480.11
cy_actual,4,italy,home_care,cogs_production,257218.11
cy_actual,4,italy,home_care,cogs_logistics,150043.89
cy_actual,4,italy,home_care,opex_marketing,159206.15
cy_actual,4,italy,home_care,opex_sales,160969.11
cy_actual,4,italy,home_care,opex_gna,81755.91
cy_actual,4,italy,home_care,opex_rnd,23554.76
cy_actual,4,italy,home_care,d_and_a,52640.4
cy_actual,4,italy,personal_care,revenue,1371547.91
cy_actual,4,italy,personal_care,cogs_materials,412953.62
cy_actual,4,italy,personal_care,cogs_production,159853.01
cy_actual,4,italy,personal_care,cogs_logistics,93247.59
cy_actual,4,italy,personal_care,opex_marketing,138817.98
cy_actual,4,italy,personal_care,opex_sales,122819.81
cy_actual,4,italy,personal_care,opex_gna,74079.92
cy_actual,4,italy,personal_care,opex_rnd,21074.9
cy_actual,4,italy,personal_care,d_and_a,47609.31
cy_actual,4,iberia,beverages,revenue,2880959.77
cy_actual,4,iberia,beverages,cogs_materials,1045576.71
cy_actual,4,iberia,beverages,cogs_production,404739.37
cy_actual,4,iberia,beverages,cogs_logistics,236097.97
cy_actual,4,iberia,beverages,opex_marketing,303096.96
cy_actual,4,iberia,beverages,opex_sales,263120.9
cy_actual,4,iberia,beverages,opex_gna,156738.57
cy_actual,4,iberia,beverages,opex_rnd,44766.39
cy_actual,4,iberia,beverages,d_and_a,100858.75
cy_actual,4,iberia,snacks,revenue,2082453.73
cy_actual,4,iberia,snacks,cogs_materials,720865.37
cy_actual,4,iberia,snacks,cogs_production,279044.66
cy_actual,4,iberia,snacks,cogs_logistics,162776.05
cy_actual,4,iberia,snacks,opex_marketing,211930.9
cy_actual,4,iberia,snacks,opex_sales,185952.2
cy_actual,4,iberia,snacks,opex_gna,110950.56
cy_actual,4,iberia,snacks,opex_rnd,32576.47
cy_actual,4,iberia,snacks,d_and_a,72359.86
cy_actual,4,iberia,dairy,revenue,1564076.92
cy_actual,4,iberia,dairy,cogs_materials,663906.21
cy_actual,4,iberia,dairy,cogs_production,256995.95
cy_actual,4,iberia,dairy,cogs_logistics,149914.31
cy_actual,4,iberia,dairy,opex_marketing,158593.24
cy_actual,4,iberia,dairy,opex_sales,139750.65
cy_actual,4,iberia,dairy,opex_gna,86588.23
cy_actual,4,iberia,dairy,opex_rnd,24251.18
cy_actual,4,iberia,dairy,d_and_a,54617.81
cy_actual,4,iberia,home_care,revenue,1503073.81
cy_actual,4,iberia,home_care,cogs_materials,552222.95
cy_actual,4,iberia,home_care,cogs_production,213763.72
cy_actual,4,iberia,home_care,cogs_logistics,124695.5
cy_actual,4,iberia,home_care,opex_marketing,135000.56
cy_actual,4,iberia,home_care,opex_sales,136716.09
cy_actual,4,iberia,home_care,opex_gna,69903.99
cy_actual,4,iberia,home_care,opex_rnd,20357.18
cy_actual,4,iberia,home_care,d_and_a,44823.88
cy_actual,4,iberia,personal_care,revenue,871878.92
cy_actual,4,iberia,personal_care,cogs_materials,265274.87
cy_actual,4,iberia,personal_care,cogs_production,102687.05
cy_actual,4,iberia,personal_care,cogs_logistics,59900.78
cy_actual,4,iberia,personal_care,opex_marketing,90882.68
cy_actual,4,iberia,personal_care,opex_sales,78643.71
cy_actual,4,iberia,personal_care,opex_gna,49561.65
cy_actual,4,iberia,personal_care,opex_rnd,13924.81
cy_actual,4,iberia,personal_care,d_and_a,31307.47
cy_actual,4,dach,beverages,revenue,2913763.76
cy_actual,4,dach,beverages,cogs_materials,1072922.32
cy_actual,4,dach,beverages,cogs_production,415324.77
cy_actual,4,dach,beverages,cogs_logistics,242272.78
cy_actual,4,dach,beverages,opex_marketing,294841.77
cy_actual,4,dach,beverages,opex_sales,258313.71
cy_actual,4,dach,beverages,opex_gna,151801.14
cy_actual,4,dach,beverages,opex_rnd,43147.53
cy_actual,4,dach,beverages,d_and_a,96147.52
cy_actual,4,dach,snacks,revenue,2339474.88
cy_actual,4,dach,snacks,cogs_materials,793086.55
cy_actual,4,dach,snacks,cogs_production,307001.25
cy_actual,4,dach,snacks,cogs_logistics,179084.06
cy_actual,4,dach,snacks,opex_marketing,237581.61
cy_actual,4,dach,snacks,opex_sales,212138.35
cy_actual,4,dach,snacks,opex_gna,128801.6
cy_actual,4,dach,snacks,opex_rnd,37027.12
cy_actual,4,dach,snacks,d_and_a,83203.05
cy_actual,4,dach,dairy,revenue,1558279.29
cy_actual,4,dach,dairy,cogs_materials,661105.99
cy_actual,4,dach,dairy,cogs_production,255912.0
cy_actual,4,dach,dairy,cogs_logistics,149282.0
cy_actual,4,dach,dairy,opex_marketing,149018.38
cy_actual,4,dach,dairy,opex_sales,142136.41
cy_actual,4,dach,dairy,opex_gna,80305.38
cy_actual,4,dach,dairy,opex_rnd,23408.17
cy_actual,4,dach,dairy,d_and_a,51753.03
cy_actual,4,dach,home_care,revenue,2224959.86
cy_actual,4,dach,home_care,cogs_materials,853023.2
cy_actual,4,dach,home_care,cogs_production,330202.53
cy_actual,4,dach,home_care,cogs_logistics,192618.14
cy_actual,4,dach,home_care,opex_marketing,196073.79
cy_actual,4,dach,home_care,opex_sales,202060.11
cy_actual,4,dach,home_care,opex_gna,101700.58
cy_actual,4,dach,home_care,opex_rnd,28555.09
cy_actual,4,dach,home_care,d_and_a,64296.07
cy_actual,4,dach,personal_care,revenue,1403575.63
cy_actual,4,dach,personal_care,cogs_materials,425404.25
cy_actual,4,dach,personal_care,cogs_production,164672.61
cy_actual,4,dach,personal_care,cogs_logistics,96059.02
cy_actual,4,dach,personal_care,opex_marketing,136947.57
cy_actual,4,dach,personal_care,opex_sales,128187.22
cy_actual,4,dach,personal_care,opex_gna,73303.22
cy_actual,4,dach,personal_care,opex_rnd,21106.58
cy_actual,4,dach,personal_care,d_and_a,47508.98
cy_actual,4,nordics,beverages,revenue,1480847.13
cy_actual,4,nordics,beverages,cogs_materials,529209.28
cy_actual,4,nordics,beverages,cogs_production,204855.2
cy_actual,4,nordics,beverages,cogs_logistics,119498.87
cy_actual,4,nordics,beverages,opex_marketing,163724.46
cy_actual,4,nordics,beverages,opex_sales,132633.44
cy_actual,4,nordics,beverages,opex_gna,81455.32
cy_actual,4,nordics,beverages,opex_rnd,23431.69
cy_actual,4,nordics,beverages,d_and_a,52712.36
cy_actual,4,nordics,snacks,revenue,1833635.23
cy_actual,4,nordics,snacks,cogs_materials,636574.91
cy_actual,4,nordics,snacks,cogs_production,246416.09
cy_actual,4,nordics,snacks,cogs_logistics,143742.72
cy_actual,4,nordics,snacks,opex_marketing,189949.25
cy_actual,4,nordics,snacks,opex_sales,162869.37
cy_actual,4,nordics,snacks,opex_gna,102189.72
cy_actual,4,nordics,snacks,opex_rnd,29091.35
cy_actual,4,nordics,snacks,d_and_a,65850.41
cy_actual,4,nordics,dairy,revenue,1410452.7
cy_actual,4,nordics,dairy,cogs_materials,594036.29
cy_actual,4,nordics,dairy,cogs_production,229949.53
cy_actual,4,nordics,dairy,cogs_logistics,134137.23
cy_actual,4,nordics,dairy,opex_marketing,135357.27
cy_actual,4,nordics,dairy,opex_sales,127035.71
cy_actual,4,nordics,dairy,opex_gna,72984.71
cy_actual,4,nordics,dairy,opex_rnd,20988.68
cy_actual,4,nordics,dairy,d_and_a,47063.07
cy_actual,4,nordics,home_care,revenue,1208022.89
cy_actual,4,nordics,home_care,cogs_materials,460301.85
cy_actual,4,nordics,home_care,cogs_production,178181.36
cy_actual,4,nordics,home_care,cogs_logistics,103939.13
cy_actual,4,nordics,home_care,opex_marketing,109352.53
cy_actual,4,nordics,home_care,opex_sales,110562.82
cy_actual,4,nordics,home_care,opex_gna,54088.09
cy_actual,4,nordics,home_care,opex_rnd,15499.13
cy_actual,4,nordics,home_care,d_and_a,35565.95
cy_actual,4,nordics,personal_care,revenue,808909.86
cy_actual,4,nordics,personal_care,cogs_materials,240972.43
cy_actual,4,nordics,personal_care,cogs_production,93279.65
cy_actual,4,nordics,personal_care,cogs_logistics,54413.13
cy_actual,4,nordics,personal_care,opex_marketing,80921.92
cy_actual,4,nordics,personal_care,opex_sales,72826.65
cy_actual,4,nordics,personal_care,opex_gna,44394.75
cy_actual,4,nordics,personal_care,opex_rnd,12713.25
cy_actual,4,nordics,personal_care,d_and_a,28416.67
cy_actual,5,italy,beverages,revenue,4095776.55
cy_actual,5,italy,beverages,cogs_materials,1493280.67
cy_actual,5,italy,beverages,cogs_production,578044.13
cy_actual,5,italy,beverages,cogs_logistics,337192.41
cy_actual,5,italy,beverages,opex_marketing,428330.72
cy_actual,5,italy,beverages,opex_sales,365362.27
cy_actual,5,italy,beverages,opex_gna,203392.15
cy_actual,5,italy,beverages,opex_rnd,58174.6
cy_actual,5,italy,beverages,d_and_a,129235.47
cy_actual,5,italy,snacks,revenue,2811469.83
cy_actual,5,italy,snacks,cogs_materials,952742.86
cy_actual,5,italy,snacks,cogs_production,368803.69
cy_actual,5,italy,snacks,cogs_logistics,215135.48
cy_actual,5,italy,snacks,opex_marketing,287306.08
cy_actual,5,italy,snacks,opex_sales,257946.86
cy_actual,5,italy,snacks,opex_gna,149354.36
cy_actual,5,italy,snacks,opex_rnd,43489.51
cy_actual,5,italy,snacks,d_and_a,96971.1
cy_actual,5,italy,dairy,revenue,2375606.5
cy_actual,5,italy,dairy,cogs_materials,1021630.85
cy_actual,5,italy,dairy,cogs_production,395470.0
cy_actual,5,italy,dairy,cogs_logistics,230690.84
cy_actual,5,italy,dairy,opex_marketing,236607.67
cy_actual,5,italy,dairy,opex_sales,214985.57
cy_actual,5,italy,dairy,opex_gna,128755.05
cy_actual,5,italy,dairy,opex_rnd,37004.15
cy_actual,5,italy,dairy,d_and_a,83231.7
cy_actual,5,italy,home_care,revenue,1649570.27
cy_actual,5,italy,home_care,cogs_materials,630444.03
cy_actual,5,italy,home_care,cogs_production,244042.85
cy_actual,5,italy,home_care,cogs_logistics,142358.33
cy_actual,5,italy,home_care,opex_marketing,149757.43
cy_actual,5,italy,home_care,opex_sales,150159.46
cy_actual,5,italy,home_care,opex_gna,82428.52
cy_actual,5,italy,home_care,opex_rnd,23577.36
cy_actual,5,italy,home_care,d_and_a,52640.4
cy_actual,5,italy,personal_care,revenue,1366616.81
cy_actual,5,italy,personal_care,cogs_materials,417907.7
cy_actual,5,italy,personal_care,cogs_production,161770.72
cy_actual,5,italy,personal_care,cogs_logistics,94366.26
cy_actual,5,italy,personal_care,opex_marketing,141254.63
cy_actual,5,italy,personal_care,opex_sales,122939.39
cy_actual,5,italy,personal_care,opex_gna,73451.72
cy_actual,5,italy,personal_care,opex_rnd,21080.49
cy_actual,5,italy,personal_care,d_and_a,47609.31
cy_actual,5,iberia,beverages,revenue,3429914.28
cy_actual,5,iberia,beverages,cogs_materials,1240535.18
cy_actual,5,iberia,beverages,cogs_production,480207.17
cy_actual,5,iberia,beverages,cogs_logistics,280120.85
cy_actual,5,iberia,beverages,opex_marketing,324812.54
cy_actual,5,iberia,beverages,opex_sales,313795.32
cy_actual,5,iberia,beverages,opex_gna,153828.35
cy_actual,5,iberia,beverages,opex_rnd,43693.09
cy_actual,5,iberia,beverages,d_and_a,100858.75
cy_actual,5,iberia,snacks,revenue,2085462.38
cy_actual,5,iberia,snacks,cogs_materials,722027.61
cy_actual,5,iberia,snacks,cogs_production,279494.56
cy_actual,5,iberia,snacks,cogs_logistics,163038.49
cy_actual,5,iberia,snacks,opex_marketing,215624.95
cy_actual,5,iberia,snacks,opex_sales,192236.55
cy_actual,5,iberia,snacks,opex_gna,112566.86
cy_actual,5,iberia,snacks,opex_rnd,32304.32
cy_actual,5,iberia,snacks,d_and_a,72359.86
cy_actual,5,iberia,dairy,revenue,1573906.46
cy_actual,5,iberia,dairy,cogs_materials,676371.93
cy_actual,5,iberia,dairy,cogs_production,261821.39
cy_actual,5,iberia,dairy,cogs_logistics,152729.14
cy_actual,5,iberia,dairy,opex_marketing,159244.31
cy_actual,5,iberia,dairy,opex_sales,142203.24
cy_actual,5,iberia,dairy,opex_gna,85094.74
cy_actual,5,iberia,dairy,opex_rnd,24141.85
cy_actual,5,iberia,dairy,d_and_a,54617.81
cy_actual,5,iberia,home_care,revenue,1361223.14
cy_actual,5,iberia,home_care,cogs_materials,510595.43
cy_actual,5,iberia,home_care,cogs_production,197649.84
cy_actual,5,iberia,home_care,cogs_logistics,115295.74
cy_actual,5,iberia,home_care,opex_marketing,128940.35
cy_actual,5,iberia,home_care,opex_sales,122487.23
cy_actual,5,iberia,home_care,opex_gna,70913.77
cy_actual,5,iberia,home_care,opex_rnd,19986.35
cy_actual,5,iberia,home_care,d_and_a,44823.88
cy_actual,5,iberia,personal_care,revenue,892239.52
cy_actual,5,iberia,personal_care,cogs_materials,271794.11
cy_actual,5,iberia,personal_care,cogs_production,105210.63
cy_actual,5,iberia,personal_care,cogs_logistics,61372.86
cy_actual,5,iberia,personal_care,opex_marketing,94525.92
cy_actual,5,iberia,personal_care,opex_sales,79249.44
cy_actual,5,iberia,personal_care,opex_gna,48415.45
cy_actual,5,iberia,personal_care,opex_rnd,13779.98
cy_actual,5,iberia,personal_care,d_and_a,31307.47
cy_actual,5,dach,beverages,revenue,3065927.25
cy_actual,5,dach,beverages,cogs_materials,1129972.14
cy_actual,5,dach,beverages,cogs_production,437408.57
cy_actual,5,dach,beverages,cogs_logistics,255155.0
cy_actual,5,dach,beverages,opex_marketing,314345.87
cy_actual,5,dach,beverages,opex_sales,272515.43
cy_actual,5,dach,beverages,opex_gna,149760.42
cy_actual,5,dach,beverages,opex_rnd,43431.53
cy_actual,5,dach,beverages,d_and_a,96147.52
cy_actual,5,dach,snacks,revenue,2339228.78
cy_actual,5,dach,snacks,cogs_materials,812090.68
cy_actual,5,dach,snacks,cogs_production,314357.68
cy_actual,5,dach,snacks,cogs_logistics,183375.32
cy_actual,5,dach,snacks,opex_marketing,244947.19
cy_actual,5,dach,snacks,opex_sales,209522.62
cy_actual,5,dach,snacks,opex_gna,130315.2
cy_actual,5,dach,snacks,opex_rnd,37362.38
cy_actual,5,dach,snacks,d_and_a,83203.05
cy_actual,5,dach,dairy,revenue,1561592.18
cy_actual,5,dach,dairy,cogs_materials,667461.25
cy_actual,5,dach,dairy,cogs_production,258372.1
cy_actual,5,dach,dairy,cogs_logistics,150717.06
cy_actual,5,dach,dairy,opex_marketing,146977.69
cy_actual,5,dach,dairy,opex_sales,142969.15
cy_actual,5,dach,dairy,opex_gna,81415.44
cy_actual,5,dach,dairy,opex_rnd,23200.48
cy_actual,5,dach,dairy,d_and_a,51753.03
cy_actual,5,dach,home_care,revenue,2026713.54
cy_actual,5,dach,home_care,cogs_materials,764045.12
cy_actual,5,dach,home_care,cogs_production,295759.4
cy_actual,5,dach,home_care,cogs_logistics,172526.32
cy_actual,5,dach,home_care,opex_marketing,183142.9
cy_actual,5,dach,home_care,opex_sales,180655.35
cy_actual,5,dach,home_care,opex_gna,98505.64
cy_actual,5,dach,home_care,opex_rnd,28321.1
cy_actual,5,dach,home_care,d_and_a,64296.07
cy_actual,5,dach,personal_care,revenue,1318125.97
cy_actual,5,dach,personal_care,cogs_materials,393059.58
cy_actual,5,dach,personal_care,cogs_production,152152.09
cy_actual,5,dach,personal_care,cogs_logistics,88755.39
cy_actual,5,dach,personal_care,opex_marketing,140219.63
cy_actual,5,dach,personal_care,opex_sales,119413.29
cy_actual,5,dach,personal_care,opex_gna,75138.51
cy_actual,5,dach,personal_care,opex_rnd,21490.36
cy_actual,5,dach,personal_care,d_and_a,47508.98
cy_actual,5,nordics,beverages,revenue,1723567.58
cy_actual,5,nordics,beverages,cogs_materials,627733.24
cy_actual,5,nordics,beverages,cogs_production,242993.51
cy_actual,5,nordics,beverages,cogs_logistics,141746.22
cy_actual,5,nordics,beverages,opex_marketing,172707.99
cy_actual,5,nordics,beverages,opex_sales,158839.53
cy_actual,5,nordics,beverages,opex_gna,81687.97
cy_actual,5,nordics,beverages,opex_rnd,23132.62
cy_actual,5,nordics,beverages,d_and_a,52712.36
cy_actual,5,nordics,snacks,revenue,1860927.64
cy_actual,5,nordics,snacks,cogs_materials,650526.06
cy_actual,5,nordics,snacks,cogs_production,251816.54
cy_actual,5,nordics,snacks,cogs_logistics,146892.98
cy_actual,5,nordics,snacks,opex_marketing,195724.15
cy_actual,5,nordics,snacks,opex_sales,169888.98
cy_actual,5,nordics,snacks,opex_gna,101483.13
cy_actual,5,nordics,snacks,opex_rnd,29455.1
cy_actual,5,nordics,snacks,d_and_a,65850.41
cy_actual,5,nordics,dairy,revenue,1371557.82
cy_actual,5,nordics,dairy,cogs_materials,578690.69
cy_actual,5,nordics,dairy,cogs_production,224009.3
cy_actual,5,nordics,dairy,cogs_logistics,130672.09
cy_actual,5,nordics,dairy,opex_marketing,133405.0
cy_actual,5,nordics,dairy,opex_sales,122766.51
cy_actual,5,nordics,dairy,opex_gna,72386.6
cy_actual,5,nordics,dairy,opex_rnd,20619.79
cy_actual,5,nordics,dairy,d_and_a,47063.07
cy_actual,5,nordics,home_care,revenue,1133072.72
cy_actual,5,nordics,home_care,cogs_materials,423386.58
cy_actual,5,nordics,home_care,cogs_production,163891.58
cy_actual,5,nordics,home_care,cogs_logistics,95603.42
cy_actual,5,nordics,home_care,opex_marketing,103672.85
cy_actual,5,nordics,home_care,opex_sales,102628.59
cy_actual,5,nordics,home_care,opex_gna,55602.87
cy_actual,5,nordics,home_care,opex_rnd,16113.9
cy_actual,5,nordics,home_care,d_and_a,35565.95
cy_actual,5,nordics,personal_care,revenue,826530.05
cy_actual,5,nordics,personal_care,cogs_materials,246194.26
cy_actual,5,nordics,personal_care,cogs_production,95301.01
cy_actual,5,nordics,personal_care,cogs_logistics,55592.25
cy_actual,5,nordics,personal_care,opex_marketing,84747.07
cy_actual,5,nordics,personal_care,opex_sales,74352.65
cy_actual,5,nordics,personal_care,opex_gna,44057.1
cy_actual,5,nordics,personal_care,opex_rnd,12691.69
cy_actual,5,nordics,personal_care,d_and_a,28416.67
cy_actual,6,italy,beverages,revenue,4780924.92
cy_actual,6,italy,beverages,cogs_materials,1715957.62
cy_actual,6,italy,beverages,cogs_production,664241.66
cy_actual,6,italy,beverages,cogs_logistics,387474.3
cy_actual,6,italy,beverages,opex_marketing,454600.18
cy_actual,6,italy,beverages,opex_sales,428602.0
cy_actual,6,italy,beverages,opex_gna,195191.83
cy_actual,6,italy,beverages,opex_rnd,56413.55
cy_actual,6,italy,beverages,d_and_a,129235.47
cy_actual,6,italy,snacks,revenue,3013763.6
cy_actual,6,italy,snacks,cogs_materials,1023605.14
cy_actual,6,italy,snacks,cogs_production,396234.25
cy_actual,6,italy,snacks,cogs_logistics,231136.64
cy_actual,6,italy,snacks,opex_marketing,286613.77
cy_actual,6,italy,snacks,opex_sales,269198.7
cy_actual,6,italy,snacks,opex_gna,148525.98
cy_actual,6,italy,snacks,opex_rnd,43245.04
cy_actual,6,italy,snacks,d_and_a,96971.1
cy_actual,6,italy,dairy,revenue,2343202.83
cy_actual,6,italy,dairy,cogs_materials,996753.67
cy_actual,6,italy,dairy,cogs_production,385840.13
cy_actual,6,italy,dairy,cogs_logistics,225073.41
cy_actual,6,italy,dairy,opex_marketing,231572.09
cy_actual,6,italy,dairy,opex_sales,209513.38
cy_actual,6,italy,dairy,opex_gna,127161.98
cy_actual,6,italy,dairy,opex_rnd,37123.63
cy_actual,6,italy,dairy,d_and_a,83231.7
cy_actual,6,italy,home_care,revenue,1494176.32
cy_actual,6,italy,home_care,cogs_materials,559542.13
cy_actual,6,italy,home_care,cogs_production,216596.95
cy_actual,6,italy,home_care,cogs_logistics,126348.22
cy_actual,6,italy,home_care,opex_marketing,149289.51
cy_actual,6,italy,home_care,opex_sales,133518.75
cy_actual,6,italy,home_care,opex_gna,83143.89
cy_actual,6,italy,home_care,opex_rnd,23543.5
cy_actual,6,italy,home_care,d_and_a,52640.4
cy_actual,6,italy,personal_care,revenue,1346863.29
cy_actual,6,italy,personal_care,cogs_materials,411155.7
cy_actual,6,italy,personal_care,cogs_production,159157.05
cy_actual,6,italy,personal_care,cogs_logistics,92841.61
cy_actual,6,italy,personal_care,opex_marketing,136426.86
cy_actual,6,italy,personal_care,opex_sales,121216.48
cy_actual,6,italy,personal_care,opex_gna,75318.36
cy_actual,6,italy,personal_care,opex_rnd,21183.28
cy_actual,6,italy,personal_care,d_and_a,47609.31
cy_actual,6,iberia,beverages,revenue,3710088.76
cy_actual,6,iberia,beverages,cogs_materials,1370353.58
cy_actual,6,iberia,beverages,cogs_production,530459.45
cy_actual,6,iberia,beverages,cogs_logistics,309434.68
cy_actual,6,iberia,beverages,opex_marketing,352922.31
cy_actual,6,iberia,beverages,opex_sales,335116.83
cy_actual,6,iberia,beverages,opex_gna,158219.5
cy_actual,6,iberia,beverages,opex_rnd,44824.56
cy_actual,6,iberia,beverages,d_and_a,100858.75
cy_actual,6,iberia,snacks,revenue,2147046.76
cy_actual,6,iberia,snacks,cogs_materials,739269.11
cy_actual,6,iberia,snacks,cogs_production,286168.69
cy_actual,6,iberia,snacks,cogs_logistics,166931.73
cy_actual,6,iberia,snacks,opex_marketing,214782.98
cy_actual,6,iberia,snacks,opex_sales,192019.74
cy_actual,6,iberia,snacks,opex_gna,113559.32
cy_actual,6,iberia,snacks,opex_rnd,32072.64
cy_actual,6,iberia,snacks,d_and_a,72359.86
cy_actual,6,iberia,dairy,revenue,1590652.67
cy_actual,6,iberia,dairy,cogs_materials,682745.51
cy_actual,6,iberia,dairy,cogs_production,264288.59
cy_actual,6,iberia,dairy,cogs_logistics,154168.34
cy_actual,6,iberia,dairy,opex_marketing,155057.66
cy_actual,6,iberia,dairy,opex_sales,143953.47
cy_actual,6,iberia,dairy,opex_gna,84580.23
cy_actual,6,iberia,dairy,opex_rnd,24626.83
cy_actual,6,iberia,dairy,d_and_a,54617.81
cy_actual,6,iberia,home_care,revenue,1357815.64
cy_actual,6,iberia,home_care,cogs_materials,507162.14
cy_actual,6,iberia,home_care,cogs_production,196320.83
cy_actual,6,iberia,home_care,cogs_logistics,114520.48
cy_actual,6,iberia,home_care,opex_marketing,127503.32
cy_actual,6,iberia,home_care,opex_sales,122180.44
cy_actual,6,iberia,home_care,opex_gna,70934.08
cy_actual,6,iberia,home_care,opex_rnd,19765.9
cy_actual,6,iberia,home_care,d_and_a,44823.88
cy_actual,6,iberia,personal_care,revenue,935961.25
cy_actual,6,iberia,personal_care,cogs_materials,288747.56
cy_actual,6,iberia,personal_care,cogs_production,111773.25
cy_actual,6,iberia,personal_care,cogs_logistics,65201.06
cy_actual,6,iberia,personal_care,opex_marketing,90339.38
cy_actual,6,iberia,personal_care,opex_sales,83800.4
cy_actual,6,iberia,personal_care,opex_gna,48203.71
cy_actual,6,iberia,personal_care,opex_rnd,13813.53
cy_actual,6,iberia,personal_care,d_and_a,31307.47
cy_actual,6,dach,beverages,revenue,3353063.09
cy_actual,6,dach,beverages,cogs_materials,1233849.85
cy_actual,6,dach,beverages,cogs_production,477619.3
cy_actual,6,dach,beverages,cogs_logistics,278611.26
cy_actual,6,dach,beverages,opex_marketing,333436.26
cy_actual,6,dach,beverages,opex_sales,295820.23
cy_actual,6,dach,beverages,opex_gna,150007.53
cy_actual,6,dach,beverages,opex_rnd,42817.87
cy_actual,6,dach,beverages,d_and_a,96147.52
cy_actual,6,dach,snacks,revenue,2555300.29
cy_actual,6,dach,snacks,cogs_materials,867447.44
cy_actual,6,dach,snacks,cogs_production,335786.11
cy_actual,6,dach,snacks,cogs_logistics,195875.23
cy_actual,6,dach,snacks,opex_marketing,249877.62
cy_actual,6,dach,snacks,opex_sales,229856.69
cy_actual,6,dach,snacks,opex_gna,128962.63
cy_actual,6,dach,snacks,opex_rnd,37017.62
cy_actual,6,dach,snacks,d_and_a,83203.05
cy_actual,6,dach,dairy,revenue,1453069.75
cy_actual,6,dach,dairy,cogs_materials,620160.87
cy_actual,6,dach,dairy,cogs_production,240062.27
cy_actual,6,dach,dairy,cogs_logistics,140036.33
cy_actual,6,dach,dairy,opex_marketing,146774.97
cy_actual,6,dach,dairy,opex_sales,130101.94
cy_actual,6,dach,dairy,opex_gna,78850.1
cy_actual,6,dach,dairy,opex_rnd,23328.99
cy_actual,6,dach,dairy,d_and_a,51753.03
cy_actual,6,dach,home_care,revenue,1791854.47
cy_actual,6,dach,home_care,cogs_materials,679634.95
cy_actual,6,dach,home_care,cogs_production,263084.5
cy_actual,6,dach,home_care,cogs_logistics,153465.96
cy_actual,6,dach,home_care,opex_marketing,179743.99
cy_actual,6,dach,home_care,opex_sales,163030.16
cy_actual,6,dach,home_care,opex_gna,99391.37
cy_actual,6,dach,home_care,opex_rnd,28149.26
cy_actual,6,dach,home_care,d_and_a,64296.07
cy_actual,6,dach,personal_care,revenue,1474957.91
cy_actual,6,dach,personal_care,cogs_materials,445724.17
cy_actual,6,dach,personal_care,cogs_production,172538.39
cy_actual,6,dach,personal_care,cogs_logistics,100647.39
cy_actual,6,dach,personal_care,opex_marketing,140295.33
cy_actual,6,dach,personal_care,opex_sales,133373.72
cy_actual,6,dach,personal_care,opex_gna,74300.37
cy_actual,6,dach,personal_care,opex_rnd,21456.39
cy_actual,6,dach,personal_care,d_and_a,47508.98
cy_actual,6,nordics,beverages,revenue,1930227.81
cy_actual,6,nordics,beverages,cogs_materials,702585.44
cy_actual,6,nordics,beverages,cogs_production,271968.56
cy_actual,6,nordics,beverages,cogs_logistics,158648.33
cy_actual,6,nordics,beverages,opex_marketing,188523.15
cy_actual,6,nordics,beverages,opex_sales,171093.97
cy_actual,6,nordics,beverages,opex_gna,82373.92
cy_actual,6,nordics,beverages,opex_rnd,23615.37
cy_actual,6,nordics,beverages,d_and_a,52712.36
cy_actual,6,nordics,snacks,revenue,2005129.41
cy_actual,6,nordics,snacks,cogs_materials,699409.07
cy_actual,6,nordics,snacks,cogs_production,270738.99
cy_actual,6,nordics,snacks,cogs_logistics,157931.08
cy_actual,6,nordics,snacks,opex_marketing,195457.68
cy_actual,6,nordics,snacks,opex_sales,181500.39
cy_actual,6,nordics,snacks,opex_gna,101253.54
cy_actual,6,nordics,snacks,opex_rnd,29781.49
cy_actual,6,nordics,snacks,d_and_a,65850.41
cy_actual,6,nordics,dairy,revenue,1445999.06
cy_actual,6,nordics,dairy,cogs_materials,623178.86
cy_actual,6,nordics,dairy,cogs_production,241230.53
cy_actual,6,nordics,dairy,cogs_logistics,140717.81
cy_actual,6,nordics,dairy,opex_marketing,131396.23
cy_actual,6,nordics,dairy,opex_sales,132150.74
cy_actual,6,nordics,dairy,opex_gna,72253.4
cy_actual,6,nordics,dairy,opex_rnd,21224.65
cy_actual,6,nordics,dairy,d_and_a,47063.07
cy_actual,6,nordics,home_care,revenue,1090602.74
cy_actual,6,nordics,home_care,cogs_materials,410037.12
cy_actual,6,nordics,home_care,cogs_production,158724.05
cy_actual,6,nordics,home_care,cogs_logistics,92589.03
cy_actual,6,nordics,home_care,opex_marketing,99276.35
cy_actual,6,nordics,home_care,opex_sales,98679.58
cy_actual,6,nordics,home_care,opex_gna,55653.57
cy_actual,6,nordics,home_care,opex_rnd,15779.71
cy_actual,6,nordics,home_care,d_and_a,35565.95
cy_actual,6,nordics,personal_care,revenue,881889.87
cy_actual,6,nordics,personal_care,cogs_materials,270265.49
cy_actual,6,nordics,personal_care,cogs_production,104618.9
cy_actual,6,nordics,personal_care,cogs_logistics,61027.69
cy_actual,6,nordics,personal_care,opex_marketing,82201.82
cy_actual,6,nordics,personal_care,opex_sales,78866.34
cy_actual,6,nordics,personal_care,opex_gna,43786.27
cy_actual,6,nordics,personal_care,opex_rnd,12696.84
cy_actual,6,nordics,personal_care,d_and_a,28416.67
cy_actual,7,italy,beverages,revenue,5103534.16
cy_actual,7,italy,beverages,cogs_materials,1869452.74
cy_actual,7,italy,beverages,cogs_production,723659.13
cy_actual,7,italy,beverages,cogs_logistics,422134.49
cy_actual,7,italy,beverages,opex_marketing,443401.33
cy_actual,7,italy,beverages,opex_sales,454764.39
cy_actual,7,italy,beverages,opex_gna,198358.98
cy_actual,7,italy,beverages,opex_rnd,57255.18
cy_actual,7,italy,beverages,d_and_a,139574.31
cy_actual,7,italy,snacks,revenue,3057958.59
cy_actual,7,italy,snacks,cogs_materials,1058247.78
cy_actual,7,italy,snacks,cogs_production,409644.3
cy_actual,7,italy,snacks,cogs_logistics,238959.18
cy_actual,7,italy,snacks,opex_marketing,276737.39
cy_actual,7,italy,snacks,opex_sales,277018.97
cy_actual,7,italy,snacks,opex_gna,150428.59
cy_actual,7,italy,snacks,opex_rnd,43370.73
cy_actual,7,italy,snacks,d_and_a,104728.79
cy_actual,7,italy,dairy,revenue,2331306.12
cy_actual,7,italy,dairy,cogs_materials,996397.58
cy_actual,7,italy,dairy,cogs_production,385702.29
cy_actual,7,italy,dairy,cogs_logistics,224993.0
cy_actual,7,italy,dairy,opex_marketing,230419.64
cy_actual,7,italy,dairy,opex_sales,207928.43
cy_actual,7,italy,dairy,opex_gna,133429.14
cy_actual,7,italy,dairy,opex_rnd,36641.08
cy_actual,7,italy,dairy,d_and_a,89890.23
cy_actual,7,italy,home_care,revenue,1468213.24
cy_actual,7,italy,home_care,cogs_materials,569178.16
cy_actual,7,italy,home_care,cogs_production,220327.03
cy_actual,7,italy,home_care,cogs_logistics,128524.1
cy_actual,7,italy,home_care,opex_marketing,144845.92
cy_actual,7,italy,home_care,opex_sales,132302.84
cy_actual,7,italy,home_care,opex_gna,82507.85
cy_actual,7,italy,home_care,opex_rnd,23394.36
cy_actual,7,italy,home_care,d_and_a,56851.63
cy_actual,7,italy,personal_care,revenue,1396680.86
cy_actual,7,italy,personal_care,cogs_materials,417128.04
cy_actual,7,italy,personal_care,cogs_production,161468.92
cy_actual,7,italy,personal_care,cogs_logistics,94190.2
cy_actual,7,italy,personal_care,opex_marketing,131258.58
cy_actual,7,italy,personal_care,opex_sales,125160.29
cy_actual,7,italy,personal_care,opex_gna,74614.77
cy_actual,7,italy,personal_care,opex_rnd,21173.76
cy_actual,7,italy,personal_care,d_and_a,51418.06
cy_actual,7,iberia,beverages,revenue,3836033.75
cy_actual,7,iberia,beverages,cogs_materials,1426686.25
cy_actual,7,iberia,beverages,cogs_production,552265.64
cy_actual,7,iberia,beverages,cogs_logistics,322154.96
cy_actual,7,iberia,beverages,opex_marketing,344214.61
cy_actual,7,iberia,beverages,opex_sales,349510.01
cy_actual,7,iberia,beverages,opex_gna,158021.79
cy_actual,7,iberia,beverages,opex_rnd,45427.82
cy_actual,7,iberia,beverages,d_and_a,108927.45
cy_actual,7,iberia,snacks,revenue,2306579.19
cy_actual,7,iberia,snacks,cogs_materials,790096.46
cy_actual,7,iberia,snacks,cogs_production,305843.79
cy_actual,7,iberia,snacks,cogs_logistics,178408.88
cy_actual,7,iberia,snacks,opex_marketing,207068.87
cy_actual,7,iberia,snacks,opex_sales,208286.43
cy_actual,7,iberia,snacks,opex_gna,112479.63
cy_actual,7,iberia,snacks,opex_rnd,31754.31
cy_actual,7,iberia,snacks,d_and_a,78148.65
cy_actual,7,iberia,dairy,revenue,1613029.39
cy_actual,7,iberia,dairy,cogs_materials,684082.2
cy_actual,7,iberia,dairy,cogs_production,264806.01
cy_actual,7,iberia,dairy,cogs_logistics,154470.17
cy_actual,7,iberia,dairy,opex_marketing,155867.39
cy_actual,7,iberia,dairy,opex_sales,143591.32
cy_actual,7,iberia,dairy,opex_gna,84564.43
cy_actual,7,iberia,dairy,opex_rnd,24626.58
cy_actual,7,iberia,dairy,d_and_a,58987.23
cy_actual,7,iberia,home_care,revenue,1245894.23
cy_actual,7,iberia,home_care,cogs_materials,475938.0
cy_actual,7,iberia,home_care,cogs_production,184234.06
cy_actual,7,iberia,home_care,cogs_logistics,107469.87
cy_actual,7,iberia,home_care,opex_marketing,122670.23
cy_actual,7,iberia,home_care,opex_sales,112183.01
cy_actual,7,iberia,home_care,opex_gna,68717.32
cy_actual,7,iberia,home_care,opex_rnd,19816.69
cy_actual,7,iberia,home_care,d_and_a,48409.79
cy_actual,7,iberia,personal_care,revenue,926608.06
cy_actual,7,iberia,personal_care,cogs_materials,280915.73
cy_actual,7,iberia,personal_care,cogs_production,108741.57
cy_actual,7,iberia,personal_care,cogs_logistics,63432.58
cy_actual,7,iberia,personal_care,opex_marketing,88545.23
cy_actual,7,iberia,personal_care,opex_sales,84997.47
cy_actual,7,iberia,personal_care,opex_gna,48576.35
cy_actual,7,iberia,personal_care,opex_rnd,14021.0
cy_actual,7,iberia,personal_care,d_and_a,33812.07
cy_actual,7,dach,beverages,revenue,3888537.34
cy_actual,7,dach,beverages,cogs_materials,1432255.17
cy_actual,7,dach,beverages,cogs_production,554421.36
cy_actual,7,dach,beverages,cogs_logistics,323412.46
cy_actual,7,dach,beverages,opex_marketing,329922.38
cy_actual,7,dach,beverages,opex_sales,347876.48
cy_actual,7,dach,beverages,opex_gna,151600.76
cy_actual,7,dach,beverages,opex_rnd,42521.11
cy_actual,7,dach,beverages,d_and_a,103839.32
cy_actual,7,dach,snacks,revenue,2408380.34
cy_actual,7,dach,snacks,cogs_materials,838918.87
cy_actual,7,dach,snacks,cogs_production,324742.79
cy_actual,7,dach,snacks,cogs_logistics,189433.29
cy_actual,7,dach,snacks,opex_marketing,241251.51
cy_actual,7,dach,snacks,opex_sales,215752.06
cy_actual,7,dach,snacks,opex_gna,127749.63
cy_actual,7,dach,snacks,opex_rnd,37114.7
cy_actual,7,dach,snacks,d_and_a,89859.29
cy_actual,7,dach,dairy,revenue,1445935.99
cy_actual,7,dach,dairy,cogs_materials,627946.74
cy_actual,7,dach,dairy,cogs_production,243076.16
cy_actual,7,dach,dairy,cogs_logistics,141794.42
cy_actual,7,dach,dairy,opex_marketing,145489.83
cy_actual,7,dach,dairy,opex_sales,129044.39
cy_actual,7,dach,dairy,opex_gna,79634.4
cy_actual,7,dach,dairy,opex_rnd,22987.5
cy_actual,7,dach,dairy,d_and_a,55893.28
cy_actual,7,dach,home_care,revenue,1695507.47
cy_actual,7,dach,home_care,cogs_materials,648374.85
cy_actual,7,dach,home_care,cogs_production,250983.81
cy_actual,7,dach,home_care,cogs_logistics,146407.23
cy_actual,7,dach,home_care,opex_marketing,174670.21
cy_actual,7,dach,home_care,opex_sales,155421.06
cy_actual,7,dach,home_care,opex_gna,102215.54
cy_actual,7,dach,home_care,opex_rnd,28739.43
cy_actual,7,dach,home_care,d_and_a,69439.75
cy_actual,7,dach,personal_care,revenue,1411164.87
cy_actual,7,dach,personal_care,cogs_materials,426392.75
cy_actual,7,dach,personal_care,cogs_production,165055.26
cy_actual,7,dach,personal_care,cogs_logistics,96282.23
cy_actual,7,dach,personal_care,opex_marketing,132626.96
cy_actual,7,dach,personal_care,opex_sales,125819.24
cy_actual,7,dach,personal_care,opex_gna,73266.42
cy_actual,7,dach,personal_care,opex_rnd,21449.11
cy_actual,7,dach,personal_care,d_and_a,51309.69
cy_actual,7,nordics,beverages,revenue,2020187.43
cy_actual,7,nordics,beverages,cogs_materials,733080.28
cy_actual,7,nordics,beverages,cogs_production,283773.01
cy_actual,7,nordics,beverages,cogs_logistics,165534.26
cy_actual,7,nordics,beverages,opex_marketing,179778.71
cy_actual,7,nordics,beverages,opex_sales,182349.91
cy_actual,7,nordics,beverages,opex_gna,83035.26
cy_actual,7,nordics,beverages,opex_rnd,23315.15
cy_actual,7,nordics,beverages,d_and_a,56929.35
cy_actual,7,nordics,snacks,revenue,1957308.06
cy_actual,7,nordics,snacks,cogs_materials,682141.58
cy_actual,7,nordics,snacks,cogs_production,264054.8
cy_actual,7,nordics,snacks,cogs_logistics,154031.97
cy_actual,7,nordics,snacks,opex_marketing,188201.56
cy_actual,7,nordics,snacks,opex_sales,175676.61
cy_actual,7,nordics,snacks,opex_gna,101865.32
cy_actual,7,nordics,snacks,opex_rnd,28993.11
cy_actual,7,nordics,snacks,d_and_a,71118.44
cy_actual,7,nordics,dairy,revenue,1306794.69
cy_actual,7,nordics,dairy,cogs_materials,562982.22
cy_actual,7,nordics,dairy,cogs_production,217928.6
cy_actual,7,nordics,dairy,cogs_logistics,127125.02
cy_actual,7,nordics,dairy,opex_marketing,128075.41
cy_actual,7,nordics,dairy,opex_sales,117975.58
cy_actual,7,nordics,dairy,opex_gna,73313.4
cy_actual,7,nordics,dairy,opex_rnd,21086.32
cy_actual,7,nordics,dairy,d_and_a,50828.12
cy_actual,7,nordics,home_care,revenue,974690.46
cy_actual,7,nordics,home_care,cogs_materials,365018.5
cy_actual,7,nordics,home_care,cogs_production,141297.48
cy_actual,7,nordics,home_care,cogs_logistics,82423.53
cy_actual,7,nordics,home_care,opex_marketing,97533.82
cy_actual,7,nordics,home_care,opex_sales,87600.65
cy_actual,7,nordics,home_care,opex_gna,55917.79
cy_actual,7,nordics,home_care,opex_rnd,16044.44
cy_actual,7,nordics,home_care,d_and_a,38411.23
cy_actual,7,nordics,personal_care,revenue,824541.08
cy_actual,7,nordics,personal_care,cogs_materials,250022.91
cy_actual,7,nordics,personal_care,cogs_production,96783.06
cy_actual,7,nordics,personal_care,cogs_logistics,56456.79
cy_actual,7,nordics,personal_care,opex_marketing,78637.99
cy_actual,7,nordics,personal_care,opex_sales,73410.81
cy_actual,7,nordics,personal_care,opex_gna,44255.61
cy_actual,7,nordics,personal_care,opex_rnd,12607.0
cy_actual,7,nordics,personal_care,d_and_a,30690.0
cy_actual,8,italy,beverages,revenue,5000508.02
cy_actual,8,italy,beverages,cogs_materials,1839168.16
cy_actual,8,italy,beverages,cogs_production,711936.06
cy_actual,8,italy,beverages,cogs_logistics,415296.04
cy_actual,8,italy,beverages,opex_marketing,379197.64
cy_actual,8,italy,beverages,opex_sales,442073.14
cy_actual,8,italy,beverages,opex_gna,201513.39
cy_actual,8,italy,beverages,opex_rnd,58315.31
cy_actual,8,italy,beverages,d_and_a,139574.31
cy_actual,8,italy,snacks,revenue,2628211.94
cy_actual,8,italy,snacks,cogs_materials,911424.75
cy_actual,8,italy,snacks,cogs_production,352809.58
cy_actual,8,italy,snacks,cogs_logistics,205805.59
cy_actual,8,italy,snacks,opex_marketing,274794.29
cy_actual,8,italy,snacks,opex_sales,236570.45
cy_actual,8,italy,snacks,opex_gna,151149.8
cy_actual,8,italy,snacks,opex_rnd,43617.33
cy_actual,8,italy,snacks,d_and_a,104728.79
cy_actual,8,italy,dairy,revenue,2269478.77
cy_actual,8,italy,dairy,cogs_materials,974039.62
cy_actual,8,italy,dairy,cogs_production,377047.59
cy_actual,8,italy,dairy,cogs_logistics,219944.43
cy_actual,8,italy,dairy,opex_marketing,242721.67
cy_actual,8,italy,dairy,opex_sales,204126.15
cy_actual,8,italy,dairy,opex_gna,130703.51
cy_actual,8,italy,dairy,opex_rnd,36726.74
cy_actual,8,italy,dairy,d_and_a,89890.23
cy_actual,8,italy,home_care,revenue,1311860.79
cy_actual,8,italy,home_care,cogs_materials,498028.75
cy_actual,8,italy,home_care,cogs_production,192785.32
cy_actual,8,italy,home_care,cogs_logistics,112458.11
cy_actual,8,italy,home_care,opex_marketing,152829.56
cy_actual,8,italy,home_care,opex_sales,118384.86
cy_actual,8,italy,home_care,opex_gna,80798.94
cy_actual,8,italy,home_care,opex_rnd,23565.55
cy_actual,8,italy,home_care,d_and_a,56851.63
cy_actual,8,italy,personal_care,revenue,1255101.31
cy_actual,8,italy,personal_care,cogs_materials,380457.0
cy_actual,8,italy,personal_care,cogs_production,147273.68
cy_actual,8,italy,personal_care,cogs_logistics,85909.64
cy_actual,8,italy,personal_care,opex_marketing,139878.25
cy_actual,8,italy,personal_care,opex_sales,112534.41
cy_actual,8,italy,personal_care,opex_gna,74682.17
cy_actual,8,italy,personal_care,opex_rnd,21376.68
cy_actual,8,italy,personal_care,d_and_a,51418.06
cy_actual,8,iberia,beverages,revenue,3782441.55
cy_actual,8,iberia,beverages,cogs_materials,1409165.73
cy_actual,8,iberia,beverages,cogs_production,545483.51
cy_actual,8,iberia,beverages,cogs_logistics,318198.71
cy_actual,8,iberia,beverages,opex_marketing,298261.27
cy_actual,8,iberia,beverages,opex_sales,342685.05
cy_actual,8,iberia,beverages,opex_gna,156688.59
cy_actual,8,iberia,beverages,opex_rnd,44367.35
cy_actual,8,iberia,beverages,d_and_a,108927.45
cy_actual,8,iberia,snacks,revenue,2029165.34
cy_actual,8,iberia,snacks,cogs_materials,720647.75
cy_actual,8,iberia,snacks,cogs_production,278960.42
cy_actual,8,iberia,snacks,cogs_logistics,162726.91
cy_actual,8,iberia,snacks,opex_marketing,210473.26
cy_actual,8,iberia,snacks,opex_sales,180684.05
cy_actual,8,iberia,snacks,opex_gna,115245.66
cy_actual,8,iberia,snacks,opex_rnd,32785.55
cy_actual,8,iberia,snacks,d_and_a,78148.65
cy_actual,8,iberia,dairy,revenue,1394080.62
cy_actual,8,iberia,dairy,cogs_materials,602802.57
cy_actual,8,iberia,dairy,cogs_production,233342.93
cy_actual,8,iberia,dairy,cogs_logistics,136116.71
cy_actual,8,iberia,dairy,opex_marketing,161431.79
cy_actual,8,iberia,dairy,opex_sales,126324.57
cy_actual,8,iberia,dairy,opex_gna,83934.17
cy_actual,8,iberia,dairy,opex_rnd,24620.63
cy_actual,8,iberia,dairy,d_and_a,58987.23
cy_actual,8,iberia,home_care,revenue,1168432.47
cy_actual,8,iberia,home_care,cogs_materials,444782.27
cy_actual,8,iberia,home_care,cogs_production,172173.78
cy_actual,8,iberia,home_care,cogs_logistics,100434.71
cy_actual,8,iberia,home_care,opex_marketing,130585.85
cy_actual,8,iberia,home_care,opex_sales,103292.94
cy_actual,8,iberia,home_care,opex_gna,69300.2
cy_actual,8,iberia,home_care,opex_rnd,19908.2
cy_actual,8,iberia,home_care,d_and_a,48409.79
cy_actual,8,iberia,personal_care,revenue,836456.64
cy_actual,8,iberia,personal_care,cogs_materials,255713.13
cy_actual,8,iberia,personal_care,cogs_production,98985.73
cy_actual,8,iberia,personal_care,cogs_logistics,57741.67
cy_actual,8,iberia,personal_care,opex_marketing,92321.09
cy_actual,8,iberia,personal_care,opex_sales,74658.55
cy_actual,8,iberia,personal_care,opex_gna,48367.35
cy_actual,8,iberia,personal_care,opex_rnd,13805.33
cy_actual,8,iberia,personal_care,d_and_a,33812.07
cy_actual,8,dach,beverages,revenue,3623345.23
cy_actual,8,dach,beverages,cogs_materials,1356519.26
cy_actual,8,dach,beverages,cogs_production,525104.23
cy_actual,8,dach,beverages,cogs_logistics,306310.8
cy_actual,8,dach,beverages,opex_marketing,292213.09
cy_actual,8,dach,beverages,opex_sales,332629.7
cy_actual,8,dach,beverages,opex_gna,148010.47
cy_actual,8,dach,beverages,opex_rnd,42671.59
cy_actual,8,dach,beverages,d_and_a,103839.32
cy_actual,8,dach,snacks,revenue,2446861.22
cy_actual,8,dach,snacks,cogs_materials,861827.93
cy_actual,8,dach,snacks,cogs_production,333610.81
cy_actual,8,dach,snacks,cogs_logistics,194606.31
cy_actual,8,dach,snacks,opex_marketing,238118.54
cy_actual,8,dach,snacks,opex_sales,221414.96
cy_actual,8,dach,snacks,opex_gna,130613.07
cy_actual,8,dach,snacks,opex_rnd,37171.14
cy_actual,8,dach,snacks,d_and_a,89859.29
cy_actual,8,dach,dairy,revenue,1352433.48
cy_actual,8,dach,dairy,cogs_materials,583485.05
cy_actual,8,dach,dairy,cogs_production,225865.18
cy_actual,8,dach,dairy,cogs_logistics,131754.69
cy_actual,8,dach,dairy,opex_marketing,148421.49
cy_actual,8,dach,dairy,opex_sales,122587.12
cy_actual,8,dach,dairy,opex_gna,79269.65
cy_actual,8,dach,dairy,opex_rnd,22824.9
cy_actual,8,dach,dairy,d_and_a,55893.28
cy_actual,8,dach,home_care,revenue,1677011.22
cy_actual,8,dach,home_care,cogs_materials,643541.68
cy_actual,8,dach,home_care,cogs_production,249112.91
cy_actual,8,dach,home_care,cogs_logistics,145315.86
cy_actual,8,dach,home_care,opex_marketing,186512.2
cy_actual,8,dach,home_care,opex_sales,154558.03
cy_actual,8,dach,home_care,opex_gna,100304.66
cy_actual,8,dach,home_care,opex_rnd,28883.39
cy_actual,8,dach,home_care,d_and_a,69439.75
cy_actual,8,dach,personal_care,revenue,1270378.87
cy_actual,8,dach,personal_care,cogs_materials,383754.51
cy_actual,8,dach,personal_care,cogs_production,148550.13
cy_actual,8,dach,personal_care,cogs_logistics,86654.25
cy_actual,8,dach,personal_care,opex_marketing,137281.0
cy_actual,8,dach,personal_care,opex_sales,111398.03
cy_actual,8,dach,personal_care,opex_gna,74215.34
cy_actual,8,dach,personal_care,opex_rnd,20667.07
cy_actual,8,dach,personal_care,d_and_a,51309.69
cy_actual,8,nordics,beverages,revenue,2040887.49
cy_actual,8,nordics,beverages,cogs_materials,755928.05
cy_actual,8,nordics,beverages,cogs_production,292617.31
cy_actual,8,nordics,beverages,cogs_logistics,170693.43
cy_actual,8,nordics,beverages,opex_marketing,160297.97
cy_actual,8,nordics,beverages,opex_sales,182491.31
cy_actual,8,nordics,beverages,opex_gna,81130.85
cy_actual,8,nordics,beverages,opex_rnd,23472.38
cy_actual,8,nordics,beverages,d_and_a,56929.35
cy_actual,8,nordics,snacks,revenue,1880798.83
cy_actual,8,nordics,snacks,cogs_materials,658944.99
cy_actual,8,nordics,snacks,cogs_production,255075.48
cy_actual,8,nordics,snacks,cogs_logistics,148794.03
cy_actual,8,nordics,snacks,opex_marketing,190613.37
cy_actual,8,nordics,snacks,opex_sales,171255.8
cy_actual,8,nordics,snacks,opex_gna,100701.77
cy_actual,8,nordics,snacks,opex_rnd,29147.68
cy_actual,8,nordics,snacks,d_and_a,71118.44
cy_actual,8,nordics,dairy,revenue,1225059.85
cy_actual,8,nordics,dairy,cogs_materials,523299.21
cy_actual,8,nordics,dairy,cogs_production,202567.44
cy_actual,8,nordics,dairy,cogs_logistics,118164.34
cy_actual,8,nordics,dairy,opex_marketing,138365.8
cy_actual,8,nordics,dairy,opex_sales,111325.9
cy_actual,8,nordics,dairy,opex_gna,73349.09
cy_actual,8,nordics,dairy,opex_rnd,21124.0
cy_actual,8,nordics,dairy,d_and_a,50828.12
cy_actual,8,nordics,home_care,revenue,957106.4
cy_actual,8,nordics,home_care,cogs_materials,364579.15
cy_actual,8,nordics,home_care,cogs_production,141127.41
cy_actual,8,nordics,home_care,cogs_logistics,82324.32
cy_actual,8,nordics,home_care,opex_marketing,104178.04
cy_actual,8,nordics,home_care,opex_sales,86210.88
cy_actual,8,nordics,home_care,opex_gna,55587.38
cy_actual,8,nordics,home_care,opex_rnd,15997.78
cy_actual,8,nordics,home_care,d_and_a,38411.23
cy_actual,8,nordics,personal_care,revenue,764813.91
cy_actual,8,nordics,personal_care,cogs_materials,233489.79
cy_actual,8,nordics,personal_care,cogs_production,90383.14
cy_actual,8,nordics,personal_care,cogs_logistics,52723.5
cy_actual,8,nordics,personal_care,opex_marketing,82527.02
cy_actual,8,nordics,personal_care,opex_sales,69021.28
cy_actual,8,nordics,personal_care,opex_gna,44256.7
cy_actual,8,nordics,personal_care,opex_rnd,12598.4
cy_actual,8,nordics,personal_care,d_and_a,30690.0
cy_actual,9,italy,beverages,revenue,4053433.69
cy_actual,9,italy,beverages,cogs_materials,1489244.73
cy_actual,9,italy,beverages,cogs_production,576481.83
cy_actual,9,italy,beverages,cogs_logistics,336281.07
cy_actual,9,italy,beverages,opex_marketing,357340.35
cy_actual,9,italy,beverages,opex_sales,370124.22
cy_actual,9,italy,beverages,opex_gna,196115.96
cy_actual,9,italy,beverages,opex_rnd,57036.43
cy_actual,9,italy,beverages,d_and_a,139574.31
cy_actual,9,italy,snacks,revenue,2874927.2
cy_actual,9,italy,snacks,cogs_materials,991372.89
cy_actual,9,italy,snacks,cogs_production,383757.25
cy_actual,9,italy,snacks,cogs_logistics,223858.39
cy_actual,9,italy,snacks,opex_marketing,289538.31
cy_actual,9,italy,snacks,opex_sales,263848.56
cy_actual,9,italy,snacks,opex_gna,147468.83
cy_actual,9,italy,snacks,opex_rnd,43194.37
cy_actual,9,italy,snacks,d_and_a,104728.79
cy_actual,9,italy,dairy,revenue,2354224.35
cy_actual,9,italy,dairy,cogs_materials,1033797.19
cy_actual,9,italy,dairy,cogs_production,400179.56
cy_actual,9,italy,dairy,cogs_logistics,233438.08
cy_actual,9,italy,dairy,opex_marketing,246851.94
cy_actual,9,italy,dairy,opex_sales,211466.97
cy_actual,9,italy,dairy,opex_gna,128134.69
cy_actual,9,italy,dairy,opex_rnd,37699.78
cy_actual,9,italy,dairy,d_and_a,89890.23
cy_actual,9,italy,home_care,revenue,1487774.82
cy_actual,9,italy,home_care,cogs_materials,564666.43
cy_actual,9,italy,home_care,cogs_production,218580.55
cy_actual,9,italy,home_care,cogs_logistics,127505.32
cy_actual,9,italy,home_care,opex_marketing,154518.29
cy_actual,9,italy,home_care,opex_sales,131976.38
cy_actual,9,italy,home_care,opex_gna,80829.53
cy_actual,9,italy,home_care,opex_rnd,23799.87
cy_actual,9,italy,home_care,d_and_a,56851.63
cy_actual,9,italy,personal_care,revenue,1420215.4
cy_actual,9,italy,personal_care,cogs_materials,434099.52
cy_actual,9,italy,personal_care,cogs_production,168038.53
cy_actual,9,italy,personal_care,cogs_logistics,98022.47
cy_actual,9,italy,personal_care,opex_marketing,145917.83
cy_actual,9,italy,personal_care,opex_sales,129882.63
cy_actual,9,italy,personal_care,opex_gna,73954.62
cy_actual,9,italy,personal_care,opex_rnd,20983.68
cy_actual,9,italy,personal_care,d_and_a,51418.06
cy_actual,9,iberia,beverages,revenue,3174540.33
cy_actual,9,iberia,beverages,cogs_materials,1128162.34
cy_actual,9,iberia,beverages,cogs_production,436708.0
cy_actual,9,iberia,beverages,cogs_logistics,254746.34
cy_actual,9,iberia,beverages,opex_marketing,281921.13
cy_actual,9,iberia,beverages,opex_sales,288671.77
cy_actual,9,iberia,beverages,opex_gna,156466.08
cy_actual,9,iberia,beverages,opex_rnd,45568.57
cy_actual,9,iberia,beverages,d_and_a,108927.45
cy_actual,9,iberia,snacks,revenue,2173059.54
cy_actual,9,iberia,snacks,cogs_materials,764406.32
cy_actual,9,iberia,snacks,cogs_production,295899.22
cy_actual,9,iberia,snacks,cogs_logistics,172607.88
cy_actual,9,iberia,snacks,opex_marketing,219740.78
cy_actual,9,iberia,snacks,opex_sales,195471.07
cy_actual,9,iberia,snacks,opex_gna,112160.03
cy_actual,9,iberia,snacks,opex_rnd,32451.43
cy_actual,9,iberia,snacks,d_and_a,78148.65
cy_actual,9,iberia,dairy,revenue,1623666.14
cy_actual,9,iberia,dairy,cogs_materials,685396.68
cy_actual,9,iberia,dairy,cogs_production,265314.85
cy_actual,9,iberia,dairy,cogs_logistics,154766.99
cy_actual,9,iberia,dairy,opex_marketing,163764.55
cy_actual,9,iberia,dairy,opex_sales,146009.2
cy_actual,9,iberia,dairy,opex_gna,83610.2
cy_actual,9,iberia,dairy,opex_rnd,24840.84
cy_actual,9,iberia,dairy,d_and_a,58987.23
cy_actual,9,iberia,home_care,revenue,1249653.11
cy_actual,9,iberia,home_care,cogs_materials,470836.93
cy_actual,9,iberia,home_care,cogs_production,182259.46
cy_actual,9,iberia,home_care,cogs_logistics,106318.02
cy_actual,9,iberia,home_care,opex_marketing,134098.04
cy_actual,9,iberia,home_care,opex_sales,113668.34
cy_actual,9,iberia,home_care,opex_gna,70411.0
cy_actual,9,iberia,home_care,opex_rnd,19908.52
cy_actual,9,iberia,home_care,d_and_a,48409.79
cy_actual,9,iberia,personal_care,revenue,936956.0
cy_actual,9,iberia,personal_care,cogs_materials,286699.51
cy_actual,9,iberia,personal_care,cogs_production,110980.46
cy_actual,9,iberia,personal_care,cogs_logistics,64738.6
cy_actual,9,iberia,personal_care,opex_marketing,91122.35
cy_actual,9,iberia,personal_care,opex_sales,83692.38
cy_actual,9,iberia,personal_care,opex_gna,48431.87
cy_actual,9,iberia,personal_care,opex_rnd,13722.57
cy_actual,9,iberia,personal_care,d_and_a,33812.07
cy_actual,9,dach,beverages,revenue,2896877.67
cy_actual,9,dach,beverages,cogs_materials,1056964.53
cy_actual,9,dach,beverages,cogs_production,409147.56
cy_actual,9,dach,beverages,cogs_logistics,238669.41
cy_actual,9,dach,beverages,opex_marketing,265563.93
cy_actual,9,dach,beverages,opex_sales,258747.25
cy_actual,9,dach,beverages,opex_gna,146708.71
cy_actual,9,dach,beverages,opex_rnd,43472.81
cy_actual,9,dach,beverages,d_and_a,103839.32
cy_actual,9,dach,snacks,revenue,2423154.77
cy_actual,9,dach,snacks,cogs_materials,843738.59
cy_actual,9,dach,snacks,cogs_production,326608.49
cy_actual,9,dach,snacks,cogs_logistics,190521.62
cy_actual,9,dach,snacks,opex_marketing,248508.38
cy_actual,9,dach,snacks,opex_sales,217709.16
cy_actual,9,dach,snacks,opex_gna,128912.67
cy_actual,9,dach,snacks,opex_rnd,37125.66
cy_actual,9,dach,snacks,d_and_a,89859.29
cy_actual,9,dach,dairy,revenue,1419241.46
cy_actual,9,dach,dairy,cogs_materials,601202.74
cy_actual,9,dach,dairy,cogs_production,232723.64
cy_actual,9,dach,dairy,cogs_logistics,135755.46
cy_actual,9,dach,dairy,opex_marketing,156486.06
cy_actual,9,dach,dairy,opex_sales,125114.63
cy_actual,9,dach,dairy,opex_gna,80908.8
cy_actual,9,dach,dairy,opex_rnd,22820.03
cy_actual,9,dach,dairy,d_and_a,55893.28
cy_actual,9,dach,home_care,revenue,1897574.51
cy_actual,9,dach,home_care,cogs_materials,739488.03
cy_actual,9,dach,home_care,cogs_production,286253.43
cy_actual,9,dach,home_care,cogs_logistics,166981.17
cy_actual,9,dach,home_care,opex_marketing,190238.15
cy_actual,9,dach,home_care,opex_sales,168247.69
cy_actual,9,dach,home_care,opex_gna,101493.87
cy_actual,9,dach,home_care,opex_rnd,28348.47
cy_actual,9,dach,home_care,d_and_a,69439.75
cy_actual,9,dach,personal_care,revenue,1330488.77
cy_actual,9,dach,personal_care,cogs_materials,397715.62
cy_actual,9,dach,personal_care,cogs_production,153954.43
cy_actual,9,dach,personal_care,cogs_logistics,89806.75
cy_actual,9,dach,personal_care,opex_marketing,142115.88
cy_actual,9,dach,personal_care,opex_sales,119550.64
cy_actual,9,dach,personal_care,opex_gna,72781.76
cy_actual,9,dach,personal_care,opex_rnd,21001.83
cy_actual,9,dach,personal_care,d_and_a,51309.69
cy_actual,9,nordics,beverages,revenue,1613830.81
cy_actual,9,nordics,beverages,cogs_materials,595101.98
cy_actual,9,nordics,beverages,cogs_production,230362.06
cy_actual,9,nordics,beverages,cogs_logistics,134377.87
cy_actual,9,nordics,beverages,opex_marketing,142743.08
cy_actual,9,nordics,beverages,opex_sales,144579.15
cy_actual,9,nordics,beverages,opex_gna,81041.0
cy_actual,9,nordics,beverages,opex_rnd,23727.0
cy_actual,9,nordics,beverages,d_and_a,56929.35
cy_actual,9,nordics,snacks,revenue,1930935.03
cy_actual,9,nordics,snacks,cogs_materials,659774.41
cy_actual,9,nordics,snacks,cogs_production,255396.55
cy_actual,9,nordics,snacks,cogs_logistics,148981.32
cy_actual,9,nordics,snacks,opex_marketing,198783.46
cy_actual,9,nordics,snacks,opex_sales,170402.7
cy_actual,9,nordics,snacks,opex_gna,99191.0
cy_actual,9,nordics,snacks,opex_rnd,29945.39
cy_actual,9,nordics,snacks,d_and_a,71118.44
cy_actual,9,nordics,dairy,revenue,1368148.4
cy_actual,9,nordics,dairy,cogs_materials,587593.27
cy_actual,9,nordics,dairy,cogs_production,227455.46
cy_actual,9,nordics,dairy,cogs_logistics,132682.35
cy_actual,9,nordics,dairy,opex_marketing,139844.53
cy_actual,9,nordics,dairy,opex_sales,122544.16
cy_actual,9,nordics,dairy,opex_gna,73411.05
cy_actual,9,nordics,dairy,opex_rnd,20801.18
cy_actual,9,nordics,dairy,d_and_a,50828.12
cy_actual,9,nordics,home_care,revenue,1058700.62
cy_actual,9,nordics,home_care,cogs_materials,404393.73
cy_actual,9,nordics,home_care,cogs_production,156539.51
cy_actual,9,nordics,home_care,cogs_logistics,91314.71
cy_actual,9,nordics,home_care,opex_marketing,104238.42
cy_actual,9,nordics,home_care,opex_sales,96358.34
cy_actual,9,nordics,home_care,opex_gna,55148.2
cy_actual,9,nordics,home_care,opex_rnd,15896.62
cy_actual,9,nordics,home_care,d_and_a,38411.23
cy_actual,9,nordics,personal_care,revenue,840368.6
cy_actual,9,nordics,personal_care,cogs_materials,261623.28
cy_actual,9,nordics,personal_care,cogs_production,101273.53
cy_actual,9,nordics,personal_care,cogs_logistics,59076.22
cy_actual,9,nordics,personal_care,opex_marketing,86189.08
cy_actual,9,nordics,personal_care,opex_sales,76286.5
cy_actual,9,nordics,personal_care,opex_gna,45292.87
cy_actual,9,nordics,personal_care,opex_rnd,12615.12
cy_actual,9,nordics,personal_care,d_and_a,30690.0
cy_actual,10,italy,beverages,revenue,3346326.78
cy_actual,10,italy,beverages,cogs_materials,1222220.76
cy_actual,10,italy,beverages,cogs_production,473117.71
cy_actual,10,italy,beverages,cogs_logistics,275985.33
cy_actual,10,italy,beverages,opex_marketing,336740.16
cy_actual,10,italy,beverages,opex_sales,302617.61
cy_actual,10,italy,beverages,opex_gna,198758.48
cy_actual,10,italy,beverages,opex_rnd,56172.34
cy_actual,10,italy,beverages,d_and_a,139574.31
cy_actual,10,italy,snacks,revenue,3083883.27
cy_actual,10,italy,snacks,cogs_materials,1074564.48
cy_actual,10,italy,snacks,cogs_production,415960.44
cy_actual,10,italy,snacks,cogs_logistics,242643.59
cy_actual,10,italy,snacks,opex_marketing,298955.97
cy_actual,10,italy,snacks,opex_sales,278888.36
cy_actual,10,italy,snacks,opex_gna,147704.22
cy_actual,10,italy,snacks,opex_rnd,43553.51
cy_actual,10,italy,snacks,d_and_a,104728.79
cy_actual,10,italy,dairy,revenue,2452993.73
cy_actual,10,italy,dairy,cogs_materials,1062686.62
cy_actual,10,italy,dairy,cogs_production,411362.56
cy_actual,10,italy,dairy,cogs_logistics,239961.49
cy_actual,10,italy,dairy,opex_marketing,249248.33
cy_actual,10,italy,dairy,opex_sales,218728.64
cy_actual,10,italy,dairy,opex_gna,130086.93
cy_actual,10,italy,dairy,opex_rnd,36939.02
cy_actual,10,italy,dairy,d_and_a,89890.23
cy_actual,10,italy,home_care,revenue,1585655.6
cy_actual,10,italy,home_care,cogs_materials,596863.09
cy_actual,10,italy,home_care,cogs_production,231043.78
cy_actual,10,italy,home_care,cogs_logistics,134775.54
cy_actual,10,italy,home_care,opex_marketing,152847.57
cy_actual,10,italy,home_care,opex_sales,142050.18
cy_actual,10,italy,home_care,opex_gna,80377.09
cy_actual,10,italy,home_care,opex_rnd,23696.6
cy_actual,10,italy,home_care,d_and_a,56851.63
cy_actual,10,italy,personal_care,revenue,1519804.86
cy_actual,10,italy,personal_care,cogs_materials,471206.64
cy_actual,10,italy,personal_care,cogs_production,182402.57
cy_actual,10,italy,personal_care,cogs_logistics,106401.5
cy_actual,10,italy,personal_care,opex_marketing,151126.5
cy_actual,10,italy,personal_care,opex_sales,137109.17
cy_actual,10,italy,personal_care,opex_gna,73200.62
cy_actual,10,italy,personal_care,opex_rnd,20932.18
cy_actual,10,italy,personal_care,d_and_a,51418.06
cy_actual,10,iberia,beverages,revenue,2640017.29
cy_actual,10,iberia,beverages,cogs_materials,966988.94
cy_actual,10,iberia,beverages,cogs_production,374318.3
cy_actual,10,iberia,beverages,cogs_logistics,218352.34
cy_actual,10,iberia,beverages,opex_marketing,267227.62
cy_actual,10,iberia,beverages,opex_sales,236032.81
cy_actual,10,iberia,beverages,opex_gna,157614.82
cy_actual,10,iberia,beverages,opex_rnd,45474.39
cy_actual,10,iberia,beverages,d_and_a,108927.45
cy_actual,10,iberia,snacks,revenue,2222327.24
cy_actual,10,iberia,snacks,cogs_materials,765494.87
cy_actual,10,iberia,snacks,cogs_production,296320.59
cy_actual,10,iberia,snacks,cogs_logistics,172853.68
cy_actual,10,iberia,snacks,opex_marketing,228101.6
cy_actual,10,iberia,snacks,opex_sales,202158.02
cy_actual,10,iberia,snacks,opex_gna,110141.76
cy_actual,10,iberia,snacks,opex_rnd,32116.76
cy_actual,10,iberia,snacks,d_and_a,78148.65
cy_actual,10,iberia,dairy,revenue,1585572.11
cy_actual,10,iberia,dairy,cogs_materials,686265.19
cy_actual,10,iberia,dairy,cogs_production,265651.04
cy_actual,10,iberia,dairy,cogs_logistics,154963.11
cy_actual,10,iberia,dairy,opex_marketing,167038.56
cy_actual,10,iberia,dairy,opex_sales,140098.29
cy_actual,10,iberia,dairy,opex_gna,84727.71
cy_actual,10,iberia,dairy,opex_rnd,24103.21
cy_actual,10,iberia,dairy,d_and_a,58987.23
cy_actual,10,iberia,home_care,revenue,1436608.19
cy_actual,10,iberia,home_care,cogs_materials,555589.67
cy_actual,10,iberia,home_care,cogs_production,215066.97
cy_actual,10,iberia,home_care,cogs_logistics,125455.73
cy_actual,10,iberia,home_care,opex_marketing,129646.06
cy_actual,10,iberia,home_care,opex_sales,128042.28
cy_actual,10,iberia,home_care,opex_gna,69303.12
cy_actual,10,iberia,home_care,opex_rnd,19695.46
cy_actual,10,iberia,home_care,d_and_a,48409.79
cy_actual,10,iberia,personal_care,revenue,959522.42
cy_actual,10,iberia,personal_care,cogs_materials,302195.12
cy_actual,10,iberia,personal_care,cogs_production,116978.76
cy_actual,10,iberia,personal_care,cogs_logistics,68237.61
cy_actual,10,iberia,personal_care,opex_marketing,98794.9
cy_actual,10,iberia,personal_care,opex_sales,85232.02
cy_actual,10,iberia,personal_care,opex_gna,47089.45
cy_actual,10,iberia,personal_care,opex_rnd,14123.08
cy_actual,10,iberia,personal_care,d_and_a,33812.07
cy_actual,10,dach,beverages,revenue,2520967.91
cy_actual,10,dach,beverages,cogs_materials,916004.16
cy_actual,10,dach,beverages,cogs_production,354582.26
cy_actual,10,dach,beverages,cogs_logistics,206839.65
cy_actual,10,dach,beverages,opex_marketing,254910.6
cy_actual,10,dach,beverages,opex_sales,229367.12
cy_actual,10,dach,beverages,opex_gna,148203.06
cy_actual,10,dach,beverages,opex_rnd,42869.47
cy_actual,10,dach,beverages,d_and_a,103839.32
cy_actual,10,dach,snacks,revenue,2672477.49
cy_actual,10,dach,snacks,cogs_materials,925496.79
cy_actual,10,dach,snacks,cogs_production,358256.82
cy_actual,10,dach,snacks,cogs_logistics,208983.15
cy_actual,10,dach,snacks,opex_marketing,255809.11
cy_actual,10,dach,snacks,opex_sales,242344.48
cy_actual,10,dach,snacks,opex_gna,128429.89
cy_actual,10,dach,snacks,opex_rnd,36871.02
cy_actual,10,dach,snacks,d_and_a,89859.29
cy_actual,10,dach,dairy,revenue,1589281.44
cy_actual,10,dach,dairy,cogs_materials,687592.3
cy_actual,10,dach,dairy,cogs_production,266164.76
cy_actual,10,dach,dairy,cogs_logistics,155262.78
cy_actual,10,dach,dairy,opex_marketing,156377.76
cy_actual,10,dach,dairy,opex_sales,143392.65
cy_actual,10,dach,dairy,opex_gna,80082.99
cy_actual,10,dach,dairy,opex_rnd,22961.25
cy_actual,10,dach,dairy,d_and_a,55893.28
cy_actual,10,dach,home_care,revenue,2042389.15
cy_actual,10,dach,home_care,cogs_materials,783711.83
cy_actual,10,dach,home_care,cogs_production,303372.32
cy_actual,10,dach,home_care,cogs_logistics,176967.19
cy_actual,10,dach,home_care,opex_marketing,184890.64
cy_actual,10,dach,home_care,opex_sales,181951.01
cy_actual,10,dach,home_care,opex_gna,101393.17
cy_actual,10,dach,home_care,opex_rnd,28533.89
cy_actual,10,dach,home_care,d_and_a,69439.75
cy_actual,10,dach,personal_care,revenue,1460791.57
cy_actual,10,dach,personal_care,cogs_materials,446523.7
cy_actual,10,dach,personal_care,cogs_production,172847.89
cy_actual,10,dach,personal_care,cogs_logistics,100827.93
cy_actual,10,dach,personal_care,opex_marketing,147490.77
cy_actual,10,dach,personal_care,opex_sales,132962.42
cy_actual,10,dach,personal_care,opex_gna,73990.93
cy_actual,10,dach,personal_care,opex_rnd,20687.15
cy_actual,10,dach,personal_care,d_and_a,51309.69
cy_actual,10,nordics,beverages,revenue,1412892.68
cy_actual,10,nordics,beverages,cogs_materials,520724.6
cy_actual,10,nordics,beverages,cogs_production,201570.81
cy_actual,10,nordics,beverages,cogs_logistics,117582.97
cy_actual,10,nordics,beverages,opex_marketing,138359.5
cy_actual,10,nordics,beverages,opex_sales,127502.99
cy_actual,10,nordics,beverages,opex_gna,80962.32
cy_actual,10,nordics,beverages,opex_rnd,23697.61
cy_actual,10,nordics,beverages,d_and_a,56929.35
cy_actual,10,nordics,snacks,revenue,2041580.11
cy_actual,10,nordics,snacks,cogs_materials,721030.78
cy_actual,10,nordics,snacks,cogs_production,279108.69
cy_actual,10,nordics,snacks,cogs_logistics,162813.4
cy_actual,10,nordics,snacks,opex_marketing,205332.25
cy_actual,10,nordics,snacks,opex_sales,183821.25
cy_actual,10,nordics,snacks,opex_gna,100540.84
cy_actual,10,nordics,snacks,opex_rnd,29448.45
cy_actual,10,nordics,snacks,d_and_a,71118.44
cy_actual,10,nordics,dairy,revenue,1401803.68
cy_actual,10,nordics,dairy,cogs_materials,610362.72
cy_actual,10,nordics,dairy,cogs_production,236269.44
cy_actual,10,nordics,dairy,cogs_logistics,137823.84
cy_actual,10,nordics,dairy,opex_marketing,143241.11
cy_actual,10,nordics,dairy,opex_sales,123661.51
cy_actual,10,nordics,dairy,opex_gna,72094.4
cy_actual,10,nordics,dairy,opex_rnd,20911.52
cy_actual,10,nordics,dairy,d_and_a,50828.12
cy_actual,10,nordics,home_care,revenue,1040746.54
cy_actual,10,nordics,home_care,cogs_materials,394835.29
cy_actual,10,nordics,home_care,cogs_production,152839.47
cy_actual,10,nordics,home_care,cogs_logistics,89156.36
cy_actual,10,nordics,home_care,opex_marketing,103114.1
cy_actual,10,nordics,home_care,opex_sales,94165.35
cy_actual,10,nordics,home_care,opex_gna,56330.02
cy_actual,10,nordics,home_care,opex_rnd,16021.72
cy_actual,10,nordics,home_care,d_and_a,38411.23
cy_actual,10,nordics,personal_care,revenue,910072.1
cy_actual,10,nordics,personal_care,cogs_materials,278606.49
cy_actual,10,nordics,personal_care,cogs_production,107847.67
cy_actual,10,nordics,personal_care,cogs_logistics,62911.14
cy_actual,10,nordics,personal_care,opex_marketing,90019.33
cy_actual,10,nordics,personal_care,opex_sales,83482.28
cy_actual,10,nordics,personal_care,opex_gna,44857.53
cy_actual,10,nordics,personal_care,opex_rnd,12804.34
cy_actual,10,nordics,personal_care,d_and_a,30690.0
cy_actual,11,italy,beverages,revenue,2925545.89
cy_actual,11,italy,beverages,cogs_materials,1089882.58
cy_actual,11,italy,beverages,cogs_production,421890.03
cy_actual,11,italy,beverages,cogs_logistics,246102.52
cy_actual,11,italy,beverages,opex_marketing,356602.15
cy_actual,11,italy,beverages,opex_sales,262268.57
cy_actual,11,italy,beverages,opex_gna,201070.46
cy_actual,11,italy,beverages,opex_rnd,57637.68
cy_actual,11,italy,beverages,d_and_a,139574.31
cy_actual,11,italy,snacks,revenue,2918085.02
cy_actual,11,italy,snacks,cogs_materials,1028641.55
cy_actual,11,italy,snacks,cogs_production,398183.82
cy_actual,11,italy,snacks,cogs_logistics,232273.9
cy_actual,11,italy,snacks,opex_marketing,314200.36
cy_actual,11,italy,snacks,opex_sales,261008.62
cy_actual,11,italy,snacks,opex_gna,152015.03
cy_actual,11,italy,snacks,opex_rnd,43613.93
cy_actual,11,italy,snacks,d_and_a,104728.79
cy_actual,11,italy,dairy,revenue,2628429.93
cy_actual,11,italy,dairy,cogs_materials,1129801.63
cy_actual,11,italy,dairy,cogs_production,437342.56
cy_actual,11,italy,dairy,cogs_logistics,255116.5
cy_actual,11,italy,dairy,opex_marketing,259231.96
cy_actual,11,italy,dairy,opex_sales,237329.47
cy_actual,11,italy,dairy,opex_gna,128296.34
cy_actual,11,italy,dairy,opex_rnd,37219.17
cy_actual,11,italy,dairy,d_and_a,89890.23
cy_actual,11,italy,home_care,revenue,1631795.67
cy_actual,11,italy,home_care,cogs_materials,633590.9
cy_actual,11,italy,home_care,cogs_production,245260.99
cy_actual,11,italy,home_care,cogs_logistics,143068.91
cy_actual,11,italy,home_care,opex_marketing,151875.43
cy_actual,11,italy,home_care,opex_sales,147519.43
cy_actual,11,italy,home_care,opex_gna,80186.37
cy_actual,11,italy,home_care,opex_rnd,23733.52
cy_actual,11,italy,home_care,d_and_a,56851.63
cy_actual,11,italy,personal_care,revenue,1668286.98
cy_actual,11,italy,personal_care,cogs_materials,515642.4
cy_actual,11,italy,personal_care,cogs_production,199603.51
cy_actual,11,italy,personal_care,cogs_logistics,116435.38
cy_actual,11,italy,personal_care,opex_marketing,162142.82
cy_actual,11,italy,personal_care,opex_sales,149973.85
cy_actual,11,italy,personal_care,opex_gna,74839.44
cy_actual,11,italy,personal_care,opex_rnd,21316.69
cy_actual,11,italy,personal_care,d_and_a,51418.06
cy_actual,11,iberia,beverages,revenue,2360373.6
cy_actual,11,iberia,beverages,cogs_materials,880427.69
cy_actual,11,iberia,beverages,cogs_production,340810.72
cy_actual,11,iberia,beverages,cogs_logistics,198806.25
cy_actual,11,iberia,beverages,opex_marketing,273412.42
cy_actual,11,iberia,beverages,opex_sales,213456.75
cy_actual,11,iberia,beverages,opex_gna,158452.21
cy_actual,11,iberia,beverages,opex_rnd,44549.49
cy_actual,11,iberia,beverages,d_and_a,108927.45
cy_actual,11,iberia,snacks,revenue,2409576.11
cy_actual,11,iberia,snacks,cogs_materials,860070.64
cy_actual,11,iberia,snacks,cogs_production,332930.57
cy_actual,11,iberia,snacks,cogs_logistics,194209.5
cy_actual,11,iberia,snacks,opex_marketing,234807.82
cy_actual,11,iberia,snacks,opex_sales,213268.59
cy_actual,11,iberia,snacks,opex_gna,110642.7
cy_actual,11,iberia,snacks,opex_rnd,32851.38
cy_actual,11,iberia,snacks,d_and_a,78148.65
cy_actual,11,iberia,dairy,revenue,1682912.36
cy_actual,11,iberia,dairy,cogs_materials,740367.22
cy_actual,11,iberia,dairy,cogs_production,286593.76
cy_actual,11,iberia,dairy,cogs_logistics,167179.69
cy_actual,11,iberia,dairy,opex_marketing,166887.9
cy_actual,11,iberia,dairy,opex_sales,154246.77
cy_actual,11,iberia,dairy,opex_gna,86772.17
cy_actual,11,iberia,dairy,opex_rnd,24348.37
cy_actual,11,iberia,dairy,d_and_a,58987.23
cy_actual,11,iberia,home_care,revenue,1302542.75
cy_actual,11,iberia,home_care,cogs_materials,500290.35
cy_actual,11,iberia,home_care,cogs_production,193660.78
cy_actual,11,iberia,home_care,cogs_logistics,112968.79
cy_actual,11,iberia,home_care,opex_marketing,131158.77
cy_actual,11,iberia,home_care,opex_sales,116927.64
cy_actual,11,iberia,home_care,opex_gna,69646.86
cy_actual,11,iberia,home_care,opex_rnd,20221.19
cy_actual,11,iberia,home_care,d_and_a,48409.79
cy_actual,11,iberia,personal_care,revenue,1083696.86
cy_actual,11,iberia,personal_care,cogs_materials,329916.43
cy_actual,11,iberia,personal_care,cogs_production,127709.59
cy_actual,11,iberia,personal_care,cogs_logistics,74497.26
cy_actual,11,iberia,personal_care,opex_marketing,105497.39
cy_actual,11,iberia,personal_care,opex_sales,98386.26
cy_actual,11,iberia,personal_care,opex_gna,48981.62
cy_actual,11,iberia,personal_care,opex_rnd,13816.61
cy_actual,11,iberia,personal_care,d_and_a,33812.07
cy_actual,11,dach,beverages,revenue,2312546.72
cy_actual,11,dach,beverages,cogs_materials,873409.88
cy_actual,11,dach,beverages,cogs_production,338094.15
cy_actual,11,dach,beverages,cogs_logistics,197221.58
cy_actual,11,dach,beverages,opex_marketing,263560.45
cy_actual,11,dach,beverages,opex_sales,209476.91
cy_actual,11,dach,beverages,opex_gna,148485.97
cy_actual,11,dach,beverages,opex_rnd,42365.12
cy_actual,11,dach,beverages,d_and_a,103839.32
cy_actual,11,dach,snacks,revenue,2658362.53
cy_actual,11,dach,snacks,cogs_materials,939669.51
cy_actual,11,dach,snacks,cogs_production,363743.04
cy_actual,11,dach,snacks,cogs_logistics,212183.44
cy_actual,11,dach,snacks,opex_marketing,269465.84
cy_actual,11,dach,snacks,opex_sales,240224.04
cy_actual,11,dach,snacks,opex_gna,130812.9
cy_actual,11,dach,snacks,opex_rnd,37425.13
cy_actual,11,dach,snacks,d_and_a,89859.29
cy_actual,11,dach,dairy,revenue,1617424.41
cy_actual,11,dach,dairy,cogs_materials,693456.2
cy_actual,11,dach,dairy,cogs_production,268434.66
cy_actual,11,dach,dairy,cogs_logistics,156586.88
cy_actual,11,dach,dairy,opex_marketing,160270.92
cy_actual,11,dach,dairy,opex_sales,145696.61
cy_actual,11,dach,dairy,opex_gna,80950.61
cy_actual,11,dach,dairy,opex_rnd,23130.49
cy_actual,11,dach,dairy,d_and_a,55893.28
cy_actual,11,dach,home_care,revenue,1821036.87
cy_actual,11,dach,home_care,cogs_materials,696797.13
cy_actual,11,dach,home_care,cogs_production,269727.92
cy_actual,11,dach,home_care,cogs_logistics,157341.29
cy_actual,11,dach,home_care,opex_marketing,184496.31
cy_actual,11,dach,home_care,opex_sales,162682.45
cy_actual,11,dach,home_care,opex_gna,99348.37
cy_actual,11,dach,home_care,opex_rnd,28834.19
cy_actual,11,dach,home_care,d_and_a,69439.75
cy_actual,11,dach,personal_care,revenue,1672824.94
cy_actual,11,dach,personal_care,cogs_materials,506499.05
cy_actual,11,dach,personal_care,cogs_production,196064.15
cy_actual,11,dach,personal_care,cogs_logistics,114370.75
cy_actual,11,dach,personal_care,opex_marketing,156580.61
cy_actual,11,dach,personal_care,opex_sales,148717.29
cy_actual,11,dach,personal_care,opex_gna,74453.81
cy_actual,11,dach,personal_care,opex_rnd,20959.28
cy_actual,11,dach,personal_care,d_and_a,51309.69
cy_actual,11,nordics,beverages,revenue,1333386.58
cy_actual,11,nordics,beverages,cogs_materials,499278.38
cy_actual,11,nordics,beverages,cogs_production,193269.05
cy_actual,11,nordics,beverages,cogs_logistics,112740.28
cy_actual,11,nordics,beverages,opex_marketing,141721.71
cy_actual,11,nordics,beverages,opex_sales,119829.34
cy_actual,11,nordics,beverages,opex_gna,82173.6
cy_actual,11,nordics,beverages,opex_rnd,23496.13
cy_actual,11,nordics,beverages,d_and_a,56929.35
cy_actual,11,nordics,snacks,revenue,2258883.24
cy_actual,11,nordics,snacks,cogs_materials,797365.42
cy_actual,11,nordics,snacks,cogs_production,308657.58
cy_actual,11,nordics,snacks,cogs_logistics,180050.26
cy_actual,11,nordics,snacks,opex_marketing,213791.1
cy_actual,11,nordics,snacks,opex_sales,206646.93
cy_actual,11,nordics,snacks,opex_gna,102196.56
cy_actual,11,nordics,snacks,opex_rnd,29267.35
cy_actual,11,nordics,snacks,d_and_a,71118.44
cy_actual,11,nordics,dairy,revenue,1497083.44
cy_actual,11,nordics,dairy,cogs_materials,656308.13
cy_actual,11,nordics,dairy,cogs_production,254054.76
cy_actual,11,nordics,dairy,cogs_logistics,148198.61
cy_actual,11,nordics,dairy,opex_marketing,146213.61
cy_actual,11,nordics,dairy,opex_sales,133288.22
cy_actual,11,nordics,dairy,opex_gna,73094.03
cy_actual,11,nordics,dairy,opex_rnd,21110.67
cy_actual,11,nordics,dairy,d_and_a,50828.12
cy_actual,11,nordics,home_care,revenue,1010779.4
cy_actual,11,nordics,home_care,cogs_materials,382389.35
cy_actual,11,nordics,home_care,cogs_production,148021.68
cy_actual,11,nordics,home_care,cogs_logistics,86345.98
cy_actual,11,nordics,home_care,opex_marketing,102065.2
cy_actual,11,nordics,home_care,opex_sales,91471.18
cy_actual,11,nordics,home_care,opex_gna,54085.15
cy_actual,11,nordics,home_care,opex_rnd,15739.31
cy_actual,11,nordics,home_care,d_and_a,38411.23
cy_actual,11,nordics,personal_care,revenue,975718.72
cy_actual,11,nordics,personal_care,cogs_materials,295682.73
cy_actual,11,nordics,personal_care,cogs_production,114457.83
cy_actual,11,nordics,personal_care,cogs_logistics,66767.07
cy_actual,11,nordics,personal_care,opex_marketing,96086.78
cy_actual,11,nordics,personal_care,opex_sales,90061.17
cy_actual,11,nordics,personal_care,opex_gna,44166.97
cy_actual,11,nordics,personal_care,opex_rnd,12622.89
cy_actual,11,nordics,personal_care,d_and_a,30690.0
cy_actual,12,italy,beverages,revenue,3291550.91
cy_actual,12,italy,beverages,cogs_materials,1216960.13
cy_actual,12,italy,beverages,cogs_production,471081.34
cy_actual,12,italy,beverages,cogs_logistics,274797.45
cy_actual,12,italy,beverages,opex_marketing,335023.88
cy_actual,12,italy,beverages,opex_sales,300168.86
cy_actual,12,italy,beverages,opex_gna,205308.35
cy_actual,12,italy,beverages,opex_rnd,57943.08
cy_actual,12,italy,beverages,d_and_a,139574.31
cy_actual,12,italy,snacks,revenue,3336767.08
cy_actual,12,italy,snacks,cogs_materials,1190686.95
cy_actual,12,italy,snacks,cogs_production,460911.08
cy_actual,12,italy,snacks,cogs_logistics,268864.79
cy_actual,12,italy,snacks,opex_marketing,273959.35
cy_actual,12,italy,snacks,opex_sales,298122.33
cy_actual,12,italy,snacks,opex_gna,152034.95
cy_actual,12,italy,snacks,opex_rnd,42896.05
cy_actual,12,italy,snacks,d_and_a,104728.79
cy_actual,12,italy,dairy,revenue,2537722.28
cy_actual,12,italy,dairy,cogs_materials,1098064.88
cy_actual,12,italy,dairy,cogs_production,425057.37
cy_actual,12,italy,dairy,cogs_logistics,247950.13
cy_actual,12,italy,dairy,opex_marketing,248343.77
cy_actual,12,italy,dairy,opex_sales,233396.0
cy_actual,12,italy,dairy,opex_gna,129436.78
cy_actual,12,italy,dairy,opex_rnd,36778.59
cy_actual,12,italy,dairy,d_and_a,89890.23
cy_actual,12,italy,home_care,revenue,1535556.66
cy_actual,12,italy,home_care,cogs_materials,591905.84
cy_actual,12,italy,home_care,cogs_production,229124.84
cy_actual,12,italy,home_care,cogs_logistics,133656.16
cy_actual,12,italy,home_care,opex_marketing,155962.21
cy_actual,12,italy,home_care,opex_sales,138232.24
cy_actual,12,italy,home_care,opex_gna,83790.72
cy_actual,12,italy,home_care,opex_rnd,23470.49
cy_actual,12,italy,home_care,d_and_a,56851.63
cy_actual,12,italy,personal_care,revenue,1728805.27
cy_actual,12,italy,personal_care,cogs_materials,525962.5
cy_actual,12,italy,personal_care,cogs_production,203598.39
cy_actual,12,italy,personal_care,cogs_logistics,118765.73
cy_actual,12,italy,personal_care,opex_marketing,130413.79
cy_actual,12,italy,personal_care,opex_sales,155969.77
cy_actual,12,italy,personal_care,opex_gna,73554.4
cy_actual,12,italy,personal_care,opex_rnd,20703.69
cy_actual,12,italy,personal_care,d_and_a,51418.06
cy_actual,12,iberia,beverages,revenue,2774520.4
cy_actual,12,iberia,beverages,cogs_materials,1027748.8
cy_actual,12,iberia,beverages,cogs_production,397838.25
cy_actual,12,iberia,beverages,cogs_logistics,232072.31
cy_actual,12,iberia,beverages,opex_marketing,259216.96
cy_actual,12,iberia,beverages,opex_sales,249100.78
cy_actual,12,iberia,beverages,opex_gna,154852.48
cy_actual,12,iberia,beverages,opex_rnd,44754.18
cy_actual,12,iberia,beverages,d_and_a,108927.45
cy_actual,12,iberia,snacks,revenue,2532967.28
cy_actual,12,iberia,snacks,cogs_materials,901899.29
cy_actual,12,iberia,snacks,cogs_production,349122.31
cy_actual,12,iberia,snacks,cogs_logistics,203654.68
cy_actual,12,iberia,snacks,opex_marketing,200924.01
cy_actual,12,iberia,snacks,opex_sales,226809.35
cy_actual,12,iberia,snacks,opex_gna,112374.03
cy_actual,12,iberia,snacks,opex_rnd,32676.37
cy_actual,12,iberia,snacks,d_and_a,78148.65
cy_actual,12,iberia,dairy,revenue,1785789.47
cy_actual,12,iberia,dairy,cogs_materials,777206.48
cy_actual,12,iberia,dairy,cogs_production,300854.12
cy_actual,12,iberia,dairy,cogs_logistics,175498.24
cy_actual,12,iberia,dairy,opex_marketing,166114.41
cy_actual,12,iberia,dairy,opex_sales,162673.22
cy_actual,12,iberia,dairy,opex_gna,84107.89
cy_actual,12,iberia,dairy,opex_rnd,24292.99
cy_actual,12,iberia,dairy,d_and_a,58987.23
cy_actual,12,iberia,home_care,revenue,1228687.94
cy_actual,12,iberia,home_care,cogs_materials,467933.03
cy_actual,12,iberia,home_care,cogs_production,181135.37
cy_actual,12,iberia,home_care,cogs_logistics,105662.3
cy_actual,12,iberia,home_care,opex_marketing,128867.35
cy_actual,12,iberia,home_care,opex_sales,111867.49
cy_actual,12,iberia,home_care,opex_gna,69451.42
cy_actual,12,iberia,home_care,opex_rnd,19968.99
cy_actual,12,iberia,home_care,d_and_a,48409.79
cy_actual,12,iberia,personal_care,revenue,1207775.63
cy_actual,12,iberia,personal_care,cogs_materials,374857.69
cy_actual,12,iberia,personal_care,cogs_production,145106.2
cy_actual,12,iberia,personal_care,cogs_logistics,84645.29
cy_actual,12,iberia,personal_care,opex_marketing,88561.81
cy_actual,12,iberia,personal_care,opex_sales,109463.51
cy_actual,12,iberia,personal_care,opex_gna,48549.98
cy_actual,12,iberia,personal_care,opex_rnd,13748.68
cy_actual,12,iberia,personal_care,d_and_a,33812.07
cy_actual,12,dach,beverages,revenue,2455557.42
cy_actual,12,dach,beverages,cogs_materials,904487.58
cy_actual,12,dach,beverages,cogs_production,350124.22
cy_actual,12,dach,beverages,cogs_logistics,204239.13
cy_actual,12,dach,beverages,opex_marketing,245176.76
cy_actual,12,dach,beverages,opex_sales,224514.44
cy_actual,12,dach,beverages,opex_gna,148492.85
cy_actual,12,dach,beverages,opex_rnd,42694.72
cy_actual,12,dach,beverages,d_and_a,103839.32
cy_actual,12,dach,snacks,revenue,2898784.15
cy_actual,12,dach,snacks,cogs_materials,1014021.93
cy_actual,12,dach,snacks,cogs_production,392524.62
cy_actual,12,dach,snacks,cogs_logistics,228972.69
cy_actual,12,dach,snacks,opex_marketing,233816.23
cy_actual,12,dach,snacks,opex_sales,263255.48
cy_actual,12,dach,snacks,opex_gna,127692.48
cy_actual,12,dach,snacks,opex_rnd,36720.75
cy_actual,12,dach,snacks,d_and_a,89859.29
cy_actual,12,dach,dairy,revenue,1578017.67
cy_actual,12,dach,dairy,cogs_materials,688110.06
cy_actual,12,dach,dairy,cogs_production,266365.18
cy_actual,12,dach,dairy,cogs_logistics,155379.69
cy_actual,12,dach,dairy,opex_marketing,155597.18
cy_actual,12,dach,dairy,opex_sales,141473.13
cy_actual,12,dach,dairy,opex_gna,79566.85
cy_actual,12,dach,dairy,opex_rnd,23313.53
cy_actual,12,dach,dairy,d_and_a,55893.28
cy_actual,12,dach,home_care,revenue,1785638.3
cy_actual,12,dach,home_care,cogs_materials,683448.74
cy_actual,12,dach,home_care,cogs_production,264560.8
cy_actual,12,dach,home_care,cogs_logistics,154327.13
cy_actual,12,dach,home_care,opex_marketing,186862.5
cy_actual,12,dach,home_care,opex_sales,160404.63
cy_actual,12,dach,home_care,opex_gna,98780.41
cy_actual,12,dach,home_care,opex_rnd,28099.87
cy_actual,12,dach,home_care,d_and_a,69439.75
cy_actual,12,dach,personal_care,revenue,1793608.23
cy_actual,12,dach,personal_care,cogs_materials,558664.1
cy_actual,12,dach,personal_care,cogs_production,216257.07
cy_actual,12,dach,personal_care,cogs_logistics,126149.96
cy_actual,12,dach,personal_care,opex_marketing,130945.16
cy_actual,12,dach,personal_care,opex_sales,159309.57
cy_actual,12,dach,personal_care,opex_gna,73633.11
cy_actual,12,dach,personal_care,opex_rnd,20806.36
cy_actual,12,dach,personal_care,d_and_a,51309.69
cy_actual,12,nordics,beverages,revenue,1334010.5
cy_actual,12,nordics,beverages,cogs_materials,492182.13
cy_actual,12,nordics,beverages,cogs_production,190522.11
cy_actual,12,nordics,beverages,cogs_logistics,111137.9
cy_actual,12,nordics,beverages,opex_marketing,137377.48
cy_actual,12,nordics,beverages,opex_sales,120369.94
cy_actual,12,nordics,beverages,opex_gna,82478.98
cy_actual,12,nordics,beverages,opex_rnd,23175.27
cy_actual,12,nordics,beverages,d_and_a,56929.35
cy_actual,12,nordics,snacks,revenue,2287444.7
cy_actual,12,nordics,snacks,cogs_materials,806748.99
cy_actual,12,nordics,snacks,cogs_production,312289.93
cy_actual,12,nordics,snacks,cogs_logistics,182169.13
cy_actual,12,nordics,snacks,opex_marketing,185832.03
cy_actual,12,nordics,snacks,opex_sales,205105.72
cy_actual,12,nordics,snacks,opex_gna,102813.93
cy_actual,12,nordics,snacks,opex_rnd,29569.51
cy_actual,12,nordics,snacks,d_and_a,71118.44
cy_actual,12,nordics,dairy,revenue,1509009.05
cy_actual,12,nordics,dairy,cogs_materials,656144.39
cy_actual,12,nordics,dairy,cogs_production,253991.38
cy_actual,12,nordics,dairy,cogs_logistics,148161.64
cy_actual,12,nordics,dairy,opex_marketing,145176.61
cy_actual,12,nordics,dairy,opex_sales,134414.03
cy_actual,12,nordics,dairy,opex_gna,71326.21
cy_actual,12,nordics,dairy,opex_rnd,21096.97
cy_actual,12,nordics,dairy,d_and_a,50828.12
cy_actual,12,nordics,home_care,revenue,1038646.1
cy_actual,12,nordics,home_care,cogs_materials,400282.88
cy_actual,12,nordics,home_care,cogs_production,154948.21
cy_actual,12,nordics,home_care,cogs_logistics,90386.46
cy_actual,12,nordics,home_care,opex_marketing,103622.48
cy_actual,12,nordics,home_care,opex_sales,94107.28
cy_actual,12,nordics,home_care,opex_gna,55157.07
cy_actual,12,nordics,home_care,opex_rnd,16197.45
cy_actual,12,nordics,home_care,d_and_a,38411.23
cy_actual,12,nordics,personal_care,revenue,1027470.23
cy_actual,12,nordics,personal_care,cogs_materials,315219.64
cy_actual,12,nordics,personal_care,cogs_production,122020.5
cy_actual,12,nordics,personal_care,cogs_logistics,71178.63
cy_actual,12,nordics,personal_care,opex_marketing,79480.72
cy_actual,12,nordics,personal_care,opex_sales,91392.09
cy_actual,12,nordics,personal_care,opex_gna,44135.42
cy_actual,12,nordics,personal_care,opex_rnd,12888.94
cy_actual,12,nordics,personal_care,d_and_a,30690.0
forecast,1,italy,beverages,revenue,3084534.69
forecast,1,italy,beverages,cogs_materials,1105934.36
forecast,1,italy,beverages,cogs_production,428103.62
forecast,1,italy,beverages,cogs_logistics,249727.11
forecast,1,italy,beverages,opex_marketing,333037.01
forecast,1,italy,beverages,opex_sales,281421.18
forecast,1,italy,beverages,opex_gna,198511.34
forecast,1,italy,beverages,opex_rnd,57124.21
forecast,1,italy,beverages,d_and_a,129235.47
forecast,1,italy,snacks,revenue,2720334.88
forecast,1,italy,snacks,cogs_materials,914971.48
forecast,1,italy,snacks,cogs_production,354182.51
forecast,1,italy,snacks,cogs_logistics,206606.46
forecast,1,italy,snacks,opex_marketing,263507.86
forecast,1,italy,snacks,opex_sales,243599.84
forecast,1,italy,snacks,opex_gna,152479.39
forecast,1,italy,snacks,opex_rnd,43606.8
forecast,1,italy,snacks,d_and_a,96971.1
forecast,1,italy,dairy,revenue,2773077.9
forecast,1,italy,dairy,cogs_materials,1181628.26
forecast,1,italy,dairy,cogs_production,457404.49
forecast,1,italy,dairy,cogs_logistics,266819.28
forecast,1,italy,dairy,opex_marketing,243489.76
forecast,1,italy,dairy,opex_sales,249625.22
forecast,1,italy,dairy,opex_gna,130500.94
forecast,1,italy,dairy,opex_rnd,36575.96
forecast,1,italy,dairy,d_and_a,83231.7
forecast,1,italy,home_care,revenue,1509048.52
forecast,1,italy,home_care,cogs_materials,554653.9
forecast,1,italy,home_care,cogs_production,214704.74
forecast,1,italy,home_care,cogs_logistics,125244.43
forecast,1,italy,home_care,opex_marketing,152707.26
forecast,1,italy,home_care,opex_sales,134211.56
forecast,1,italy,home_care,opex_gna,81569.46
forecast,1,italy,home_care,opex_rnd,23647.7
forecast,1,italy,home_care,d_and_a,52640.4
forecast,1,italy,personal_care,revenue,1295505.24
forecast,1,italy,personal_care,cogs_materials,380514.79
forecast,1,italy,personal_care,cogs_production,147296.05
forecast,1,italy,personal_care,cogs_logistics,85922.69
forecast,1,italy,personal_care,opex_marketing,130101.88
forecast,1,italy,personal_care,opex_sales,120163.42
forecast,1,italy,personal_care,opex_gna,74878.94
forecast,1,italy,personal_care,opex_rnd,21078.01
forecast,1,italy,personal_care,d_and_a,47609.31
forecast,1,iberia,beverages,revenue,2322805.0
forecast,1,iberia,beverages,cogs_materials,846254.78
forecast,1,iberia,beverages,cogs_production,327582.5
forecast,1,iberia,beverages,cogs_logistics,191089.79
forecast,1,iberia,beverages,opex_marketing,257196.55
forecast,1,iberia,beverages,opex_sales,210705.2
forecast,1,iberia,beverages,opex_gna,155568.13
forecast,1,iberia,beverages,opex_rnd,44609.12
forecast,1,iberia,beverages,d_and_a,100858.75
forecast,1,iberia,snacks,revenue,1984484.54
forecast,1,iberia,snacks,cogs_materials,680050.53
forecast,1,iberia,snacks,cogs_production,263245.37
forecast,1,iberia,snacks,cogs_logistics,153559.8
forecast,1,iberia,snacks,opex_marketing,200720.0
forecast,1,iberia,snacks,opex_sales,178795.21
forecast,1,iberia,snacks,opex_gna,109971.82
forecast,1,iberia,snacks,opex_rnd,32474.61
forecast,1,iberia,snacks,d_and_a,72359.86
forecast,1,iberia,dairy,revenue,1657310.5
forecast,1,iberia,dairy,cogs_materials,695826.39
forecast,1,iberia,dairy,cogs_production,269352.15
forecast,1,iberia,dairy,cogs_logistics,157122.09
forecast,1,iberia,dairy,opex_marketing,160626.39
forecast,1,iberia,dairy,opex_sales,151552.79
forecast,1,iberia,dairy,opex_gna,85662.56
forecast,1,iberia,dairy,opex_rnd,24313.0
forecast,1,iberia,dairy,d_and_a,54617.81
forecast,1,iberia,home_care,revenue,1287128.12
forecast,1,iberia,home_care,cogs_materials,477530.45
forecast,1,iberia,home_care,cogs_production,184850.5
forecast,1,iberia,home_care,cogs_logistics,107829.46
forecast,1,iberia,home_care,opex_marketing,135514.64
forecast,1,iberia,home_care,opex_sales,113192.23
forecast,1,iberia,home_care,opex_gna,68419.77
forecast,1,iberia,home_care,opex_rnd,20265.97
forecast,1,iberia,home_care,d_and_a,44823.88
forecast,1,iberia,personal_care,revenue,766970.24
forecast,1,iberia,personal_care,cogs_materials,225274.32
forecast,1,iberia,personal_care,cogs_production,87202.96
forecast,1,iberia,personal_care,cogs_logistics,50868.4
forecast,1,iberia,personal_care,opex_marketing,86330.49
forecast,1,iberia,personal_care,opex_sales,69122.3
forecast,1,iberia,personal_care,opex_gna,48658.32
forecast,1,iberia,personal_care,opex_rnd,13775.79
forecast,1,iberia,personal_care,d_and_a,31307.47
forecast,1,dach,beverages,revenue,2406564.96
forecast,1,dach,beverages,cogs_materials,857898.56
forecast,1,dach,beverages,cogs_production,332089.77
forecast,1,dach,beverages,cogs_logistics,193719.03
forecast,1,dach,beverages,opex_marketing,248310.46
forecast,1,dach,beverages,opex_sales,218793.88
forecast,1,dach,beverages,opex_gna,149211.34
forecast,1,dach,beverages,opex_rnd,43097.39
forecast,1,dach,beverages,d_and_a,96147.52
forecast,1,dach,snacks,revenue,2286958.93
forecast,1,dach,snacks,cogs_materials,784488.6
forecast,1,dach,snacks,cogs_production,303673.0
forecast,1,dach,snacks,cogs_logistics,177142.59
forecast,1,dach,snacks,opex_marketing,227441.22
forecast,1,dach,snacks,opex_sales,209031.82
forecast,1,dach,snacks,opex_gna,129634.43
forecast,1,dach,snacks,opex_rnd,37559.86
forecast,1,dach,snacks,d_and_a,83203.05
forecast,1,dach,dairy,revenue,1720477.85
forecast,1,dach,dairy,cogs_materials,720172.41
forecast,1,dach,dairy,cogs_production,278776.42
forecast,1,dach,dairy,cogs_logistics,162619.58
forecast,1,dach,dairy,opex_marketing,152123.1
forecast,1,dach,dairy,opex_sales,154774.89
forecast,1,dach,dairy,opex_gna,79548.03
forecast,1,dach,dairy,opex_rnd,23004.39
forecast,1,dach,dairy,d_and_a,51753.03
forecast,1,dach,home_care,revenue,1928506.41
forecast,1,dach,home_care,cogs_materials,709989.04
forecast,1,dach,home_care,cogs_production,274834.47
forecast,1,dach,home_care,cogs_logistics,160320.11
forecast,1,dach,home_care,opex_marketing,189963.78
forecast,1,dach,home_care,opex_sales,172279.39
forecast,1,dach,home_care,opex_gna,99940.17
forecast,1,dach,home_care,opex_rnd,29216.18
forecast,1,dach,home_care,d_and_a,64296.07
forecast,1,dach,personal_care,revenue,1272925.45
forecast,1,dach,personal_care,cogs_materials,382291.35
forecast,1,dach,personal_care,cogs_production,147983.75
forecast,1,dach,personal_care,cogs_logistics,86323.85
forecast,1,dach,personal_care,opex_marketing,128618.57
forecast,1,dach,personal_care,opex_sales,114901.12
forecast,1,dach,personal_care,opex_gna,73254.67
forecast,1,dach,personal_care,opex_rnd,20701.11
forecast,1,dach,personal_care,d_and_a,47508.98
forecast,1,nordics,beverages,revenue,1224996.45
forecast,1,nordics,beverages,cogs_materials,450526.42
forecast,1,nordics,beverages,cogs_production,174397.32
forecast,1,nordics,beverages,cogs_logistics,101731.77
forecast,1,nordics,beverages,opex_marketing,135421.08
forecast,1,nordics,beverages,opex_sales,109498.14
forecast,1,nordics,beverages,opex_gna,81738.8
forecast,1,nordics,beverages,opex_rnd,23635.15
forecast,1,nordics,beverages,d_and_a,52712.36
forecast,1,nordics,snacks,revenue,1798557.49
forecast,1,nordics,snacks,cogs_materials,614611.81
forecast,1,nordics,snacks,cogs_production,237914.25
forecast,1,nordics,snacks,cogs_logistics,138783.31
forecast,1,nordics,snacks,opex_marketing,182586.71
forecast,1,nordics,snacks,opex_sales,164283.15
forecast,1,nordics,snacks,opex_gna,102238.73
forecast,1,nordics,snacks,opex_rnd,29559.35
forecast,1,nordics,snacks,d_and_a,65850.41
forecast,1,nordics,dairy,revenue,1444214.03
forecast,1,nordics,dairy,cogs_materials,611758.58
forecast,1,nordics,dairy,cogs_production,236809.77
forecast,1,nordics,dairy,cogs_logistics,138139.03
forecast,1,nordics,dairy,opex_marketing,139649.82
forecast,1,nordics,dairy,opex_sales,132360.39
forecast,1,nordics,dairy,opex_gna,72959.51
forecast,1,nordics,dairy,opex_rnd,20708.86
forecast,1,nordics,dairy,d_and_a,47063.07
forecast,1,nordics,home_care,revenue,1029367.31
forecast,1,nordics,home_care,cogs_materials,387893.49
forecast,1,nordics,home_care,cogs_production,150152.32
forecast,1,nordics,home_care,cogs_logistics,87588.85
forecast,1,nordics,home_care,opex_marketing,105241.67
forecast,1,nordics,home_care,opex_sales,93586.77
forecast,1,nordics,home_care,opex_gna,54518.24
forecast,1,nordics,home_care,opex_rnd,15881.15
forecast,1,nordics,home_care,d_and_a,35565.95
forecast,1,nordics,personal_care,revenue,727844.74
forecast,1,nordics,personal_care,cogs_materials,216025.58
forecast,1,nordics,personal_care,cogs_production,83622.8
forecast,1,nordics,personal_care,cogs_logistics,48779.97
forecast,1,nordics,personal_care,opex_marketing,77966.23
forecast,1,nordics,personal_care,opex_sales,64340.89
forecast,1,nordics,personal_care,opex_gna,44747.78
forecast,1,nordics,personal_care,opex_rnd,12490.64
forecast,1,nordics,personal_care,d_and_a,28416.67
forecast,2,italy,beverages,revenue,3068616.34
forecast,2,italy,beverages,cogs_materials,1106886.39
forecast,2,italy,beverages,cogs_production,428472.15
forecast,2,italy,beverages,cogs_logistics,249942.09
forecast,2,italy,beverages,opex_marketing,358889.32
forecast,2,italy,beverages,opex_sales,273202.41
forecast,2,italy,beverages,opex_gna,199977.84
forecast,2,italy,beverages,opex_rnd,57418.99
forecast,2,italy,beverages,d_and_a,129235.47
forecast,2,italy,snacks,revenue,2785543.08
forecast,2,italy,snacks,cogs_materials,957566.86
forecast,2,italy,snacks,cogs_production,370671.04
forecast,2,italy,snacks,cogs_logistics,216224.78
forecast,2,italy,snacks,opex_marketing,272030.93
forecast,2,italy,snacks,opex_sales,246391.1
forecast,2,italy,snacks,opex_gna,150259.84
forecast,2,italy,snacks,opex_rnd,42529.33
forecast,2,italy,snacks,d_and_a,96971.1
forecast,2,italy,dairy,revenue,2664770.14
forecast,2,italy,dairy,cogs_materials,1127088.87
forecast,2,italy,dairy,cogs_production,436292.47
forecast,2,italy,dairy,cogs_logistics,254503.94
forecast,2,italy,dairy,opex_marketing,243133.7
forecast,2,italy,dairy,opex_sales,239792.12
forecast,2,italy,dairy,opex_gna,130906.37
forecast,2,italy,dairy,opex_rnd,37601.88
forecast,2,italy,dairy,d_and_a,83231.7
forecast,2,italy,home_care,revenue,1586886.01
forecast,2,italy,home_care,cogs_materials,593898.82
forecast,2,italy,home_care,cogs_production,229896.32
forecast,2,italy,home_care,cogs_logistics,134106.18
forecast,2,italy,home_care,opex_marketing,162168.87
forecast,2,italy,home_care,opex_sales,142559.71
forecast,2,italy,home_care,opex_gna,84207.4
forecast,2,italy,home_care,opex_rnd,23553.75
forecast,2,italy,home_care,d_and_a,52640.4
forecast,2,italy,personal_care,revenue,1239078.1
forecast,2,italy,personal_care,cogs_materials,365272.64
forecast,2,italy,personal_care,cogs_production,141395.86
forecast,2,italy,personal_care,cogs_logistics,82480.92
forecast,2,italy,personal_care,opex_marketing,134743.45
forecast,2,italy,personal_care,opex_sales,112261.0
forecast,2,italy,personal_care,opex_gna,75365.72
forecast,2,italy,personal_care,opex_rnd,21073.75
forecast,2,italy,personal_care,d_and_a,47609.31
forecast,2,iberia,beverages,revenue,2329740.43
forecast,2,iberia,beverages,cogs_materials,852652.91
forecast,2,iberia,beverages,cogs_production,330059.19
forecast,2,iberia,beverages,cogs_logistics,192534.53
forecast,2,iberia,beverages,opex_marketing,271613.92
forecast,2,iberia,beverages,opex_sales,212071.98
forecast,2,iberia,beverages,opex_gna,157710.32
forecast,2,iberia,beverages,opex_rnd,44603.52
forecast,2,iberia,beverages,d_and_a,100858.75
forecast,2,iberia,snacks,revenue,1816980.66
forecast,2,iberia,snacks,cogs_materials,620806.41
forecast,2,iberia,snacks,cogs_production,240312.16
forecast,2,iberia,snacks,cogs_logistics,140182.09
forecast,2,iberia,snacks,opex_marketing,204239.61
forecast,2,iberia,snacks,opex_sales,161217.86
forecast,2,iberia,snacks,opex_gna,112307.36
forecast,2,iberia,snacks,opex_rnd,32921.86
forecast,2,iberia,snacks,d_and_a,72359.86
forecast,2,iberia,dairy,revenue,1722460.62
forecast,2,iberia,dairy,cogs_materials,727711.24
forecast,2,iberia,dairy,cogs_production,281694.67
forecast,2,iberia,dairy,cogs_logistics,164321.89
forecast,2,iberia,dairy,opex_marketing,160170.92
forecast,2,iberia,dairy,opex_sales,154151.54
forecast,2,iberia,dairy,opex_gna,84013.62
forecast,2,iberia,dairy,opex_rnd,24433.99
forecast,2,iberia,dairy,d_and_a,54617.81
forecast,2,iberia,home_care,revenue,1332772.63
forecast,2,iberia,home_care,cogs_materials,492653.94
forecast,2,iberia,home_care,cogs_production,190704.75
forecast,2,iberia,home_care,cogs_logistics,111244.44
forecast,2,iberia,home_care,opex_marketing,137480.54
forecast,2,iberia,home_care,opex_sales,119048.98
forecast,2,iberia,home_care,opex_gna,69426.06
forecast,2,iberia,home_care,opex_rnd,20098.67
forecast,2,iberia,home_care,d_and_a,44823.88
forecast,2,iberia,personal_care,revenue,860266.76
forecast,2,iberia,personal_care,cogs_materials,252213.37
forecast,2,iberia,personal_care,cogs_production,97630.98
forecast,2,iberia,personal_care,cogs_logistics,56951.41
forecast,2,iberia,personal_care,opex_marketing,87921.13
forecast,2,iberia,personal_care,opex_sales,77249.99
forecast,2,iberia,personal_care,opex_gna,48643.68
forecast,2,iberia,personal_care,opex_rnd,13991.74
forecast,2,iberia,personal_care,d_and_a,31307.47
forecast,2,dach,beverages,revenue,2283079.81
forecast,2,dach,beverages,cogs_materials,827840.71
forecast,2,dach,beverages,cogs_production,320454.47
forecast,2,dach,beverages,cogs_logistics,186931.77
forecast,2,dach,beverages,opex_marketing,266116.71
forecast,2,dach,beverages,opex_sales,203754.49
forecast,2,dach,beverages,opex_gna,147796.98
forecast,2,dach,beverages,opex_rnd,42683.84
forecast,2,dach,beverages,d_and_a,96147.52
forecast,2,dach,snacks,revenue,2256371.51
forecast,2,dach,snacks,cogs_materials,757838.08
forecast,2,dach,snacks,cogs_production,293356.68
forecast,2,dach,snacks,cogs_logistics,171124.73
forecast,2,dach,snacks,opex_marketing,229989.37
forecast,2,dach,snacks,opex_sales,208219.99
forecast,2,dach,snacks,opex_gna,126131.73
forecast,2,dach,snacks,opex_rnd,37541.09
forecast,2,dach,snacks,d_and_a,83203.05
forecast,2,dach,dairy,revenue,1612417.25
forecast,2,dach,dairy,cogs_materials,688199.97
forecast,2,dach,dairy,cogs_production,266399.99
forecast,2,dach,dairy,cogs_logistics,155399.99
forecast,2,dach,dairy,opex_marketing,154016.63
forecast,2,dach,dairy,opex_sales,145578.01
forecast,2,dach,dairy,opex_gna,80668.91
forecast,2,dach,dairy,opex_rnd,23625.94
forecast,2,dach,dairy,d_and_a,51753.03
forecast,2,dach,home_care,revenue,1984809.38
forecast,2,dach,home_care,cogs_materials,729941.04
forecast,2,dach,home_care,cogs_production,282557.82
forecast,2,dach,home_care,cogs_logistics,164825.4
forecast,2,dach,home_care,opex_marketing,197147.4
forecast,2,dach,home_care,opex_sales,177518.38
forecast,2,dach,home_care,opex_gna,99785.34
forecast,2,dach,home_care,opex_rnd,28667.08
forecast,2,dach,home_care,d_and_a,64296.07
forecast,2,dach,personal_care,revenue,1231604.82
forecast,2,dach,personal_care,cogs_materials,369466.23
forecast,2,dach,personal_care,cogs_production,143019.18
forecast,2,dach,personal_care,cogs_logistics,83427.86
forecast,2,dach,personal_care,opex_marketing,134290.69
forecast,2,dach,personal_care,opex_sales,108839.84
forecast,2,dach,personal_care,opex_gna,73470.37
forecast,2,dach,personal_care,opex_rnd,21227.12
forecast,2,dach,personal_care,d_and_a,47508.98
forecast,2,nordics,beverages,revenue,1223400.26
forecast,2,nordics,beverages,cogs_materials,432033.57
forecast,2,nordics,beverages,cogs_production,167238.8
forecast,2,nordics,beverages,cogs_logistics,97555.97
forecast,2,nordics,beverages,opex_marketing,148034.36
forecast,2,nordics,beverages,opex_sales,107483.73
forecast,2,nordics,beverages,opex_gna,83114.3
forecast,2,nordics,beverages,opex_rnd,23315.36
forecast,2,nordics,beverages,d_and_a,52712.36
forecast,2,nordics,snacks,revenue,1803379.88
forecast,2,nordics,snacks,cogs_materials,621586.76
forecast,2,nordics,snacks,cogs_production,240614.23
forecast,2,nordics,snacks,cogs_logistics,140358.3
forecast,2,nordics,snacks,opex_marketing,183935.77
forecast,2,nordics,snacks,opex_sales,162846.38
forecast,2,nordics,snacks,opex_gna,100302.88
forecast,2,nordics,snacks,opex_rnd,29135.39
forecast,2,nordics,snacks,d_and_a,65850.41
forecast,2,nordics,dairy,revenue,1449199.08
forecast,2,nordics,dairy,cogs_materials,620146.02
forecast,2,nordics,dairy,cogs_production,240056.52
forecast,2,nordics,dairy,cogs_logistics,140032.97
forecast,2,nordics,dairy,opex_marketing,136865.2
forecast,2,nordics,dairy,opex_sales,130073.1
forecast,2,nordics,dairy,opex_gna,73902.6
forecast,2,nordics,dairy,opex_rnd,21287.39
forecast,2,nordics,dairy,d_and_a,47063.07
forecast,2,nordics,home_care,revenue,1013035.9
forecast,2,nordics,home_care,cogs_materials,381400.96
forecast,2,nordics,home_care,cogs_production,147639.08
forecast,2,nordics,home_care,cogs_logistics,86122.8
forecast,2,nordics,home_care,opex_marketing,109632.62
forecast,2,nordics,home_care,opex_sales,91714.23
forecast,2,nordics,home_care,opex_gna,55459.38
forecast,2,nordics,home_care,opex_rnd,15968.2
forecast,2,nordics,home_care,d_and_a,35565.95
forecast,2,nordics,personal_care,revenue,753461.39
forecast,2,nordics,personal_care,cogs_materials,229373.4
forecast,2,nordics,personal_care,cogs_production,88789.7
forecast,2,nordics,personal_care,cogs_logistics,51793.99
forecast,2,nordics,personal_care,opex_marketing,78463.11
forecast,2,nordics,personal_care,opex_sales,68023.95
forecast,2,nordics,personal_care,opex_gna,44792.44
forecast,2,nordics,personal_care,opex_rnd,12669.72
forecast,2,nordics,personal_care,d_and_a,28416.67
forecast,3,italy,beverages,revenue,3550154.32
forecast,3,italy,beverages,cogs_materials,1306757.26
forecast,3,italy,beverages,cogs_production,505841.52
forecast,3,italy,beverages,cogs_logistics,295074.22
forecast,3,italy,beverages,opex_marketing,377416.01
forecast,3,italy,beverages,opex_sales,322111.92
forecast,3,italy,beverages,opex_gna,203708.29
forecast,3,italy,beverages,opex_rnd,58161.7
forecast,3,italy,beverages,d_and_a,129235.47
forecast,3,italy,snacks,revenue,2627534.89
forecast,3,italy,snacks,cogs_materials,895058.2
forecast,3,italy,snacks,cogs_production,346474.14
forecast,3,italy,snacks,cogs_logistics,202109.92
forecast,3,italy,snacks,opex_marketing,274417.1
forecast,3,italy,snacks,opex_sales,235561.84
forecast,3,italy,snacks,opex_gna,149564.24
forecast,3,italy,snacks,opex_rnd,42802.52
forecast,3,italy,snacks,d_and_a,96971.1
forecast,3,italy,dairy,revenue,2492032.08
forecast,3,italy,dairy,cogs_materials,1056104.64
forecast,3,italy,dairy,cogs_production,408814.7
forecast,3,italy,dairy,cogs_logistics,238475.24
forecast,3,italy,dairy,opex_marketing,242583.42
forecast,3,italy,dairy,opex_sales,224025.07
forecast,3,italy,dairy,opex_gna,129394.32
forecast,3,italy,dairy,opex_rnd,37200.69
forecast,3,italy,dairy,d_and_a,83231.7
forecast,3,italy,home_care,revenue,1712505.86
forecast,3,italy,home_care,cogs_materials,642565.62
forecast,3,italy,home_care,cogs_production,248735.08
forecast,3,italy,home_care,cogs_logistics,145095.46
forecast,3,italy,home_care,opex_marketing,165145.46
forecast,3,italy,home_care,opex_sales,155081.86
forecast,3,italy,home_care,opex_gna,81750.72
forecast,3,italy,home_care,opex_rnd,23417.43
forecast,3,italy,home_care,d_and_a,52640.4
forecast,3,italy,personal_care,revenue,1367614.86
forecast,3,italy,personal_care,cogs_materials,407019.55
forecast,3,italy,personal_care,cogs_production,157555.96
forecast,3,italy,personal_care,cogs_logistics,91907.64
forecast,3,italy,personal_care,opex_marketing,135662.79
forecast,3,italy,personal_care,opex_sales,122758.04
forecast,3,italy,personal_care,opex_gna,73159.97
forecast,3,italy,personal_care,opex_rnd,21463.36
forecast,3,italy,personal_care,d_and_a,47609.31
forecast,3,iberia,beverages,revenue,2721914.93
forecast,3,iberia,beverages,cogs_materials,991604.25
forecast,3,iberia,beverages,cogs_production,383846.81
forecast,3,iberia,beverages,cogs_logistics,223910.64
forecast,3,iberia,beverages,opex_marketing,286873.04
forecast,3,iberia,beverages,opex_sales,244932.03
forecast,3,iberia,beverages,opex_gna,156491.99
forecast,3,iberia,beverages,opex_rnd,45170.69
forecast,3,iberia,beverages,d_and_a,100858.75
forecast,3,iberia,snacks,revenue,2011356.7
forecast,3,iberia,snacks,cogs_materials,690596.71
forecast,3,iberia,snacks,cogs_production,267327.76
forecast,3,iberia,snacks,cogs_logistics,155941.19
forecast,3,iberia,snacks,opex_marketing,201920.31
forecast,3,iberia,snacks,opex_sales,181250.19
forecast,3,iberia,snacks,opex_gna,109241.38
forecast,3,iberia,snacks,opex_rnd,32077.21
forecast,3,iberia,snacks,d_and_a,72359.86
forecast,3,iberia,dairy,revenue,1681693.31
forecast,3,iberia,dairy,cogs_materials,713942.14
forecast,3,iberia,dairy,cogs_production,276364.7
forecast,3,iberia,dairy,cogs_logistics,161212.74
forecast,3,iberia,dairy,opex_marketing,161818.98
forecast,3,iberia,dairy,opex_sales,150654.13
forecast,3,iberia,dairy,opex_gna,84601.96
forecast,3,iberia,dairy,opex_rnd,24074.98
forecast,3,iberia,dairy,d_and_a,54617.81
forecast,3,iberia,home_care,revenue,1509082.78
forecast,3,iberia,home_care,cogs_materials,569010.33
forecast,3,iberia,home_care,cogs_production,220262.06
forecast,3,iberia,home_care,cogs_logistics,128486.2
forecast,3,iberia,home_care,opex_marketing,141095.78
forecast,3,iberia,home_care,opex_sales,133576.55
forecast,3,iberia,home_care,opex_gna,69151.11
forecast,3,iberia,home_care,opex_rnd,20385.69
forecast,3,iberia,home_care,d_and_a,44823.88
forecast,3,iberia,personal_care,revenue,885018.24
forecast,3,iberia,personal_care,cogs_materials,263167.43
forecast,3,iberia,personal_care,cogs_production,101871.26
forecast,3,iberia,personal_care,cogs_logistics,59424.9
forecast,3,iberia,personal_care,opex_marketing,89712.25
forecast,3,iberia,personal_care,opex_sales,80801.18
forecast,3,iberia,personal_care,opex_gna,48280.53
forecast,3,iberia,personal_care,opex_rnd,14182.77
forecast,3,iberia,personal_care,d_and_a,31307.47
forecast,3,dach,beverages,revenue,2563227.3
forecast,3,dach,beverages,cogs_materials,924114.12
forecast,3,dach,beverages,cogs_production,357721.59
forecast,3,dach,beverages,cogs_logistics,208670.93
forecast,3,dach,beverages,opex_marketing,276227.95
forecast,3,dach,beverages,opex_sales,228771.02
forecast,3,dach,beverages,opex_gna,148708.4
forecast,3,dach,beverages,opex_rnd,43449.53
forecast,3,dach,beverages,d_and_a,96147.52
forecast,3,dach,snacks,revenue,2382475.36
forecast,3,dach,snacks,cogs_materials,810605.35
forecast,3,dach,snacks,cogs_production,313782.72
forecast,3,dach,snacks,cogs_logistics,183039.92
forecast,3,dach,snacks,opex_marketing,244733.58
forecast,3,dach,snacks,opex_sales,211400.47
forecast,3,dach,snacks,opex_gna,129868.17
forecast,3,dach,snacks,opex_rnd,37066.53
forecast,3,dach,snacks,d_and_a,83203.05
forecast,3,dach,dairy,revenue,1545481.94
forecast,3,dach,dairy,cogs_materials,651446.2
forecast,3,dach,dairy,cogs_production,252172.72
forecast,3,dach,dairy,cogs_logistics,147100.76
forecast,3,dach,dairy,opex_marketing,148182.86
forecast,3,dach,dairy,opex_sales,138429.75
forecast,3,dach,dairy,opex_gna,81624.15
forecast,3,dach,dairy,opex_rnd,22744.04
forecast,3,dach,dairy,d_and_a,51753.03
forecast,3,dach,home_care,revenue,2050139.82
forecast,3,dach,home_care,cogs_materials,756484.78
forecast,3,dach,home_care,cogs_production,292832.82
forecast,3,dach,home_care,cogs_logistics,170819.14
forecast,3,dach,home_care,opex_marketing,202172.46
forecast,3,dach,home_care,opex_sales,185605.49
forecast,3,dach,home_care,opex_gna,99037.59
forecast,3,dach,home_care,opex_rnd,28689.7
forecast,3,dach,home_care,d_and_a,64296.07
forecast,3,dach,personal_care,revenue,1299896.33
forecast,3,dach,personal_care,cogs_materials,385169.79
forecast,3,dach,personal_care,cogs_production,149097.98
forecast,3,dach,personal_care,cogs_logistics,86973.82
forecast,3,dach,personal_care,opex_marketing,135635.45
forecast,3,dach,personal_care,opex_sales,117726.69
forecast,3,dach,personal_care,opex_gna,73082.8
forecast,3,dach,personal_care,opex_rnd,21480.98
forecast,3,dach,personal_care,d_and_a,47508.98
forecast,3,nordics,beverages,revenue,1457486.83
forecast,3,nordics,beverages,cogs_materials,528149.71
forecast,3,nordics,beverages,cogs_production,204445.05
forecast,3,nordics,beverages,cogs_logistics,119259.61
forecast,3,nordics,beverages,opex_marketing,151020.6
forecast,3,nordics,beverages,opex_sales,132792.84
forecast,3,nordics,beverages,opex_gna,83111.74
forecast,3,nordics,beverages,opex_rnd,23316.1
forecast,3,nordics,beverages,d_and_a,52712.36
forecast,3,nordics,snacks,revenue,1821795.38
forecast,3,nordics,snacks,cogs_materials,628812.21
forecast,3,nordics,snacks,cogs_production,243411.18
forecast,3,nordics,snacks,cogs_logistics,141989.85
forecast,3,nordics,snacks,opex_marketing,188945.51
forecast,3,nordics,snacks,opex_sales,164109.46
forecast,3,nordics,snacks,opex_gna,101082.51
forecast,3,nordics,snacks,opex_rnd,29131.51
forecast,3,nordics,snacks,d_and_a,65850.41
forecast,3,nordics,dairy,revenue,1352024.98
forecast,3,nordics,dairy,cogs_materials,564168.57
forecast,3,nordics,dairy,cogs_production,218387.84
forecast,3,nordics,dairy,cogs_logistics,127392.9
forecast,3,nordics,dairy,opex_marketing,138041.2
forecast,3,nordics,dairy,opex_sales,121855.23
forecast,3,nordics,dairy,opex_gna,72160.86
forecast,3,nordics,dairy,opex_rnd,20868.95
forecast,3,nordics,dairy,d_and_a,47063.07
forecast,3,nordics,home_care,revenue,1127030.24
forecast,3,nordics,home_care,cogs_materials,425636.79
forecast,3,nordics,home_care,cogs_production,164762.63
forecast,3,nordics,home_care,cogs_logistics,96111.53
forecast,3,nordics,home_care,opex_marketing,112105.23
forecast,3,nordics,home_care,opex_sales,102222.36
forecast,3,nordics,home_care,opex_gna,55567.42
forecast,3,nordics,home_care,opex_rnd,15977.98
forecast,3,nordics,home_care,d_and_a,35565.95
forecast,3,nordics,personal_care,revenue,790950.52
forecast,3,nordics,personal_care,cogs_materials,238992.19
forecast,3,nordics,personal_care,cogs_production,92513.11
forecast,3,nordics,personal_care,cogs_logistics,53965.98
forecast,3,nordics,personal_care,opex_marketing,82876.86
forecast,3,nordics,personal_care,opex_sales,70812.59
forecast,3,nordics,personal_care,opex_gna,44792.62
forecast,3,nordics,personal_care,opex_rnd,12791.19
forecast,3,nordics,personal_care,d_and_a,28416.67
forecast,4,italy,beverages,revenue,3780771.58
forecast,4,italy,beverages,cogs_materials,1372749.19
forecast,4,italy,beverages,cogs_production,531386.78
forecast,4,italy,beverages,cogs_logistics,309975.62
forecast,4,italy,beverages,opex_marketing,392381.83
forecast,4,italy,beverages,opex_sales,338527.56
forecast,4,italy,beverages,opex_gna,204272.65
forecast,4,italy,beverages,opex_rnd,57620.03
forecast,4,italy,beverages,d_and_a,129235.47
forecast,4,italy,snacks,revenue,2718644.44
forecast,4,italy,snacks,cogs_materials,925917.26
forecast,4,italy,snacks,cogs_production,358419.59
forecast,4,italy,snacks,cogs_logistics,209078.09
forecast,4,italy,snacks,opex_marketing,285623.59
forecast,4,italy,snacks,opex_sales,245886.63
forecast,4,italy,snacks,opex_gna,152883.09
forecast,4,italy,snacks,opex_rnd,43144.87
forecast,4,italy,snacks,d_and_a,96971.1
forecast,4,italy,dairy,revenue,2455200.64
forecast,4,italy,dairy,cogs_materials,1039151.22
forecast,4,italy,dairy,cogs_production,402252.08
forecast,4,italy,dairy,cogs_logistics,234647.05
forecast,4,italy,dairy,opex_marketing,242188.9
forecast,4,italy,dairy,opex_sales,220014.98
forecast,4,italy,dairy,opex_gna,129624.96
forecast,4,italy,dairy,opex_rnd,36451.6
forecast,4,italy,dairy,d_and_a,83231.7
forecast,4,italy,home_care,revenue,1797018.73
forecast,4,italy,home_care,cogs_materials,664480.11
forecast,4,italy,home_care,cogs_production,257218.11
forecast,4,italy,home_care,cogs_logistics,150043.89
forecast,4,italy,home_care,opex_marketing,159206.15
forecast,4,italy,home_care,opex_sales,160969.11
forecast,4,italy,home_care,opex_gna,81755.91
forecast,4,italy,home_care,opex_rnd,23554.76
forecast,4,italy,home_care,d_and_a,52640.4
forecast,4,italy,personal_care,revenue,1371547.91
forecast,4,italy,personal_care,cogs_materials,412953.62
forecast,4,italy,personal_care,cogs_production,159853.01
forecast,4,italy,personal_care,cogs_logistics,93247.59
forecast,4,italy,personal_care,opex_marketing,138817.98
forecast,4,italy,personal_care,opex_sales,122819.81
forecast,4,italy,personal_care,opex_gna,74079.92
forecast,4,italy,personal_care,opex_rnd,21074.9
forecast,4,italy,personal_care,d_and_a,47609.31
forecast,4,iberia,beverages,revenue,2880959.77
forecast,4,iberia,beverages,cogs_materials,1045576.71
forecast,4,iberia,beverages,cogs_production,404739.37
forecast,4,iberia,beverages,cogs_logistics,236097.97
forecast,4,iberia,beverages,opex_marketing,303096.96
forecast,4,iberia,beverages,opex_sales,263120.9
forecast,4,iberia,beverages,opex_gna,156738.57
forecast,4,iberia,beverages,opex_rnd,44766.39
forecast,4,iberia,beverages,d_and_a,100858.75
forecast,4,iberia,snacks,revenue,2082453.73
forecast,4,iberia,snacks,cogs_materials,720865.37
forecast,4,iberia,snacks,cogs_production,279044.66
forecast,4,iberia,snacks,cogs_logistics,162776.05
forecast,4,iberia,snacks,opex_marketing,211930.9
forecast,4,iberia,snacks,opex_sales,185952.2
forecast,4,iberia,snacks,opex_gna,110950.56
forecast,4,iberia,snacks,opex_rnd,32576.47
forecast,4,iberia,snacks,d_and_a,72359.86
forecast,4,iberia,dairy,revenue,1564076.92
forecast,4,iberia,dairy,cogs_materials,663906.21
forecast,4,iberia,dairy,cogs_production,256995.95
forecast,4,iberia,dairy,cogs_logistics,149914.31
forecast,4,iberia,dairy,opex_marketing,158593.24
forecast,4,iberia,dairy,opex_sales,139750.65
forecast,4,iberia,dairy,opex_gna,86588.23
forecast,4,iberia,dairy,opex_rnd,24251.18
forecast,4,iberia,dairy,d_and_a,54617.81
forecast,4,iberia,home_care,revenue,1503073.81
forecast,4,iberia,home_care,cogs_materials,552222.95
forecast,4,iberia,home_care,cogs_production,213763.72
forecast,4,iberia,home_care,cogs_logistics,124695.5
forecast,4,iberia,home_care,opex_marketing,135000.56
forecast,4,iberia,home_care,opex_sales,136716.09
forecast,4,iberia,home_care,opex_gna,69903.99
forecast,4,iberia,home_care,opex_rnd,20357.18
forecast,4,iberia,home_care,d_and_a,44823.88
forecast,4,iberia,personal_care,revenue,871878.92
forecast,4,iberia,personal_care,cogs_materials,265274.87
forecast,4,iberia,personal_care,cogs_production,102687.05
forecast,4,iberia,personal_care,cogs_logistics,59900.78
forecast,4,iberia,personal_care,opex_marketing,90882.68
forecast,4,iberia,personal_care,opex_sales,78643.71
forecast,4,iberia,personal_care,opex_gna,49561.65
forecast,4,iberia,personal_care,opex_rnd,13924.81
forecast,4,iberia,personal_care,d_and_a,31307.47
forecast,4,dach,beverages,revenue,2913763.76
forecast,4,dach,beverages,cogs_materials,1072922.32
forecast,4,dach,beverages,cogs_production,415324.77
forecast,4,dach,beverages,cogs_logistics,242272.78
forecast,4,dach,beverages,opex_marketing,294841.77
forecast,4,dach,beverages,opex_sales,258313.71
forecast,4,dach,beverages,opex_gna,151801.14
forecast,4,dach,beverages,opex_rnd,43147.53
forecast,4,dach,beverages,d_and_a,96147.52
forecast,4,dach,snacks,revenue,2339474.88
forecast,4,dach,snacks,cogs_materials,793086.55
forecast,4,dach,snacks,cogs_production,307001.25
forecast,4,dach,snacks,cogs_logistics,179084.06
forecast,4,dach,snacks,opex_marketing,237581.61
forecast,4,dach,snacks,opex_sales,212138.35
forecast,4,dach,snacks,opex_gna,128801.6
forecast,4,dach,snacks,opex_rnd,37027.12
forecast,4,dach,snacks,d_and_a,83203.05
forecast,4,dach,dairy,revenue,1558279.29
forecast,4,dach,dairy,cogs_materials,661105.99
forecast,4,dach,dairy,cogs_production,255912.0
forecast,4,dach,dairy,cogs_logistics,149282.0
forecast,4,dach,dairy,opex_marketing,149018.38
forecast,4,dach,dairy,opex_sales,142136.41
forecast,4,dach,dairy,opex_gna,80305.38
forecast,4,dach,dairy,opex_rnd,23408.17
forecast,4,dach,dairy,d_and_a,51753.03
forecast,4,dach,home_care,revenue,2224959.86
forecast,4,dach,home_care,cogs_materials,853023.2
forecast,4,dach,home_care,cogs_production,330202.53
forecast,4,dach,home_care,cogs_logistics,192618.14
forecast,4,dach,home_care,opex_marketing,196073.79
forecast,4,dach,home_care,opex_sales,202060.11
forecast,4,dach,home_care,opex_gna,101700.58
forecast,4,dach,home_care,opex_rnd,28555.09
forecast,4,dach,home_care,d_and_a,64296.07
forecast,4,dach,personal_care,revenue,1403575.63
forecast,4,dach,personal_care,cogs_materials,425404.25
forecast,4,dach,personal_care,cogs_production,164672.61
forecast,4,dach,personal_care,cogs_logistics,96059.02
forecast,4,dach,personal_care,opex_marketing,136947.57
forecast,4,dach,personal_care,opex_sales,128187.22
forecast,4,dach,personal_care,opex_gna,73303.22
forecast,4,dach,personal_care,opex_rnd,21106.58
forecast,4,dach,personal_care,d_and_a,47508.98
forecast,4,nordics,beverages,revenue,1480847.13
forecast,4,nordics,beverages,cogs_materials,529209.28
forecast,4,nordics,beverages,cogs_production,204855.2
forecast,4,nordics,beverages,cogs_logistics,119498.87
forecast,4,nordics,beverages,opex_marketing,163724.46
forecast,4,nordics,beverages,opex_sales,132633.44
forecast,4,nordics,beverages,opex_gna,81455.32
forecast,4,nordics,beverages,opex_rnd,23431.69
forecast,4,nordics,beverages,d_and_a,52712.36
forecast,4,nordics,snacks,revenue,1833635.23
forecast,4,nordics,snacks,cogs_materials,636574.91
forecast,4,nordics,snacks,cogs_production,246416.09
forecast,4,nordics,snacks,cogs_logistics,143742.72
forecast,4,nordics,snacks,opex_marketing,189949.25
forecast,4,nordics,snacks,opex_sales,162869.37
forecast,4,nordics,snacks,opex_gna,102189.72
forecast,4,nordics,snacks,opex_rnd,29091.35
forecast,4,nordics,snacks,d_and_a,65850.41
forecast,4,nordics,dairy,revenue,1410452.7
forecast,4,nordics,dairy,cogs_materials,594036.29
forecast,4,nordics,dairy,cogs_production,229949.53
forecast,4,nordics,dairy,cogs_logistics,134137.23
forecast,4,nordics,dairy,opex_marketing,135357.27
forecast,4,nordics,dairy,opex_sales,127035.71
forecast,4,nordics,dairy,opex_gna,72984.71
forecast,4,nordics,dairy,opex_rnd,20988.68
forecast,4,nordics,dairy,d_and_a,47063.07
forecast,4,nordics,home_care,revenue,1208022.89
forecast,4,nordics,home_care,cogs_materials,460301.85
forecast,4,nordics,home_care,cogs_production,178181.36
forecast,4,nordics,home_care,cogs_logistics,103939.13
forecast,4,nordics,home_care,opex_marketing,109352.53
forecast,4,nordics,home_care,opex_sales,110562.82
forecast,4,nordics,home_care,opex_gna,54088.09
forecast,4,nordics,home_care,opex_rnd,15499.13
forecast,4,nordics,home_care,d_and_a,35565.95
forecast,4,nordics,personal_care,revenue,808909.86
forecast,4,nordics,personal_care,cogs_materials,240972.43
forecast,4,nordics,personal_care,cogs_production,93279.65
forecast,4,nordics,personal_care,cogs_logistics,54413.13
forecast,4,nordics,personal_care,opex_marketing,80921.92
forecast,4,nordics,personal_care,opex_sales,72826.65
forecast,4,nordics,personal_care,opex_gna,44394.75
forecast,4,nordics,personal_care,opex_rnd,12713.25
forecast,4,nordics,personal_care,d_and_a,28416.67
forecast,5,italy,beverages,revenue,4095776.55
forecast,5,italy,beverages,cogs_materials,1493280.67
forecast,5,italy,beverages,cogs_production,578044.13
forecast,5,italy,beverages,cogs_logistics,337192.41
forecast,5,italy,beverages,opex_marketing,428330.72
forecast,5,italy,beverages,opex_sales,365362.27
forecast,5,italy,beverages,opex_gna,203392.15
forecast,5,italy,beverages,opex_rnd,58174.6
forecast,5,italy,beverages,d_and_a,129235.47
forecast,5,italy,snacks,revenue,2811469.83
forecast,5,italy,snacks,cogs_materials,952742.86
forecast,5,italy,snacks,cogs_production,368803.69
forecast,5,italy,snacks,cogs_logistics,215135.48
forecast,5,italy,snacks,opex_marketing,287306.08
forecast,5,italy,snacks,opex_sales,257946.86
forecast,5,italy,snacks,opex_gna,149354.36
forecast,5,italy,snacks,opex_rnd,43489.51
forecast,5,italy,snacks,d_and_a,96971.1
forecast,5,italy,dairy,revenue,2375606.5
forecast,5,italy,dairy,cogs_materials,1021630.85
forecast,5,italy,dairy,cogs_production,395470.0
forecast,5,italy,dairy,cogs_logistics,230690.84
forecast,5,italy,dairy,opex_marketing,236607.67
forecast,5,italy,dairy,opex_sales,214985.57
forecast,5,italy,dairy,opex_gna,128755.05
forecast,5,italy,dairy,opex_rnd,37004.15
forecast,5,italy,dairy,d_and_a,83231.7
forecast,5,italy,home_care,revenue,1649570.27
forecast,5,italy,home_care,cogs_materials,630444.03
forecast,5,italy,home_care,cogs_production,244042.85
forecast,5,italy,home_care,cogs_logistics,142358.33
forecast,5,italy,home_care,opex_marketing,149757.43
forecast,5,italy,home_care,opex_sales,150159.46
forecast,5,italy,home_care,opex_gna,82428.52
forecast,5,italy,home_care,opex_rnd,23577.36
forecast,5,italy,home_care,d_and_a,52640.4
forecast,5,italy,personal_care,revenue,1366616.81
forecast,5,italy,personal_care,cogs_materials,417907.7
forecast,5,italy,personal_care,cogs_production,161770.72
forecast,5,italy,personal_care,cogs_logistics,94366.26
forecast,5,italy,personal_care,opex_marketing,141254.63
forecast,5,italy,personal_care,opex_sales,122939.39
forecast,5,italy,personal_care,opex_gna,73451.72
forecast,5,italy,personal_care,opex_rnd,21080.49
forecast,5,italy,personal_care,d_and_a,47609.31
forecast,5,iberia,beverages,revenue,3429914.28
forecast,5,iberia,beverages,cogs_materials,1240535.18
forecast,5,iberia,beverages,cogs_production,480207.17
forecast,5,iberia,beverages,cogs_logistics,280120.85
forecast,5,iberia,beverages,opex_marketing,324812.54
forecast,5,iberia,beverages,opex_sales,313795.32
forecast,5,iberia,beverages,opex_gna,153828.35
forecast,5,iberia,beverages,opex_rnd,43693.09
forecast,5,iberia,beverages,d_and_a,100858.75
forecast,5,iberia,snacks,revenue,2085462.38
forecast,5,iberia,snacks,cogs_materials,722027.61
forecast,5,iberia,snacks,cogs_production,279494.56
forecast,5,iberia,snacks,cogs_logistics,163038.49
forecast,5,iberia,snacks,opex_marketing,215624.95
forecast,5,iberia,snacks,opex_sales,192236.55
forecast,5,iberia,snacks,opex_gna,112566.86
forecast,5,iberia,snacks,opex_rnd,32304.32
forecast,5,iberia,snacks,d_and_a,72359.86
forecast,5,iberia,dairy,revenue,1573906.46
forecast,5,iberia,dairy,cogs_materials,676371.93
forecast,5,iberia,dairy,cogs_production,261821.39
forecast,5,iberia,dairy,cogs_logistics,152729.14
forecast,5,iberia,dairy,opex_marketing,159244.31
forecast,5,iberia,dairy,opex_sales,142203.24
forecast,5,iberia,dairy,opex_gna,85094.74
forecast,5,iberia,dairy,opex_rnd,24141.85
forecast,5,iberia,dairy,d_and_a,54617.81
forecast,5,iberia,home_care,revenue,1361223.14
forecast,5,iberia,home_care,cogs_materials,510595.43
forecast,5,iberia,home_care,cogs_production,197649.84
forecast,5,iberia,home_care,cogs_logistics,115295.74
forecast,5,iberia,home_care,opex_marketing,128940.35
forecast,5,iberia,home_care,opex_sales,122487.23
forecast,5,iberia,home_care,opex_gna,70913.77
forecast,5,iberia,home_care,opex_rnd,19986.35
forecast,5,iberia,home_care,d_and_a,44823.88
forecast,5,iberia,personal_care,revenue,892239.52
forecast,5,iberia,personal_care,cogs_materials,271794.11
forecast,5,iberia,personal_care,cogs_production,105210.63
forecast,5,iberia,personal_care,cogs_logistics,61372.86
forecast,5,iberia,personal_care,opex_marketing,94525.92
forecast,5,iberia,personal_care,opex_sales,79249.44
forecast,5,iberia,personal_care,opex_gna,48415.45
forecast,5,iberia,personal_care,opex_rnd,13779.98
forecast,5,iberia,personal_care,d_and_a,31307.47
forecast,5,dach,beverages,revenue,3065927.25
forecast,5,dach,beverages,cogs_materials,1129972.14
forecast,5,dach,beverages,cogs_production,437408.57
forecast,5,dach,beverages,cogs_logistics,255155.0
forecast,5,dach,beverages,opex_marketing,314345.87
forecast,5,dach,beverages,opex_sales,272515.43
forecast,5,dach,beverages,opex_gna,149760.42
forecast,5,dach,beverages,opex_rnd,43431.53
forecast,5,dach,beverages,d_and_a,96147.52
forecast,5,dach,snacks,revenue,2339228.78
forecast,5,dach,snacks,cogs_materials,812090.68
forecast,5,dach,snacks,cogs_production,314357.68
forecast,5,dach,snacks,cogs_logistics,183375.32
forecast,5,dach,snacks,opex_marketing,244947.19
forecast,5,dach,snacks,opex_sales,209522.62
forecast,5,dach,snacks,opex_gna,130315.2
forecast,5,dach,snacks,opex_rnd,37362.38
forecast,5,dach,snacks,d_and_a,83203.05
forecast,5,dach,dairy,revenue,1561592.18
forecast,5,dach,dairy,cogs_materials,667461.25
forecast,5,dach,dairy,cogs_production,258372.1
forecast,5,dach,dairy,cogs_logistics,150717.06
forecast,5,dach,dairy,opex_marketing,146977.69
forecast,5,dach,dairy,opex_sales,142969.15
forecast,5,dach,dairy,opex_gna,81415.44
forecast,5,dach,dairy,opex_rnd,23200.48
forecast,5,dach,dairy,d_and_a,51753.03
forecast,5,dach,home_care,revenue,2026713.54
forecast,5,dach,home_care,cogs_materials,764045.12
forecast,5,dach,home_care,cogs_production,295759.4
forecast,5,dach,home_care,cogs_logistics,172526.32
forecast,5,dach,home_care,opex_marketing,183142.9
forecast,5,dach,home_care,opex_sales,180655.35
forecast,5,dach,home_care,opex_gna,98505.64
forecast,5,dach,home_care,opex_rnd,28321.1
forecast,5,dach,home_care,d_and_a,64296.07
forecast,5,dach,personal_care,revenue,1318125.97
forecast,5,dach,personal_care,cogs_materials,393059.58
forecast,5,dach,personal_care,cogs_production,152152.09
forecast,5,dach,personal_care,cogs_logistics,88755.39
forecast,5,dach,personal_care,opex_marketing,140219.63
forecast,5,dach,personal_care,opex_sales,119413.29
forecast,5,dach,personal_care,opex_gna,75138.51
forecast,5,dach,personal_care,opex_rnd,21490.36
forecast,5,dach,personal_care,d_and_a,47508.98
forecast,5,nordics,beverages,revenue,1723567.58
forecast,5,nordics,beverages,cogs_materials,627733.24
forecast,5,nordics,beverages,cogs_production,242993.51
forecast,5,nordics,beverages,cogs_logistics,141746.22
forecast,5,nordics,beverages,opex_marketing,172707.99
forecast,5,nordics,beverages,opex_sales,158839.53
forecast,5,nordics,beverages,opex_gna,81687.97
forecast,5,nordics,beverages,opex_rnd,23132.62
forecast,5,nordics,beverages,d_and_a,52712.36
forecast,5,nordics,snacks,revenue,1860927.64
forecast,5,nordics,snacks,cogs_materials,650526.06
forecast,5,nordics,snacks,cogs_production,251816.54
forecast,5,nordics,snacks,cogs_logistics,146892.98
forecast,5,nordics,snacks,opex_marketing,195724.15
forecast,5,nordics,snacks,opex_sales,169888.98
forecast,5,nordics,snacks,opex_gna,101483.13
forecast,5,nordics,snacks,opex_rnd,29455.1
forecast,5,nordics,snacks,d_and_a,65850.41
forecast,5,nordics,dairy,revenue,1371557.82
forecast,5,nordics,dairy,cogs_materials,578690.69
forecast,5,nordics,dairy,cogs_production,224009.3
forecast,5,nordics,dairy,cogs_logistics,130672.09
forecast,5,nordics,dairy,opex_marketing,133405.0
forecast,5,nordics,dairy,opex_sales,122766.51
forecast,5,nordics,dairy,opex_gna,72386.6
forecast,5,nordics,dairy,opex_rnd,20619.79
forecast,5,nordics,dairy,d_and_a,47063.07
forecast,5,nordics,home_care,revenue,1133072.72
forecast,5,nordics,home_care,cogs_materials,423386.58
forecast,5,nordics,home_care,cogs_production,163891.58
forecast,5,nordics,home_care,cogs_logistics,95603.42
forecast,5,nordics,home_care,opex_marketing,103672.85
forecast,5,nordics,home_care,opex_sales,102628.59
forecast,5,nordics,home_care,opex_gna,55602.87
forecast,5,nordics,home_care,opex_rnd,16113.9
forecast,5,nordics,home_care,d_and_a,35565.95
forecast,5,nordics,personal_care,revenue,826530.05
forecast,5,nordics,personal_care,cogs_materials,246194.26
forecast,5,nordics,personal_care,cogs_production,95301.01
forecast,5,nordics,personal_care,cogs_logistics,55592.25
forecast,5,nordics,personal_care,opex_marketing,84747.07
forecast,5,nordics,personal_care,opex_sales,74352.65
forecast,5,nordics,personal_care,opex_gna,44057.1
forecast,5,nordics,personal_care,opex_rnd,12691.69
forecast,5,nordics,personal_care,d_and_a,28416.67
forecast,6,italy,beverages,revenue,4780924.92
forecast,6,italy,beverages,cogs_materials,1715957.62
forecast,6,italy,beverages,cogs_production,664241.66
forecast,6,italy,beverages,cogs_logistics,387474.3
forecast,6,italy,beverages,opex_marketing,454600.18
forecast,6,italy,beverages,opex_sales,428602.0
forecast,6,italy,beverages,opex_gna,195191.83
forecast,6,italy,beverages,opex_rnd,56413.55
forecast,6,italy,beverages,d_and_a,129235.47
forecast,6,italy,snacks,revenue,3013763.6
forecast,6,italy,snacks,cogs_materials,1023605.14
forecast,6,italy,snacks,cogs_production,396234.25
forecast,6,italy,snacks,cogs_logistics,231136.64
forecast,6,italy,snacks,opex_marketing,286613.77
forecast,6,italy,snacks,opex_sales,269198.7
forecast,6,italy,snacks,opex_gna,148525.98
forecast,6,italy,snacks,opex_rnd,43245.04
forecast,6,italy,snacks,d_and_a,96971.1
forecast,6,italy,dairy,revenue,2343202.83
forecast,6,italy,dairy,cogs_materials,996753.67
forecast,6,italy,dairy,cogs_production,385840.13
forecast,6,italy,dairy,cogs_logistics,225073.41
forecast,6,italy,dairy,opex_marketing,231572.09
forecast,6,italy,dairy,opex_sales,209513.38
forecast,6,italy,dairy,opex_gna,127161.98
forecast,6,italy,dairy,opex_rnd,37123.63
forecast,6,italy,dairy,d_and_a,83231.7
forecast,6,italy,home_care,revenue,1494176.32
forecast,6,italy,home_care,cogs_materials,559542.13
forecast,6,italy,home_care,cogs_production,216596.95
forecast,6,italy,home_care,cogs_logistics,126348.22
forecast,6,italy,home_care,opex_marketing,149289.51
forecast,6,italy,home_care,opex_sales,133518.75
forecast,6,italy,home_care,opex_gna,83143.89
forecast,6,italy,home_care,opex_rnd,23543.5
forecast,6,italy,home_care,d_and_a,52640.4
forecast,6,italy,personal_care,revenue,1346863.29
forecast,6,italy,personal_care,cogs_materials,411155.7
forecast,6,italy,personal_care,cogs_production,159157.05
forecast,6,italy,personal_care,cogs_logistics,92841.61
forecast,6,italy,personal_care,opex_marketing,136426.86
forecast,6,italy,personal_care,opex_sales,121216.48
forecast,6,italy,personal_care,opex_gna,75318.36
forecast,6,italy,personal_care,opex_rnd,21183.28
forecast,6,italy,personal_care,d_and_a,47609.31
forecast,6,iberia,beverages,revenue,3710088.76
forecast,6,iberia,beverages,cogs_materials,1370353.58
forecast,6,iberia,beverages,cogs_production,530459.45
forecast,6,iberia,beverages,cogs_logistics,309434.68
forecast,6,iberia,beverages,opex_marketing,352922.31
forecast,6,iberia,beverages,opex_sales,335116.83
forecast,6,iberia,beverages,opex_gna,158219.5
forecast,6,iberia,beverages,opex_rnd,44824.56
forecast,6,iberia,beverages,d_and_a,100858.75
forecast,6,iberia,snacks,revenue,2147046.76
forecast,6,iberia,snacks,cogs_materials,739269.11
forecast,6,iberia,snacks,cogs_production,286168.69
forecast,6,iberia,snacks,cogs_logistics,166931.73
forecast,6,iberia,snacks,opex_marketing,214782.98
forecast,6,iberia,snacks,opex_sales,192019.74
forecast,6,iberia,snacks,opex_gna,113559.32
forecast,6,iberia,snacks,opex_rnd,32072.64
forecast,6,iberia,snacks,d_and_a,72359.86
forecast,6,iberia,dairy,revenue,1590652.67
forecast,6,iberia,dairy,cogs_materials,682745.51
forecast,6,iberia,dairy,cogs_production,264288.59
forecast,6,iberia,dairy,cogs_logistics,154168.34
forecast,6,iberia,dairy,opex_marketing,155057.66
forecast,6,iberia,dairy,opex_sales,143953.47
forecast,6,iberia,dairy,opex_gna,84580.23
forecast,6,iberia,dairy,opex_rnd,24626.83
forecast,6,iberia,dairy,d_and_a,54617.81
forecast,6,iberia,home_care,revenue,1357815.64
forecast,6,iberia,home_care,cogs_materials,507162.14
forecast,6,iberia,home_care,cogs_production,196320.83
forecast,6,iberia,home_care,cogs_logistics,114520.48
forecast,6,iberia,home_care,opex_marketing,127503.32
forecast,6,iberia,home_care,opex_sales,122180.44
forecast,6,iberia,home_care,opex_gna,70934.08
forecast,6,iberia,home_care,opex_rnd,19765.9
forecast,6,iberia,home_care,d_and_a,44823.88
forecast,6,iberia,personal_care,revenue,935961.25
forecast,6,iberia,personal_care,cogs_materials,288747.56
forecast,6,iberia,personal_care,cogs_production,111773.25
forecast,6,iberia,personal_care,cogs_logistics,65201.06
forecast,6,iberia,personal_care,opex_marketing,90339.38
forecast,6,iberia,personal_care,opex_sales,83800.4
forecast,6,iberia,personal_care,opex_gna,48203.71
forecast,6,iberia,personal_care,opex_rnd,13813.53
forecast,6,iberia,personal_care,d_and_a,31307.47
forecast,6,dach,beverages,revenue,3353063.09
forecast,6,dach,beverages,cogs_materials,1233849.85
forecast,6,dach,beverages,cogs_production,477619.3
forecast,6,dach,beverages,cogs_logistics,278611.26
forecast,6,dach,beverages,opex_marketing,333436.26
forecast,6,dach,beverages,opex_sales,295820.23
forecast,6,dach,beverages,opex_gna,150007.53
forecast,6,dach,beverages,opex_rnd,42817.87
forecast,6,dach,beverages,d_and_a,96147.52
forecast,6,dach,snacks,revenue,2555300.29
forecast,6,dach,snacks,cogs_materials,867447.44
forecast,6,dach,snacks,cogs_production,335786.11
forecast,6,dach,snacks,cogs_logistics,195875.23
forecast,6,dach,snacks,opex_marketing,249877.62
forecast,6,dach,snacks,opex_sales,229856.69
forecast,6,dach,snacks,opex_gna,128962.63
forecast,6,dach,snacks,opex_rnd,37017.62
forecast,6,dach,snacks,d_and_a,83203.05
forecast,6,dach,dairy,revenue,1453069.75
forecast,6,dach,dairy,cogs_materials,620160.87
forecast,6,dach,dairy,cogs_production,240062.27
forecast,6,dach,dairy,cogs_logistics,140036.33
forecast,6,dach,dairy,opex_marketing,146774.97
forecast,6,dach,dairy,opex_sales,130101.94
forecast,6,dach,dairy,opex_gna,78850.1
forecast,6,dach,dairy,opex_rnd,23328.99
forecast,6,dach,dairy,d_and_a,51753.03
forecast,6,dach,home_care,revenue,1791854.47
forecast,6,dach,home_care,cogs_materials,679634.95
forecast,6,dach,home_care,cogs_production,263084.5
forecast,6,dach,home_care,cogs_logistics,153465.96
forecast,6,dach,home_care,opex_marketing,179743.99
forecast,6,dach,home_care,opex_sales,163030.16
forecast,6,dach,home_care,opex_gna,99391.37
forecast,6,dach,home_care,opex_rnd,28149.26
forecast,6,dach,home_care,d_and_a,64296.07
forecast,6,dach,personal_care,revenue,1474957.91
forecast,6,dach,personal_care,cogs_materials,445724.17
forecast,6,dach,personal_care,cogs_production,172538.39
forecast,6,dach,personal_care,cogs_logistics,100647.39
forecast,6,dach,personal_care,opex_marketing,140295.33
forecast,6,dach,personal_care,opex_sales,133373.72
forecast,6,dach,personal_care,opex_gna,74300.37
forecast,6,dach,personal_care,opex_rnd,21456.39
forecast,6,dach,personal_care,d_and_a,47508.98
forecast,6,nordics,beverages,revenue,1930227.81
forecast,6,nordics,beverages,cogs_materials,702585.44
forecast,6,nordics,beverages,cogs_production,271968.56
forecast,6,nordics,beverages,cogs_logistics,158648.33
forecast,6,nordics,beverages,opex_marketing,188523.15
forecast,6,nordics,beverages,opex_sales,171093.97
forecast,6,nordics,beverages,opex_gna,82373.92
forecast,6,nordics,beverages,opex_rnd,23615.37
forecast,6,nordics,beverages,d_and_a,52712.36
forecast,6,nordics,snacks,revenue,2005129.41
forecast,6,nordics,snacks,cogs_materials,699409.07
forecast,6,nordics,snacks,cogs_production,270738.99
forecast,6,nordics,snacks,cogs_logistics,157931.08
forecast,6,nordics,snacks,opex_marketing,195457.68
forecast,6,nordics,snacks,opex_sales,181500.39
forecast,6,nordics,snacks,opex_gna,101253.54
forecast,6,nordics,snacks,opex_rnd,29781.49
forecast,6,nordics,snacks,d_and_a,65850.41
forecast,6,nordics,dairy,revenue,1445999.06
forecast,6,nordics,dairy,cogs_materials,623178.86
forecast,6,nordics,dairy,cogs_production,241230.53
forecast,6,nordics,dairy,cogs_logistics,140717.81
forecast,6,nordics,dairy,opex_marketing,131396.23
forecast,6,nordics,dairy,opex_sales,132150.74
forecast,6,nordics,dairy,opex_gna,72253.4
forecast,6,nordics,dairy,opex_rnd,21224.65
forecast,6,nordics,dairy,d_and_a,47063.07
forecast,6,nordics,home_care,revenue,1090602.74
forecast,6,nordics,home_care,cogs_materials,410037.12
forecast,6,nordics,home_care,cogs_production,158724.05
forecast,6,nordics,home_care,cogs_logistics,92589.03
forecast,6,nordics,home_care,opex_marketing,99276.35
forecast,6,nordics,home_care,opex_sales,98679.58
forecast,6,nordics,home_care,opex_gna,55653.57
forecast,6,nordics,home_care,opex_rnd,15779.71
forecast,6,nordics,home_care,d_and_a,35565.95
forecast,6,nordics,personal_care,revenue,881889.87
forecast,6,nordics,personal_care,cogs_materials,270265.49
forecast,6,nordics,personal_care,cogs_production,104618.9
forecast,6,nordics,personal_care,cogs_logistics,61027.69
forecast,6,nordics,personal_care,opex_marketing,82201.82
forecast,6,nordics,personal_care,opex_sales,78866.34
forecast,6,nordics,personal_care,opex_gna,43786.27
forecast,6,nordics,personal_care,opex_rnd,12696.84
forecast,6,nordics,personal_care,d_and_a,28416.67
forecast,7,italy,beverages,revenue,5103534.16
forecast,7,italy,beverages,cogs_materials,1869452.74
forecast,7,italy,beverages,cogs_production,723659.13
forecast,7,italy,beverages,cogs_logistics,422134.49
forecast,7,italy,beverages,opex_marketing,443401.33
forecast,7,italy,beverages,opex_sales,454764.39
forecast,7,italy,beverages,opex_gna,198358.98
forecast,7,italy,beverages,opex_rnd,57255.18
forecast,7,italy,beverages,d_and_a,139574.31
forecast,7,italy,snacks,revenue,3057958.59
forecast,7,italy,snacks,cogs_materials,1058247.78
forecast,7,italy,snacks,cogs_production,409644.3
forecast,7,italy,snacks,cogs_logistics,238959.18
forecast,7,italy,snacks,opex_marketing,276737.39
forecast,7,italy,snacks,opex_sales,277018.97
forecast,7,italy,snacks,opex_gna,150428.59
forecast,7,italy,snacks,opex_rnd,43370.73
forecast,7,italy,snacks,d_and_a,104728.79
forecast,7,italy,dairy,revenue,2331306.12
forecast,7,italy,dairy,cogs_materials,996397.58
forecast,7,italy,dairy,cogs_production,385702.29
forecast,7,italy,dairy,cogs_logistics,224993.0
forecast,7,italy,dairy,opex_marketing,230419.64
forecast,7,italy,dairy,opex_sales,207928.43
forecast,7,italy,dairy,opex_gna,133429.14
forecast,7,italy,dairy,opex_rnd,36641.08
forecast,7,italy,dairy,d_and_a,89890.23
forecast,7,italy,home_care,revenue,1468213.24
forecast,7,italy,home_care,cogs_materials,569178.16
forecast,7,italy,home_care,cogs_production,220327.03
forecast,7,italy,home_care,cogs_logistics,128524.1
forecast,7,italy,home_care,opex_marketing,144845.92
forecast,7,italy,home_care,opex_sales,132302.84
forecast,7,italy,home_care,opex_gna,82507.85
forecast,7,italy,home_care,opex_rnd,23394.36
forecast,7,italy,home_care,d_and_a,56851.63
forecast,7,italy,personal_care,revenue,1396680.86
forecast,7,italy,personal_care,cogs_materials,417128.04
forecast,7,italy,personal_care,cogs_production,161468.92
forecast,7,italy,personal_care,cogs_logistics,94190.2
forecast,7,italy,personal_care,opex_marketing,131258.58
forecast,7,italy,personal_care,opex_sales,125160.29
forecast,7,italy,personal_care,opex_gna,74614.77
forecast,7,italy,personal_care,opex_rnd,21173.76
forecast,7,italy,personal_care,d_and_a,51418.06
forecast,7,iberia,beverages,revenue,3836033.75
forecast,7,iberia,beverages,cogs_materials,1426686.25
forecast,7,iberia,beverages,cogs_production,552265.64
forecast,7,iberia,beverages,cogs_logistics,322154.96
forecast,7,iberia,beverages,opex_marketing,344214.61
forecast,7,iberia,beverages,opex_sales,349510.01
forecast,7,iberia,beverages,opex_gna,158021.79
forecast,7,iberia,beverages,opex_rnd,45427.82
forecast,7,iberia,beverages,d_and_a,108927.45
forecast,7,iberia,snacks,revenue,2306579.19
forecast,7,iberia,snacks,cogs_materials,790096.46
forecast,7,iberia,snacks,cogs_production,305843.79
forecast,7,iberia,snacks,cogs_logistics,178408.88
forecast,7,iberia,snacks,opex_marketing,207068.87
forecast,7,iberia,snacks,opex_sales,208286.43
forecast,7,iberia,snacks,opex_gna,112479.63
forecast,7,iberia,snacks,opex_rnd,31754.31
forecast,7,iberia,snacks,d_and_a,78148.65
forecast,7,iberia,dairy,revenue,1613029.39
forecast,7,iberia,dairy,cogs_materials,684082.2
forecast,7,iberia,dairy,cogs_production,264806.01
forecast,7,iberia,dairy,cogs_logistics,154470.17
forecast,7,iberia,dairy,opex_marketing,155867.39
forecast,7,iberia,dairy,opex_sales,143591.32
forecast,7,iberia,dairy,opex_gna,84564.43
forecast,7,iberia,dairy,opex_rnd,24626.58
forecast,7,iberia,dairy,d_and_a,58987.23
forecast,7,iberia,home_care,revenue,1245894.23
forecast,7,iberia,home_care,cogs_materials,475938.0
forecast,7,iberia,home_care,cogs_production,184234.06
forecast,7,iberia,home_care,cogs_logistics,107469.87
forecast,7,iberia,home_care,opex_marketing,122670.23
forecast,7,iberia,home_care,opex_sales,112183.01
forecast,7,iberia,home_care,opex_gna,68717.32
forecast,7,iberia,home_care,opex_rnd,19816.69
forecast,7,iberia,home_care,d_and_a,48409.79
forecast,7,iberia,personal_care,revenue,926608.06
forecast,7,iberia,personal_care,cogs_materials,280915.73
forecast,7,iberia,personal_care,cogs_production,108741.57
forecast,7,iberia,personal_care,cogs_logistics,63432.58
forecast,7,iberia,personal_care,opex_marketing,88545.23
forecast,7,iberia,personal_care,opex_sales,84997.47
forecast,7,iberia,personal_care,opex_gna,48576.35
forecast,7,iberia,personal_care,opex_rnd,14021.0
forecast,7,iberia,personal_care,d_and_a,33812.07
forecast,7,dach,beverages,revenue,3888537.34
forecast,7,dach,beverages,cogs_materials,1432255.17
forecast,7,dach,beverages,cogs_production,554421.36
forecast,7,dach,beverages,cogs_logistics,323412.46
forecast,7,dach,beverages,opex_marketing,329922.38
forecast,7,dach,beverages,opex_sales,347876.48
forecast,7,dach,beverages,opex_gna,151600.76
forecast,7,dach,beverages,opex_rnd,42521.11
forecast,7,dach,beverages,d_and_a,103839.32
forecast,7,dach,snacks,revenue,2408380.34
forecast,7,dach,snacks,cogs_materials,838918.87
forecast,7,dach,snacks,cogs_production,324742.79
forecast,7,dach,snacks,cogs_logistics,189433.29
forecast,7,dach,snacks,opex_marketing,241251.51
forecast,7,dach,snacks,opex_sales,215752.06
forecast,7,dach,snacks,opex_gna,127749.63
forecast,7,dach,snacks,opex_rnd,37114.7
forecast,7,dach,snacks,d_and_a,89859.29
forecast,7,dach,dairy,revenue,1445935.99
forecast,7,dach,dairy,cogs_materials,627946.74
forecast,7,dach,dairy,cogs_production,243076.16
forecast,7,dach,dairy,cogs_logistics,141794.42
forecast,7,dach,dairy,opex_marketing,145489.83
forecast,7,dach,dairy,opex_sales,129044.39
forecast,7,dach,dairy,opex_gna,79634.4
forecast,7,dach,dairy,opex_rnd,22987.5
forecast,7,dach,dairy,d_and_a,55893.28
forecast,7,dach,home_care,revenue,1695507.47
forecast,7,dach,home_care,cogs_materials,648374.85
forecast,7,dach,home_care,cogs_production,250983.81
forecast,7,dach,home_care,cogs_logistics,146407.23
forecast,7,dach,home_care,opex_marketing,174670.21
forecast,7,dach,home_care,opex_sales,155421.06
forecast,7,dach,home_care,opex_gna,102215.54
forecast,7,dach,home_care,opex_rnd,28739.43
forecast,7,dach,home_care,d_and_a,69439.75
forecast,7,dach,personal_care,revenue,1411164.87
forecast,7,dach,personal_care,cogs_materials,426392.75
forecast,7,dach,personal_care,cogs_production,165055.26
forecast,7,dach,personal_care,cogs_logistics,96282.23
forecast,7,dach,personal_care,opex_marketing,132626.96
forecast,7,dach,personal_care,opex_sales,125819.24
forecast,7,dach,personal_care,opex_gna,73266.42
forecast,7,dach,personal_care,opex_rnd,21449.11
forecast,7,dach,personal_care,d_and_a,51309.69
forecast,7,nordics,beverages,revenue,2020187.43
forecast,7,nordics,beverages,cogs_materials,733080.28
forecast,7,nordics,beverages,cogs_production,283773.01
forecast,7,nordics,beverages,cogs_logistics,165534.26
forecast,7,nordics,beverages,opex_marketing,179778.71
forecast,7,nordics,beverages,opex_sales,182349.91
forecast,7,nordics,beverages,opex_gna,83035.26
forecast,7,nordics,beverages,opex_rnd,23315.15
forecast,7,nordics,beverages,d_and_a,56929.35
forecast,7,nordics,snacks,revenue,1957308.06
forecast,7,nordics,snacks,cogs_materials,682141.58
forecast,7,nordics,snacks,cogs_production,264054.8
forecast,7,nordics,snacks,cogs_logistics,154031.97
forecast,7,nordics,snacks,opex_marketing,188201.56
forecast,7,nordics,snacks,opex_sales,175676.61
forecast,7,nordics,snacks,opex_gna,101865.32
forecast,7,nordics,snacks,opex_rnd,28993.11
forecast,7,nordics,snacks,d_and_a,71118.44
forecast,7,nordics,dairy,revenue,1306794.69
forecast,7,nordics,dairy,cogs_materials,562982.22
forecast,7,nordics,dairy,cogs_production,217928.6
forecast,7,nordics,dairy,cogs_logistics,127125.02
forecast,7,nordics,dairy,opex_marketing,128075.41
forecast,7,nordics,dairy,opex_sales,117975.58
forecast,7,nordics,dairy,opex_gna,73313.4
forecast,7,nordics,dairy,opex_rnd,21086.32
forecast,7,nordics,dairy,d_and_a,50828.12
forecast,7,nordics,home_care,revenue,974690.46
forecast,7,nordics,home_care,cogs_materials,365018.5
forecast,7,nordics,home_care,cogs_production,141297.48
forecast,7,nordics,home_care,cogs_logistics,82423.53
forecast,7,nordics,home_care,opex_marketing,97533.82
forecast,7,nordics,home_care,opex_sales,87600.65
forecast,7,nordics,home_care,opex_gna,55917.79
forecast,7,nordics,home_care,opex_rnd,16044.44
forecast,7,nordics,home_care,d_and_a,38411.23
forecast,7,nordics,personal_care,revenue,824541.08
forecast,7,nordics,personal_care,cogs_materials,250022.91
forecast,7,nordics,personal_care,cogs_production,96783.06
forecast,7,nordics,personal_care,cogs_logistics,56456.79
forecast,7,nordics,personal_care,opex_marketing,78637.99
forecast,7,nordics,personal_care,opex_sales,73410.81
forecast,7,nordics,personal_care,opex_gna,44255.61
forecast,7,nordics,personal_care,opex_rnd,12607.0
forecast,7,nordics,personal_care,d_and_a,30690.0
forecast,8,italy,beverages,revenue,5000508.02
forecast,8,italy,beverages,cogs_materials,1839168.16
forecast,8,italy,beverages,cogs_production,711936.06
forecast,8,italy,beverages,cogs_logistics,415296.04
forecast,8,italy,beverages,opex_marketing,379197.64
forecast,8,italy,beverages,opex_sales,442073.14
forecast,8,italy,beverages,opex_gna,201513.39
forecast,8,italy,beverages,opex_rnd,58315.31
forecast,8,italy,beverages,d_and_a,139574.31
forecast,8,italy,snacks,revenue,2628211.94
forecast,8,italy,snacks,cogs_materials,911424.75
forecast,8,italy,snacks,cogs_production,352809.58
forecast,8,italy,snacks,cogs_logistics,205805.59
forecast,8,italy,snacks,opex_marketing,274794.29
forecast,8,italy,snacks,opex_sales,236570.45
forecast,8,italy,snacks,opex_gna,151149.8
forecast,8,italy,snacks,opex_rnd,43617.33
forecast,8,italy,snacks,d_and_a,104728.79
forecast,8,italy,dairy,revenue,2269478.77
forecast,8,italy,dairy,cogs_materials,974039.62
forecast,8,italy,dairy,cogs_production,377047.59
forecast,8,italy,dairy,cogs_logistics,219944.43
forecast,8,italy,dairy,opex_marketing,242721.67
forecast,8,italy,dairy,opex_sales,204126.15
forecast,8,italy,dairy,opex_gna,130703.51
forecast,8,italy,dairy,opex_rnd,36726.74
forecast,8,italy,dairy,d_and_a,89890.23
forecast,8,italy,home_care,revenue,1311860.79
forecast,8,italy,home_care,cogs_materials,498028.75
forecast,8,italy,home_care,cogs_production,192785.32
forecast,8,italy,home_care,cogs_logistics,112458.11
forecast,8,italy,home_care,opex_marketing,152829.56
forecast,8,italy,home_care,opex_sales,118384.86
forecast,8,italy,home_care,opex_gna,80798.94
forecast,8,italy,home_care,opex_rnd,23565.55
forecast,8,italy,home_care,d_and_a,56851.63
forecast,8,italy,personal_care,revenue,1255101.31
forecast,8,italy,personal_care,cogs_materials,380457.0
forecast,8,italy,personal_care,cogs_production,147273.68
forecast,8,italy,personal_care,cogs_logistics,85909.64
forecast,8,italy,personal_care,opex_marketing,139878.25
forecast,8,italy,personal_care,opex_sales,112534.41
forecast,8,italy,personal_care,opex_gna,74682.17
forecast,8,italy,personal_care,opex_rnd,21376.68
forecast,8,italy,personal_care,d_and_a,51418.06
forecast,8,iberia,beverages,revenue,3782441.55
forecast,8,iberia,beverages,cogs_materials,1409165.73
forecast,8,iberia,beverages,cogs_production,545483.51
forecast,8,iberia,beverages,cogs_logistics,318198.71
forecast,8,iberia,beverages,opex_marketing,298261.27
forecast,8,iberia,beverages,opex_sales,342685.05
forecast,8,iberia,beverages,opex_gna,156688.59
forecast,8,iberia,beverages,opex_rnd,44367.35
forecast,8,iberia,beverages,d_and_a,108927.45
forecast,8,iberia,snacks,revenue,2029165.34
forecast,8,iberia,snacks,cogs_materials,720647.75
forecast,8,iberia,snacks,cogs_production,278960.42
forecast,8,iberia,snacks,cogs_logistics,162726.91
forecast,8,iberia,snacks,opex_marketing,210473.26
forecast,8,iberia,snacks,opex_sales,180684.05
forecast,8,iberia,snacks,opex_gna,115245.66
forecast,8,iberia,snacks,opex_rnd,32785.55
forecast,8,iberia,snacks,d_and_a,78148.65
forecast,8,iberia,dairy,revenue,1394080.62
forecast,8,iberia,dairy,cogs_materials,602802.57
forecast,8,iberia,dairy,cogs_production,233342.93
forecast,8,iberia,dairy,cogs_logistics,136116.71
forecast,8,iberia,dairy,opex_marketing,161431.79
forecast,8,iberia,dairy,opex_sales,126324.57
forecast,8,iberia,dairy,opex_gna,83934.17
forecast,8,iberia,dairy,opex_rnd,24620.63
forecast,8,iberia,dairy,d_and_a,58987.23
forecast,8,iberia,home_care,revenue,1168432.47
forecast,8,iberia,home_care,cogs_materials,444782.27
forecast,8,iberia,home_care,cogs_production,172173.78
forecast,8,iberia,home_care,cogs_logistics,100434.71
forecast,8,iberia,home_care,opex_marketing,130585.85
forecast,8,iberia,home_care,opex_sales,103292.94
forecast,8,iberia,home_care,opex_gna,69300.2
forecast,8,iberia,home_care,opex_rnd,19908.2
forecast,8,iberia,home_care,d_and_a,48409.79
forecast,8,iberia,personal_care,revenue,836456.64
forecast,8,iberia,personal_care,cogs_materials,255713.13
forecast,8,iberia,personal_care,cogs_production,98985.73
forecast,8,iberia,personal_care,cogs_logistics,57741.67
forecast,8,iberia,personal_care,opex_marketing,92321.09
forecast,8,iberia,personal_care,opex_sales,74658.55
forecast,8,iberia,personal_care,opex_gna,48367.35
forecast,8,iberia,personal_care,opex_rnd,13805.33
forecast,8,iberia,personal_care,d_and_a,33812.07
forecast,8,dach,beverages,revenue,3623345.23
forecast,8,dach,beverages,cogs_materials,1356519.26
forecast,8,dach,beverages,cogs_production,525104.23
forecast,8,dach,beverages,cogs_logistics,306310.8
forecast,8,dach,beverages,opex_marketing,292213.09
forecast,8,dach,beverages,opex_sales,332629.7
forecast,8,dach,beverages,opex_gna,148010.47
forecast,8,dach,beverages,opex_rnd,42671.59
forecast,8,dach,beverages,d_and_a,103839.32
forecast,8,dach,snacks,revenue,2446861.22
forecast,8,dach,snacks,cogs_materials,861827.93
forecast,8,dach,snacks,cogs_production,333610.81
forecast,8,dach,snacks,cogs_logistics,194606.31
forecast,8,dach,snacks,opex_marketing,238118.54
forecast,8,dach,snacks,opex_sales,221414.96
forecast,8,dach,snacks,opex_gna,130613.07
forecast,8,dach,snacks,opex_rnd,37171.14
forecast,8,dach,snacks,d_and_a,89859.29
forecast,8,dach,dairy,revenue,1352433.48
forecast,8,dach,dairy,cogs_materials,583485.05
forecast,8,dach,dairy,cogs_production,225865.18
forecast,8,dach,dairy,cogs_logistics,131754.69
forecast,8,dach,dairy,opex_marketing,148421.49
forecast,8,dach,dairy,opex_sales,122587.12
forecast,8,dach,dairy,opex_gna,79269.65
forecast,8,dach,dairy,opex_rnd,22824.9
forecast,8,dach,dairy,d_and_a,55893.28
forecast,8,dach,home_care,revenue,1677011.22
forecast,8,dach,home_care,cogs_materials,643541.68
forecast,8,dach,home_care,cogs_production,249112.91
forecast,8,dach,home_care,cogs_logistics,145315.86
forecast,8,dach,home_care,opex_marketing,186512.2
forecast,8,dach,home_care,opex_sales,154558.03
forecast,8,dach,home_care,opex_gna,100304.66
forecast,8,dach,home_care,opex_rnd,28883.39
forecast,8,dach,home_care,d_and_a,69439.75
forecast,8,dach,personal_care,revenue,1270378.87
forecast,8,dach,personal_care,cogs_materials,383754.51
forecast,8,dach,personal_care,cogs_production,148550.13
forecast,8,dach,personal_care,cogs_logistics,86654.25
forecast,8,dach,personal_care,opex_marketing,137281.0
forecast,8,dach,personal_care,opex_sales,111398.03
forecast,8,dach,personal_care,opex_gna,74215.34
forecast,8,dach,personal_care,opex_rnd,20667.07
forecast,8,dach,personal_care,d_and_a,51309.69
forecast,8,nordics,beverages,revenue,2040887.49
forecast,8,nordics,beverages,cogs_materials,755928.05
forecast,8,nordics,beverages,cogs_production,292617.31
forecast,8,nordics,beverages,cogs_logistics,170693.43
forecast,8,nordics,beverages,opex_marketing,160297.97
forecast,8,nordics,beverages,opex_sales,182491.31
forecast,8,nordics,beverages,opex_gna,81130.85
forecast,8,nordics,beverages,opex_rnd,23472.38
forecast,8,nordics,beverages,d_and_a,56929.35
forecast,8,nordics,snacks,revenue,1880798.83
forecast,8,nordics,snacks,cogs_materials,658944.99
forecast,8,nordics,snacks,cogs_production,255075.48
forecast,8,nordics,snacks,cogs_logistics,148794.03
forecast,8,nordics,snacks,opex_marketing,190613.37
forecast,8,nordics,snacks,opex_sales,171255.8
forecast,8,nordics,snacks,opex_gna,100701.77
forecast,8,nordics,snacks,opex_rnd,29147.68
forecast,8,nordics,snacks,d_and_a,71118.44
forecast,8,nordics,dairy,revenue,1225059.85
forecast,8,nordics,dairy,cogs_materials,523299.21
forecast,8,nordics,dairy,cogs_production,202567.44
forecast,8,nordics,dairy,cogs_logistics,118164.34
forecast,8,nordics,dairy,opex_marketing,138365.8
forecast,8,nordics,dairy,opex_sales,111325.9
forecast,8,nordics,dairy,opex_gna,73349.09
forecast,8,nordics,dairy,opex_rnd,21124.0
forecast,8,nordics,dairy,d_and_a,50828.12
forecast,8,nordics,home_care,revenue,957106.4
forecast,8,nordics,home_care,cogs_materials,364579.15
forecast,8,nordics,home_care,cogs_production,141127.41
forecast,8,nordics,home_care,cogs_logistics,82324.32
forecast,8,nordics,home_care,opex_marketing,104178.04
forecast,8,nordics,home_care,opex_sales,86210.88
forecast,8,nordics,home_care,opex_gna,55587.38
forecast,8,nordics,home_care,opex_rnd,15997.78
forecast,8,nordics,home_care,d_and_a,38411.23
forecast,8,nordics,personal_care,revenue,764813.91
forecast,8,nordics,personal_care,cogs_materials,233489.79
forecast,8,nordics,personal_care,cogs_production,90383.14
forecast,8,nordics,personal_care,cogs_logistics,52723.5
forecast,8,nordics,personal_care,opex_marketing,82527.02
forecast,8,nordics,personal_care,opex_sales,69021.28
forecast,8,nordics,personal_care,opex_gna,44256.7
forecast,8,nordics,personal_care,opex_rnd,12598.4
forecast,8,nordics,personal_care,d_and_a,30690.0
forecast,9,italy,beverages,revenue,4035042.59
forecast,9,italy,beverages,cogs_materials,1511325.33
forecast,9,italy,beverages,cogs_production,585029.16
forecast,9,italy,beverages,cogs_logistics,341267.01
forecast,9,italy,beverages,opex_marketing,364355.71
forecast,9,italy,beverages,opex_sales,361587.65
forecast,9,italy,beverages,opex_gna,209692.95
forecast,9,italy,beverages,opex_rnd,57484.7
forecast,9,italy,beverages,d_and_a,141397.27
forecast,9,italy,snacks,revenue,2849532.89
forecast,9,italy,snacks,cogs_materials,980980.82
forecast,9,italy,snacks,cogs_production,379734.51
forecast,9,italy,snacks,cogs_logistics,221511.8
forecast,9,italy,snacks,opex_marketing,297952.65
forecast,9,italy,snacks,opex_sales,255222.53
forecast,9,italy,snacks,opex_gna,151842.78
forecast,9,italy,snacks,opex_rnd,44431.96
forecast,9,italy,snacks,d_and_a,105538.37
forecast,9,italy,dairy,revenue,2558398.95
forecast,9,italy,dairy,cogs_materials,1096244.57
forecast,9,italy,dairy,cogs_production,424352.74
forecast,9,italy,dairy,cogs_logistics,247539.1
forecast,9,italy,dairy,opex_marketing,252102.55
forecast,9,italy,dairy,opex_sales,231534.79
forecast,9,italy,dairy,opex_gna,132862.04
forecast,9,italy,dairy,opex_rnd,38360.99
forecast,9,italy,dairy,d_and_a,91995.75
forecast,9,italy,home_care,revenue,1555324.97
forecast,9,italy,home_care,cogs_materials,582779.83
forecast,9,italy,home_care,cogs_production,225592.19
forecast,9,italy,home_care,cogs_logistics,131595.45
forecast,9,italy,home_care,opex_marketing,156848.06
forecast,9,italy,home_care,opex_sales,140860.56
forecast,9,italy,home_care,opex_gna,81133.71
forecast,9,italy,home_care,opex_rnd,23237.04
forecast,9,italy,home_care,d_and_a,57081.04
forecast,9,italy,personal_care,revenue,1389509.06
forecast,9,italy,personal_care,cogs_materials,424254.57
forecast,9,italy,personal_care,cogs_production,164227.58
forecast,9,italy,personal_care,cogs_logistics,95799.42
forecast,9,italy,personal_care,opex_marketing,140889.66
forecast,9,italy,personal_care,opex_sales,123964.57
forecast,9,italy,personal_care,opex_gna,73969.4
forecast,9,italy,personal_care,opex_rnd,21031.9
forecast,9,italy,personal_care,d_and_a,51078.49
forecast,9,iberia,beverages,revenue,3063868.99
forecast,9,iberia,beverages,cogs_materials,1106762.2
forecast,9,iberia,beverages,cogs_production,428424.08
forecast,9,iberia,beverages,cogs_logistics,249914.04
forecast,9,iberia,beverages,opex_marketing,279746.94
forecast,9,iberia,beverages,opex_sales,282724.97
forecast,9,iberia,beverages,opex_gna,159636.32
forecast,9,iberia,beverages,opex_rnd,45080.44
forecast,9,iberia,beverages,d_and_a,108464.16
forecast,9,iberia,snacks,revenue,2072518.78
forecast,9,iberia,snacks,cogs_materials,729411.09
forecast,9,iberia,snacks,cogs_production,282352.68
forecast,9,iberia,snacks,cogs_logistics,164705.73
forecast,9,iberia,snacks,opex_marketing,211266.1
forecast,9,iberia,snacks,opex_sales,189391.9
forecast,9,iberia,snacks,opex_gna,110895.72
forecast,9,iberia,snacks,opex_rnd,32280.59
forecast,9,iberia,snacks,d_and_a,77360.25
forecast,9,iberia,dairy,revenue,1639134.14
forecast,9,iberia,dairy,cogs_materials,701530.29
forecast,9,iberia,dairy,cogs_production,271560.11
forecast,9,iberia,dairy,cogs_logistics,158410.07
forecast,9,iberia,dairy,opex_marketing,166798.29
forecast,9,iberia,dairy,opex_sales,148304.25
forecast,9,iberia,dairy,opex_gna,86240.19
forecast,9,iberia,dairy,opex_rnd,24381.64
forecast,9,iberia,dairy,d_and_a,59463.52
forecast,9,iberia,home_care,revenue,1313795.18
forecast,9,iberia,home_care,cogs_materials,501157.9
forecast,9,iberia,home_care,cogs_production,193996.61
forecast,9,iberia,home_care,cogs_logistics,113164.69
forecast,9,iberia,home_care,opex_marketing,135031.17
forecast,9,iberia,home_care,opex_sales,118119.11
forecast,9,iberia,home_care,opex_gna,71434.78
forecast,9,iberia,home_care,opex_rnd,20094.95
forecast,9,iberia,home_care,d_and_a,48767.57
forecast,9,iberia,personal_care,revenue,895829.66
forecast,9,iberia,personal_care,cogs_materials,270953.31
forecast,9,iberia,personal_care,cogs_production,104885.15
forecast,9,iberia,personal_care,cogs_logistics,61183.01
forecast,9,iberia,personal_care,opex_marketing,92144.66
forecast,9,iberia,personal_care,opex_sales,82316.7
forecast,9,iberia,personal_care,opex_gna,47839.78
forecast,9,iberia,personal_care,opex_rnd,13736.2
forecast,9,iberia,personal_care,d_and_a,33283.13
forecast,9,dach,beverages,revenue,3006814.65
forecast,9,dach,beverages,cogs_materials,1099032.98
forecast,9,dach,beverages,cogs_production,425432.12
forecast,9,dach,beverages,cogs_logistics,248168.74
forecast,9,dach,beverages,opex_marketing,266673.28
forecast,9,dach,beverages,opex_sales,271396.58
forecast,9,dach,beverages,opex_gna,150563.89
forecast,9,dach,beverages,opex_rnd,43596.57
forecast,9,dach,beverages,d_and_a,105079.61
forecast,9,dach,snacks,revenue,2439291.76
forecast,9,dach,snacks,cogs_materials,850079.63
forecast,9,dach,snacks,cogs_production,329063.08
forecast,9,dach,snacks,cogs_logistics,191953.46
forecast,9,dach,snacks,opex_marketing,256629.04
forecast,9,dach,snacks,opex_sales,220330.25
forecast,9,dach,snacks,opex_gna,130940.22
forecast,9,dach,snacks,opex_rnd,37083.33
forecast,9,dach,snacks,d_and_a,89954.15
forecast,9,dach,dairy,revenue,1603454.44
forecast,9,dach,dairy,cogs_materials,689884.12
forecast,9,dach,dairy,cogs_production,267051.92
forecast,9,dach,dairy,cogs_logistics,155780.29
forecast,9,dach,dairy,opex_marketing,156555.33
forecast,9,dach,dairy,opex_sales,142968.5
forecast,9,dach,dairy,opex_gna,81553.55
forecast,9,dach,dairy,opex_rnd,23473.75
forecast,9,dach,dairy,d_and_a,57354.51
forecast,9,dach,home_care,revenue,1915918.83
forecast,9,dach,home_care,cogs_materials,732037.25
forecast,9,dach,home_care,cogs_production,283369.26
forecast,9,dach,home_care,cogs_logistics,165298.73
forecast,9,dach,home_care,opex_marketing,193191.21
forecast,9,dach,home_care,opex_sales,173201.74
forecast,9,dach,home_care,opex_gna,101172.42
forecast,9,dach,home_care,opex_rnd,28798.13
forecast,9,dach,home_care,d_and_a,70149.53
forecast,9,dach,personal_care,revenue,1392212.15
forecast,9,dach,personal_care,cogs_materials,425602.0
forecast,9,dach,personal_care,cogs_production,164749.16
forecast,9,dach,personal_care,cogs_logistics,96103.68
forecast,9,dach,personal_care,opex_marketing,143267.43
forecast,9,dach,personal_care,opex_sales,122188.82
forecast,9,dach,personal_care,opex_gna,74962.21
forecast,9,dach,personal_care,opex_rnd,21168.57
forecast,9,dach,personal_care,d_and_a,51247.29
forecast,9,nordics,beverages,revenue,1611845.33
forecast,9,nordics,beverages,cogs_materials,590387.13
forecast,9,nordics,beverages,cogs_production,228536.96
forecast,9,nordics,beverages,cogs_logistics,133313.22
forecast,9,nordics,beverages,opex_marketing,142870.39
forecast,9,nordics,beverages,opex_sales,141434.64
forecast,9,nordics,beverages,opex_gna,81434.06
forecast,9,nordics,beverages,opex_rnd,23820.36
forecast,9,nordics,beverages,d_and_a,56886.08
forecast,9,nordics,snacks,revenue,1906863.38
forecast,9,nordics,snacks,cogs_materials,670006.74
forecast,9,nordics,snacks,cogs_production,259357.45
forecast,9,nordics,snacks,cogs_logistics,151291.84
forecast,9,nordics,snacks,opex_marketing,200713.8
forecast,9,nordics,snacks,opex_sales,168266.83
forecast,9,nordics,snacks,opex_gna,101411.37
forecast,9,nordics,snacks,opex_rnd,28937.43
forecast,9,nordics,snacks,d_and_a,70613.29
forecast,9,nordics,dairy,revenue,1414367.15
forecast,9,nordics,dairy,cogs_materials,605909.63
forecast,9,nordics,dairy,cogs_production,234545.66
forecast,9,nordics,dairy,cogs_logistics,136818.3
forecast,9,nordics,dairy,opex_marketing,143027.05
forecast,9,nordics,dairy,opex_sales,129175.68
forecast,9,nordics,dairy,opex_gna,72869.9
forecast,9,nordics,dairy,opex_rnd,21036.48
forecast,9,nordics,dairy,d_and_a,51197.23
forecast,9,nordics,home_care,revenue,1048704.88
forecast,9,nordics,home_care,cogs_materials,392495.08
forecast,9,nordics,home_care,cogs_production,151933.58
forecast,9,nordics,home_care,cogs_logistics,88627.92
forecast,9,nordics,home_care,opex_marketing,107145.75
forecast,9,nordics,home_care,opex_sales,93979.58
forecast,9,nordics,home_care,opex_gna,55695.9
forecast,9,nordics,home_care,opex_rnd,16023.76
forecast,9,nordics,home_care,d_and_a,38744.86
forecast,9,nordics,personal_care,revenue,824039.59
forecast,9,nordics,personal_care,cogs_materials,250430.91
forecast,9,nordics,personal_care,cogs_production,96941.0
forecast,9,nordics,personal_care,cogs_logistics,56548.92
forecast,9,nordics,personal_care,opex_marketing,84707.39
forecast,9,nordics,personal_care,opex_sales,73264.78
forecast,9,nordics,personal_care,opex_gna,43545.68
forecast,9,nordics,personal_care,opex_rnd,12655.44
forecast,9,nordics,personal_care,d_and_a,30502.42
forecast,10,italy,beverages,revenue,3535465.88
forecast,10,italy,beverages,cogs_materials,1333383.03
forecast,10,italy,beverages,cogs_production,516148.27
forecast,10,italy,beverages,cogs_logistics,301086.49
forecast,10,italy,beverages,opex_marketing,340102.77
forecast,10,italy,beverages,opex_sales,321272.08
forecast,10,italy,beverages,opex_gna,203144.47
forecast,10,italy,beverages,opex_rnd,58215.54
forecast,10,italy,beverages,d_and_a,141397.27
forecast,10,italy,snacks,revenue,3020504.86
forecast,10,italy,snacks,cogs_materials,1058277.88
forecast,10,italy,snacks,cogs_production,409655.95
forecast,10,italy,snacks,cogs_logistics,238965.97
forecast,10,italy,snacks,opex_marketing,303646.35
forecast,10,italy,snacks,opex_sales,276383.64
forecast,10,italy,snacks,opex_gna,152574.33
forecast,10,italy,snacks,opex_rnd,43497.04
forecast,10,italy,snacks,d_and_a,105538.37
forecast,10,italy,dairy,revenue,2635150.92
forecast,10,italy,dairy,cogs_materials,1134359.83
forecast,10,italy,dairy,cogs_production,439107.03
forecast,10,italy,dairy,cogs_logistics,256145.77
forecast,10,italy,dairy,opex_marketing,255556.1
forecast,10,italy,dairy,opex_sales,239256.18
forecast,10,italy,dairy,opex_gna,132774.13
forecast,10,italy,dairy,opex_rnd,37782.27
forecast,10,italy,dairy,d_and_a,91995.75
forecast,10,italy,home_care,revenue,1618807.62
forecast,10,italy,home_care,cogs_materials,607522.78
forecast,10,italy,home_care,cogs_production,235170.11
forecast,10,italy,home_care,cogs_logistics,137182.56
forecast,10,italy,home_care,opex_marketing,154136.91
forecast,10,italy,home_care,opex_sales,145714.97
forecast,10,italy,home_care,opex_gna,80835.73
forecast,10,italy,home_care,opex_rnd,23525.05
forecast,10,italy,home_care,d_and_a,57081.04
forecast,10,italy,personal_care,revenue,1472879.6
forecast,10,italy,personal_care,cogs_materials,450935.84
forecast,10,italy,personal_care,cogs_production,174555.81
forecast,10,italy,personal_care,cogs_logistics,101824.22
forecast,10,italy,personal_care,opex_marketing,149462.95
forecast,10,italy,personal_care,opex_sales,131838.62
forecast,10,italy,personal_care,opex_gna,73539.95
forecast,10,italy,personal_care,opex_rnd,20933.21
forecast,10,italy,personal_care,d_and_a,51078.49
forecast,10,iberia,beverages,revenue,2684532.83
forecast,10,iberia,beverages,cogs_materials,990165.65
forecast,10,iberia,beverages,cogs_production,383289.93
forecast,10,iberia,beverages,cogs_logistics,223585.79
forecast,10,iberia,beverages,opex_marketing,258751.58
forecast,10,iberia,beverages,opex_sales,242398.16
forecast,10,iberia,beverages,opex_gna,155064.25
forecast,10,iberia,beverages,opex_rnd,44725.94
forecast,10,iberia,beverages,d_and_a,108464.16
forecast,10,iberia,snacks,revenue,2196869.91
forecast,10,iberia,snacks,cogs_materials,771123.82
forecast,10,iberia,snacks,cogs_production,298499.54
forecast,10,iberia,snacks,cogs_logistics,174124.73
forecast,10,iberia,snacks,opex_marketing,220189.89
forecast,10,iberia,snacks,opex_sales,196198.28
forecast,10,iberia,snacks,opex_gna,110465.67
forecast,10,iberia,snacks,opex_rnd,31170.36
forecast,10,iberia,snacks,d_and_a,77360.25
forecast,10,iberia,dairy,revenue,1688308.16
forecast,10,iberia,dairy,cogs_materials,746465.24
forecast,10,iberia,dairy,cogs_production,288954.29
forecast,10,iberia,dairy,cogs_logistics,168556.67
forecast,10,iberia,dairy,opex_marketing,164372.26
forecast,10,iberia,dairy,opex_sales,150150.57
forecast,10,iberia,dairy,opex_gna,85430.0
forecast,10,iberia,dairy,opex_rnd,23964.36
forecast,10,iberia,dairy,d_and_a,59463.52
forecast,10,iberia,home_care,revenue,1367419.48
forecast,10,iberia,home_care,cogs_materials,513688.98
forecast,10,iberia,home_care,cogs_production,198847.35
forecast,10,iberia,home_care,cogs_logistics,115994.29
forecast,10,iberia,home_care,opex_marketing,132751.4
forecast,10,iberia,home_care,opex_sales,122945.29
forecast,10,iberia,home_care,opex_gna,70487.71
forecast,10,iberia,home_care,opex_rnd,20357.75
forecast,10,iberia,home_care,d_and_a,48767.57
forecast,10,iberia,personal_care,revenue,949579.44
forecast,10,iberia,personal_care,cogs_materials,289640.82
forecast,10,iberia,personal_care,cogs_production,112119.03
forecast,10,iberia,personal_care,cogs_logistics,65402.76
forecast,10,iberia,personal_care,opex_marketing,97892.17
forecast,10,iberia,personal_care,opex_sales,84467.81
forecast,10,iberia,personal_care,opex_gna,47041.69
forecast,10,iberia,personal_care,opex_rnd,13703.6
forecast,10,iberia,personal_care,d_and_a,33283.13
forecast,10,dach,beverages,revenue,2634542.36
forecast,10,dach,beverages,cogs_materials,986594.6
forecast,10,dach,beverages,cogs_production,381907.59
forecast,10,dach,beverages,cogs_logistics,222779.43
forecast,10,dach,beverages,opex_marketing,255680.79
forecast,10,dach,beverages,opex_sales,238537.96
forecast,10,dach,beverages,opex_gna,151812.24
forecast,10,dach,beverages,opex_rnd,43594.42
forecast,10,dach,beverages,d_and_a,105079.61
forecast,10,dach,snacks,revenue,2585649.27
forecast,10,dach,snacks,cogs_materials,913554.26
forecast,10,dach,snacks,cogs_production,353633.91
forecast,10,dach,snacks,cogs_logistics,206286.45
forecast,10,dach,snacks,opex_marketing,260649.94
forecast,10,dach,snacks,opex_sales,238267.93
forecast,10,dach,snacks,opex_gna,129817.17
forecast,10,dach,snacks,opex_rnd,37429.43
forecast,10,dach,snacks,d_and_a,89954.15
forecast,10,dach,dairy,revenue,1651558.07
forecast,10,dach,dairy,cogs_materials,723008.88
forecast,10,dach,dairy,cogs_production,279874.41
forecast,10,dach,dairy,cogs_logistics,163260.07
forecast,10,dach,dairy,opex_marketing,159519.25
forecast,10,dach,dairy,opex_sales,147448.86
forecast,10,dach,dairy,opex_gna,81612.13
forecast,10,dach,dairy,opex_rnd,23595.0
forecast,10,dach,dairy,d_and_a,57354.51
forecast,10,dach,home_care,revenue,1994119.6
forecast,10,dach,home_care,cogs_materials,766319.57
forecast,10,dach,home_care,cogs_production,296639.83
forecast,10,dach,home_care,cogs_logistics,173039.9
forecast,10,dach,home_care,opex_marketing,189759.49
forecast,10,dach,home_care,opex_sales,182471.93
forecast,10,dach,home_care,opex_gna,101758.33
forecast,10,dach,home_care,opex_rnd,29044.93
forecast,10,dach,home_care,d_and_a,70149.53
forecast,10,dach,personal_care,revenue,1475744.88
forecast,10,dach,personal_care,cogs_materials,445521.09
forecast,10,dach,personal_care,cogs_production,172459.78
forecast,10,dach,personal_care,cogs_logistics,100601.54
forecast,10,dach,personal_care,opex_marketing,151507.76
forecast,10,dach,personal_care,opex_sales,132273.64
forecast,10,dach,personal_care,opex_gna,74054.63
forecast,10,dach,personal_care,opex_rnd,21216.76
forecast,10,dach,personal_care,d_and_a,51247.29
forecast,10,nordics,beverages,revenue,1412283.53
forecast,10,nordics,beverages,cogs_materials,516694.43
forecast,10,nordics,beverages,cogs_production,200010.75
forecast,10,nordics,beverages,cogs_logistics,116672.94
forecast,10,nordics,beverages,opex_marketing,137705.84
forecast,10,nordics,beverages,opex_sales,127049.37
forecast,10,nordics,beverages,opex_gna,81874.61
forecast,10,nordics,beverages,opex_rnd,23320.09
forecast,10,nordics,beverages,d_and_a,56886.08
forecast,10,nordics,snacks,revenue,2021275.19
forecast,10,nordics,snacks,cogs_materials,699513.8
forecast,10,nordics,snacks,cogs_production,270779.54
forecast,10,nordics,snacks,cogs_logistics,157954.73
forecast,10,nordics,snacks,opex_marketing,198671.97
forecast,10,nordics,snacks,opex_sales,183616.54
forecast,10,nordics,snacks,opex_gna,103293.53
forecast,10,nordics,snacks,opex_rnd,28879.58
forecast,10,nordics,snacks,d_and_a,70613.29
forecast,10,nordics,dairy,revenue,1456798.16
forecast,10,nordics,dairy,cogs_materials,649097.68
forecast,10,nordics,dairy,cogs_production,251263.62
forecast,10,nordics,dairy,cogs_logistics,146570.44
forecast,10,nordics,dairy,opex_marketing,143677.56
forecast,10,nordics,dairy,opex_sales,130618.89
forecast,10,nordics,dairy,opex_gna,72779.94
forecast,10,nordics,dairy,opex_rnd,21147.9
forecast,10,nordics,dairy,d_and_a,51197.23
forecast,10,nordics,home_care,revenue,1091509.16
forecast,10,nordics,home_care,cogs_materials,413873.63
forecast,10,nordics,home_care,cogs_production,160209.15
forecast,10,nordics,home_care,cogs_logistics,93455.34
forecast,10,nordics,home_care,opex_marketing,105608.14
forecast,10,nordics,home_care,opex_sales,97372.35
forecast,10,nordics,home_care,opex_gna,56274.03
forecast,10,nordics,home_care,opex_rnd,16131.75
forecast,10,nordics,home_care,d_and_a,38744.86
forecast,10,nordics,personal_care,revenue,873481.97
forecast,10,nordics,personal_care,cogs_materials,267665.65
forecast,10,nordics,personal_care,cogs_production,103612.51
forecast,10,nordics,personal_care,cogs_logistics,60440.63
forecast,10,nordics,personal_care,opex_marketing,86718.57
forecast,10,nordics,personal_care,opex_sales,80047.54
forecast,10,nordics,personal_care,opex_gna,44054.39
forecast,10,nordics,personal_care,opex_rnd,12381.43
forecast,10,nordics,personal_care,d_and_a,30502.42
forecast,11,italy,beverages,revenue,3189605.09
forecast,11,italy,beverages,cogs_materials,1167265.63
forecast,11,italy,beverages,cogs_production,451844.76
forecast,11,italy,beverages,cogs_logistics,263576.11
forecast,11,italy,beverages,opex_marketing,351947.48
forecast,11,italy,beverages,opex_sales,281224.58
forecast,11,italy,beverages,opex_gna,204776.2
forecast,11,italy,beverages,opex_rnd,58719.37
forecast,11,italy,beverages,d_and_a,141397.27
forecast,11,italy,snacks,revenue,3191476.84
forecast,11,italy,snacks,cogs_materials,1111587.49
forecast,11,italy,snacks,cogs_production,430291.93
forecast,11,italy,snacks,cogs_logistics,251003.63
forecast,11,italy,snacks,opex_marketing,322739.45
forecast,11,italy,snacks,opex_sales,283683.85
forecast,11,italy,snacks,opex_gna,147771.63
forecast,11,italy,snacks,opex_rnd,43024.18
forecast,11,italy,snacks,d_and_a,105538.37
forecast,11,italy,dairy,revenue,2686318.9
forecast,11,italy,dairy,cogs_materials,1191680.23
forecast,11,italy,dairy,cogs_production,461295.57
forecast,11,italy,dairy,cogs_logistics,269089.08
forecast,11,italy,dairy,opex_marketing,265100.87
forecast,11,italy,dairy,opex_sales,241108.8
forecast,11,italy,dairy,opex_gna,133651.33
forecast,11,italy,dairy,opex_rnd,37414.04
forecast,11,italy,dairy,d_and_a,91995.75
forecast,11,italy,home_care,revenue,1587066.3
forecast,11,italy,home_care,cogs_materials,603504.27
forecast,11,italy,home_care,cogs_production,233614.56
forecast,11,italy,home_care,cogs_logistics,136275.16
forecast,11,italy,home_care,opex_marketing,151137.81
forecast,11,italy,home_care,opex_sales,145607.72
forecast,11,italy,home_care,opex_gna,85922.28
forecast,11,italy,home_care,opex_rnd,23675.75
forecast,11,italy,home_care,d_and_a,57081.04
forecast,11,italy,personal_care,revenue,1584040.33
forecast,11,italy,personal_care,cogs_materials,490785.19
forecast,11,italy,personal_care,cogs_production,189981.36
forecast,11,italy,personal_care,cogs_logistics,110822.46
forecast,11,italy,personal_care,opex_marketing,158739.98
forecast,11,italy,personal_care,opex_sales,143036.48
forecast,11,italy,personal_care,opex_gna,72788.39
forecast,11,italy,personal_care,opex_rnd,21054.31
forecast,11,italy,personal_care,d_and_a,51078.49
forecast,11,iberia,beverages,revenue,2421915.49
forecast,11,iberia,beverages,cogs_materials,870570.5
forecast,11,iberia,beverages,cogs_production,336995.03
forecast,11,iberia,beverages,cogs_logistics,196580.44
forecast,11,iberia,beverages,opex_marketing,269160.12
forecast,11,iberia,beverages,opex_sales,216930.88
forecast,11,iberia,beverages,opex_gna,157432.02
forecast,11,iberia,beverages,opex_rnd,44938.15
forecast,11,iberia,beverages,d_and_a,108464.16
forecast,11,iberia,snacks,revenue,2321221.04
forecast,11,iberia,snacks,cogs_materials,821712.11
forecast,11,iberia,snacks,cogs_production,318082.11
forecast,11,iberia,snacks,cogs_logistics,185547.9
forecast,11,iberia,snacks,opex_marketing,232375.45
forecast,11,iberia,snacks,opex_sales,210210.93
forecast,11,iberia,snacks,opex_gna,112338.85
forecast,11,iberia,snacks,opex_rnd,31923.05
forecast,11,iberia,snacks,d_and_a,77360.25
forecast,11,iberia,dairy,revenue,1721090.85
forecast,11,iberia,dairy,cogs_materials,758661.36
forecast,11,iberia,dairy,cogs_production,293675.36
forecast,11,iberia,dairy,cogs_logistics,171310.63
forecast,11,iberia,dairy,opex_marketing,173401.77
forecast,11,iberia,dairy,opex_sales,154762.16
forecast,11,iberia,dairy,opex_gna,86274.53
forecast,11,iberia,dairy,opex_rnd,24759.76
forecast,11,iberia,dairy,d_and_a,59463.52
forecast,11,iberia,home_care,revenue,1340607.33
forecast,11,iberia,home_care,cogs_materials,508110.8
forecast,11,iberia,home_care,cogs_production,196688.05
forecast,11,iberia,home_care,cogs_logistics,114734.7
forecast,11,iberia,home_care,opex_marketing,131686.36
forecast,11,iberia,home_care,opex_sales,118345.21
forecast,11,iberia,home_care,opex_gna,70186.48
forecast,11,iberia,home_care,opex_rnd,20066.86
forecast,11,iberia,home_care,d_and_a,48767.57
forecast,11,iberia,personal_care,revenue,1021245.82
forecast,11,iberia,personal_care,cogs_materials,314510.6
forecast,11,iberia,personal_care,cogs_production,121746.04
forecast,11,iberia,personal_care,cogs_logistics,71018.52
forecast,11,iberia,personal_care,opex_marketing,103272.03
forecast,11,iberia,personal_care,opex_sales,91002.96
forecast,11,iberia,personal_care,opex_gna,47327.44
forecast,11,iberia,personal_care,opex_rnd,13690.79
forecast,11,iberia,personal_care,d_and_a,33283.13
forecast,11,dach,beverages,revenue,2376815.39
forecast,11,dach,beverages,cogs_materials,873109.88
forecast,11,dach,beverages,cogs_production,337978.02
forecast,11,dach,beverages,cogs_logistics,197153.84
forecast,11,dach,beverages,opex_marketing,267738.07
forecast,11,dach,beverages,opex_sales,215380.73
forecast,11,dach,beverages,opex_gna,150401.65
forecast,11,dach,beverages,opex_rnd,42891.9
forecast,11,dach,beverages,d_and_a,105079.61
forecast,11,dach,snacks,revenue,2732006.78
forecast,11,dach,snacks,cogs_materials,959049.84
forecast,11,dach,snacks,cogs_production,371245.1
forecast,11,dach,snacks,cogs_logistics,216559.64
forecast,11,dach,snacks,opex_marketing,273850.49
forecast,11,dach,snacks,opex_sales,246407.6
forecast,11,dach,snacks,opex_gna,127192.01
forecast,11,dach,snacks,opex_rnd,37059.46
forecast,11,dach,snacks,d_and_a,89954.15
forecast,11,dach,dairy,revenue,1683627.16
forecast,11,dach,dairy,cogs_materials,730432.15
forecast,11,dach,dairy,cogs_production,282747.93
forecast,11,dach,dairy,cogs_logistics,164936.29
forecast,11,dach,dairy,opex_marketing,163511.65
forecast,11,dach,dairy,opex_sales,150637.94
forecast,11,dach,dairy,opex_gna,82757.12
forecast,11,dach,dairy,opex_rnd,23824.68
forecast,11,dach,dairy,d_and_a,57354.51
forecast,11,dach,home_care,revenue,1955019.22
forecast,11,dach,home_care,cogs_materials,759723.42
forecast,11,dach,home_care,cogs_production,294086.49
forecast,11,dach,home_care,cogs_logistics,171550.45
forecast,11,dach,home_care,opex_marketing,185114.74
forecast,11,dach,home_care,opex_sales,178237.12
forecast,11,dach,home_care,opex_gna,101886.97
forecast,11,dach,home_care,opex_rnd,29031.57
forecast,11,dach,home_care,d_and_a,70149.53
forecast,11,dach,personal_care,revenue,1587121.86
forecast,11,dach,personal_care,cogs_materials,489831.68
forecast,11,dach,personal_care,cogs_production,189612.26
forecast,11,dach,personal_care,cogs_logistics,110607.15
forecast,11,dach,personal_care,opex_marketing,159995.04
forecast,11,dach,personal_care,opex_sales,141571.94
forecast,11,dach,personal_care,opex_gna,75125.31
forecast,11,dach,personal_care,opex_rnd,20625.35
forecast,11,dach,personal_care,d_and_a,51247.29
forecast,11,nordics,beverages,revenue,1274125.36
forecast,11,nordics,beverages,cogs_materials,471781.16
forecast,11,nordics,beverages,cogs_production,182624.97
forecast,11,nordics,beverages,cogs_logistics,106531.23
forecast,11,nordics,beverages,opex_marketing,143461.68
forecast,11,nordics,beverages,opex_sales,114125.37
forecast,11,nordics,beverages,opex_gna,81383.65
forecast,11,nordics,beverages,opex_rnd,23536.47
forecast,11,nordics,beverages,d_and_a,56886.08
forecast,11,nordics,snacks,revenue,2135686.99
forecast,11,nordics,snacks,cogs_materials,758787.74
forecast,11,nordics,snacks,cogs_production,293724.29
forecast,11,nordics,snacks,cogs_logistics,171339.17
forecast,11,nordics,snacks,opex_marketing,213394.63
forecast,11,nordics,snacks,opex_sales,194272.15
forecast,11,nordics,snacks,opex_gna,101588.22
forecast,11,nordics,snacks,opex_rnd,29036.15
forecast,11,nordics,snacks,d_and_a,70613.29
forecast,11,nordics,dairy,revenue,1485085.51
forecast,11,nordics,dairy,cogs_materials,643689.36
forecast,11,nordics,dairy,cogs_production,249170.08
forecast,11,nordics,dairy,cogs_logistics,145349.21
forecast,11,nordics,dairy,opex_marketing,147364.43
forecast,11,nordics,dairy,opex_sales,135402.74
forecast,11,nordics,dairy,opex_gna,74374.74
forecast,11,nordics,dairy,opex_rnd,21240.59
forecast,11,nordics,dairy,d_and_a,51197.23
forecast,11,nordics,home_care,revenue,1070107.02
forecast,11,nordics,home_care,cogs_materials,408668.24
forecast,11,nordics,home_care,cogs_production,158194.16
forecast,11,nordics,home_care,cogs_logistics,92279.92
forecast,11,nordics,home_care,opex_marketing,104319.59
forecast,11,nordics,home_care,opex_sales,96234.46
forecast,11,nordics,home_care,opex_gna,56038.51
forecast,11,nordics,home_care,opex_rnd,15989.43
forecast,11,nordics,home_care,d_and_a,38744.86
forecast,11,nordics,personal_care,revenue,939405.14
forecast,11,nordics,personal_care,cogs_materials,290153.29
forecast,11,nordics,personal_care,cogs_production,112317.4
forecast,11,nordics,personal_care,cogs_logistics,65518.49
forecast,11,nordics,personal_care,opex_marketing,94521.26
forecast,11,nordics,personal_care,opex_sales,84955.49
forecast,11,nordics,personal_care,opex_gna,43296.13
forecast,11,nordics,personal_care,opex_rnd,12558.89
forecast,11,nordics,personal_care,d_and_a,30502.42
forecast,12,italy,beverages,revenue,3458607.93
forecast,12,italy,beverages,cogs_materials,1253544.05
forecast,12,italy,beverages,cogs_production,485242.86
forecast,12,italy,beverages,cogs_logistics,283058.33
forecast,12,italy,beverages,opex_marketing,340907.85
forecast,12,italy,beverages,opex_sales,317361.59
forecast,12,italy,beverages,opex_gna,202028.52
forecast,12,italy,beverages,opex_rnd,58939.78
forecast,12,italy,beverages,d_and_a,141397.27
forecast,12,italy,snacks,revenue,3419439.47
forecast,12,italy,snacks,cogs_materials,1201570.9
forecast,12,italy,snacks,cogs_production,465124.22
forecast,12,italy,snacks,cogs_logistics,271322.46
forecast,12,italy,snacks,opex_marketing,274018.19
forecast,12,italy,snacks,opex_sales,306869.84
forecast,12,italy,snacks,opex_gna,154806.51
forecast,12,italy,snacks,opex_rnd,43565.79
forecast,12,italy,snacks,d_and_a,105538.37
forecast,12,italy,dairy,revenue,2788654.86
forecast,12,italy,dairy,cogs_materials,1206890.37
forecast,12,italy,dairy,cogs_production,467183.37
forecast,12,italy,dairy,cogs_logistics,272523.63
forecast,12,italy,dairy,opex_marketing,254182.87
forecast,12,italy,dairy,opex_sales,252038.4
forecast,12,italy,dairy,opex_gna,134160.06
forecast,12,italy,dairy,opex_rnd,37801.46
forecast,12,italy,dairy,d_and_a,91995.75
forecast,12,italy,home_care,revenue,1555324.97
forecast,12,italy,home_care,cogs_materials,596948.48
forecast,12,italy,home_care,cogs_production,231076.83
forecast,12,italy,home_care,cogs_logistics,134794.82
forecast,12,italy,home_care,opex_marketing,152400.18
forecast,12,italy,home_care,opex_sales,140393.98
forecast,12,italy,home_care,opex_gna,82378.23
forecast,12,italy,home_care,opex_rnd,23234.22
forecast,12,italy,home_care,d_and_a,57081.04
forecast,12,italy,personal_care,revenue,1778571.59
forecast,12,italy,personal_care,cogs_materials,537601.03
forecast,12,italy,personal_care,cogs_production,208103.62
forecast,12,italy,personal_care,cogs_logistics,121393.78
forecast,12,italy,personal_care,opex_marketing,131346.62
forecast,12,italy,personal_care,opex_sales,162426.62
forecast,12,italy,personal_care,opex_gna,73832.41
forecast,12,italy,personal_care,opex_rnd,20809.35
forecast,12,italy,personal_care,d_and_a,51078.49
forecast,12,iberia,beverages,revenue,2626173.42
forecast,12,iberia,beverages,cogs_materials,975279.65
forecast,12,iberia,beverages,cogs_production,377527.6
forecast,12,iberia,beverages,cogs_logistics,220224.44
forecast,12,iberia,beverages,opex_marketing,255197.22
forecast,12,iberia,beverages,opex_sales,231661.86
forecast,12,iberia,beverages,opex_gna,156299.24
forecast,12,iberia,beverages,opex_rnd,45117.5
forecast,12,iberia,beverages,d_and_a,108464.16
forecast,12,iberia,snacks,revenue,2487022.54
forecast,12,iberia,snacks,cogs_materials,874597.26
forecast,12,iberia,snacks,cogs_production,338553.78
forecast,12,iberia,snacks,cogs_logistics,197489.7
forecast,12,iberia,snacks,opex_marketing,203546.49
forecast,12,iberia,snacks,opex_sales,217967.22
forecast,12,iberia,snacks,opex_gna,110958.03
forecast,12,iberia,snacks,opex_rnd,31342.59
forecast,12,iberia,snacks,d_and_a,77360.25
forecast,12,iberia,dairy,revenue,1786656.21
forecast,12,iberia,dairy,cogs_materials,783974.81
forecast,12,iberia,dairy,cogs_production,303474.12
forecast,12,iberia,dairy,cogs_logistics,177026.57
forecast,12,iberia,dairy,opex_marketing,163264.65
forecast,12,iberia,dairy,opex_sales,158460.86
forecast,12,iberia,dairy,opex_gna,83984.56
forecast,12,iberia,dairy,opex_rnd,24563.65
forecast,12,iberia,dairy,d_and_a,59463.52
forecast,12,iberia,home_care,revenue,1313795.18
forecast,12,iberia,home_care,cogs_materials,500224.97
forecast,12,iberia,home_care,cogs_production,193635.47
forecast,12,iberia,home_care,cogs_logistics,112954.02
forecast,12,iberia,home_care,opex_marketing,132402.52
forecast,12,iberia,home_care,opex_sales,118941.86
forecast,12,iberia,home_care,opex_gna,70590.8
forecast,12,iberia,home_care,opex_rnd,20389.56
forecast,12,iberia,home_care,d_and_a,48767.57
forecast,12,iberia,personal_care,revenue,1146661.97
forecast,12,iberia,personal_care,cogs_materials,352965.71
forecast,12,iberia,personal_care,cogs_production,136631.89
forecast,12,iberia,personal_care,cogs_logistics,79701.94
forecast,12,iberia,personal_care,opex_marketing,84942.52
forecast,12,iberia,personal_care,opex_sales,103787.88
forecast,12,iberia,personal_care,opex_gna,47497.27
forecast,12,iberia,personal_care,opex_rnd,13749.88
forecast,12,iberia,personal_care,d_and_a,33283.13
forecast,12,dach,beverages,revenue,2577269.7
forecast,12,dach,beverages,cogs_materials,972763.05
forecast,12,dach,beverages,cogs_production,376553.44
forecast,12,dach,beverages,cogs_logistics,219656.17
forecast,12,dach,beverages,opex_marketing,256149.14
forecast,12,dach,beverages,opex_sales,231412.12
forecast,12,dach,beverages,opex_gna,153144.13
forecast,12,dach,beverages,opex_rnd,43634.61
forecast,12,dach,beverages,d_and_a,105079.61
forecast,12,dach,snacks,revenue,2927150.12
forecast,12,dach,snacks,cogs_materials,1039222.4
forecast,12,dach,snacks,cogs_production,402279.64
forecast,12,dach,snacks,cogs_logistics,234663.12
forecast,12,dach,snacks,opex_marketing,237998.6
forecast,12,dach,snacks,opex_sales,262196.56
forecast,12,dach,snacks,opex_gna,129332.24
forecast,12,dach,snacks,opex_rnd,37108.61
forecast,12,dach,snacks,d_and_a,89954.15
forecast,12,dach,dairy,revenue,1747765.34
forecast,12,dach,dairy,cogs_materials,763473.13
forecast,12,dach,dairy,cogs_production,295537.98
forecast,12,dach,dairy,cogs_logistics,172397.16
forecast,12,dach,dairy,opex_marketing,158271.82
forecast,12,dach,dairy,opex_sales,159985.81
forecast,12,dach,dairy,opex_gna,82080.76
forecast,12,dach,dairy,opex_rnd,23516.07
forecast,12,dach,dairy,d_and_a,57354.51
forecast,12,dach,home_care,revenue,1915918.83
forecast,12,dach,home_care,cogs_materials,726093.7
forecast,12,dach,home_care,cogs_production,281068.53
forecast,12,dach,home_care,cogs_logistics,163956.64
forecast,12,dach,home_care,opex_marketing,189976.51
forecast,12,dach,home_care,opex_sales,173197.8
forecast,12,dach,home_care,opex_gna,100890.39
forecast,12,dach,home_care,opex_rnd,28930.49
forecast,12,dach,home_care,d_and_a,70149.53
forecast,12,dach,personal_care,revenue,1782031.56
forecast,12,dach,personal_care,cogs_materials,547431.74
forecast,12,dach,personal_care,cogs_production,211909.06
forecast,12,dach,personal_care,cogs_logistics,123613.62
forecast,12,dach,personal_care,opex_marketing,130916.05
forecast,12,dach,personal_care,opex_sales,160314.31
forecast,12,dach,personal_care,opex_gna,73689.38
forecast,12,dach,personal_care,opex_rnd,21163.13
forecast,12,dach,personal_care,d_and_a,51247.29
forecast,12,nordics,beverages,revenue,1381581.71
forecast,12,nordics,beverages,cogs_materials,511996.07
forecast,12,nordics,beverages,cogs_production,198192.03
forecast,12,nordics,beverages,cogs_logistics,115612.01
forecast,12,nordics,beverages,opex_marketing,136211.72
forecast,12,nordics,beverages,opex_sales,122856.74
forecast,12,nordics,beverages,opex_gna,81593.99
forecast,12,nordics,beverages,opex_rnd,23368.5
forecast,12,nordics,beverages,d_and_a,56886.08
forecast,12,nordics,snacks,revenue,2288236.06
forecast,12,nordics,snacks,cogs_materials,818168.26
forecast,12,nordics,snacks,cogs_production,316710.29
forecast,12,nordics,snacks,cogs_logistics,184747.67
forecast,12,nordics,snacks,opex_marketing,182639.72
forecast,12,nordics,snacks,opex_sales,204504.07
forecast,12,nordics,snacks,opex_gna,102432.9
forecast,12,nordics,snacks,opex_rnd,29770.61
forecast,12,nordics,snacks,d_and_a,70613.29
forecast,12,nordics,dairy,revenue,1541660.19
forecast,12,nordics,dairy,cogs_materials,673992.0
forecast,12,nordics,dairy,cogs_production,260900.13
forecast,12,nordics,dairy,cogs_logistics,152191.74
forecast,12,nordics,dairy,opex_marketing,143215.13
forecast,12,nordics,dairy,opex_sales,135276.67
forecast,12,nordics,dairy,opex_gna,73297.8
forecast,12,nordics,dairy,opex_rnd,20855.84
forecast,12,nordics,dairy,d_and_a,51197.23
forecast,12,nordics,home_care,revenue,1048704.88
forecast,12,nordics,home_care,cogs_materials,395417.71
forecast,12,nordics,home_care,cogs_production,153064.92
forecast,12,nordics,home_care,cogs_logistics,89287.87
forecast,12,nordics,home_care,opex_marketing,102690.07
forecast,12,nordics,home_care,opex_sales,94364.93
forecast,12,nordics,home_care,opex_gna,55032.79
forecast,12,nordics,home_care,opex_rnd,15825.02
forecast,12,nordics,home_care,d_and_a,38744.86
forecast,12,nordics,personal_care,revenue,1054770.68
forecast,12,nordics,personal_care,cogs_materials,322763.78
forecast,12,nordics,personal_care,cogs_production,124940.82
forecast,12,nordics,personal_care,cogs_logistics,72882.14
forecast,12,nordics,personal_care,opex_marketing,78702.16
forecast,12,nordics,personal_care,opex_sales,96649.63
forecast,12,nordics,personal_care,opex_gna,44265.8
forecast,12,nordics,personal_care,opex_rnd,12435.65
forecast,12,nordics,personal_care,d_and_a,30502.42
